=== pull phi4 @ 17:13:15 ===
[?2026h[?25l[1Gpulling manifest ⠋ [K[?25h[?2026l[?2026h[?25l[1Gpulling manifest ⠙ [K[?25h[?2026l[?2026h[?25l[1Gpulling manifest ⠹ [K[?25h[?2026l[?2026h[?25l[1Gpulling manifest ⠸ [K[?25h[?2026l[?2026h[?25l[1Gpulling manifest ⠼ [K[?25h[?2026l[?2026h[?25l[1Gpulling manifest ⠴ [K[?25h[?2026l[?2026h[?25l[1Gpulling manifest ⠦ [K[?25h[?2026l[?2026h[?25l[1Gpulling manifest ⠧ [K[?25h[?2026l[?2026h[?25l[1Gpulling manifest ⠇ [K[?25h[?2026l[?2026h[?25l[1Gpulling manifest ⠏ [K[?25h[?2026l[?2026h[?25l[1Gpulling manifest [K
pulling fd7b6731c33c:   0% ▕                  ▏ 1.2 MB/9.1 GB                  [K[?25h[?2026l[?2026h[?25l[A[1Gpulling manifest [K
pulling fd7b6731c33c:   0% ▕                  ▏ 7.7 MB/9.1 GB                  [K[?25h[?2026l[?2026h[?25l[A[1Gpulling manifest [K
pulling fd7b6731c33c:   0% ▕                  ▏  25 MB/9.1 GB                  [K[?25h[?2026l[?2026h[?25l[A[1Gpulling manifest [K
pulling fd7b6731c33c:   0% ▕                  ▏  44 MB/9.1 GB                  [K[?25h[?2026l[?2026h[?25l[A[1Gpulling manifest [K
pulling fd7b6731c33c:   1% ▕                  ▏  54 MB/9.1 GB                  [K[?25h[?2026l[?2026h[?25l[A[1Gpulling manifest [K
pulling fd7b6731c33c:   1% ▕                  ▏  73 MB/9.1 GB                  [K[?25h[?2026l[?2026h[?25l[A[1Gpulling manifest [K
pulling fd7b6731c33c:   1% ▕                  ▏  82 MB/9.1 GB                  [K[?25h[?2026l[?2026h[?25l[A[1Gpulling manifest [K
pulling fd7b6731c33c:   1% ▕                  ▏  85 MB/9.1 GB                  [K[?25h[?2026l[?2026h[?25l[A[1Gpulling manifest [K
pulling fd7b6731c33c:   1% ▕                  ▏ 108 MB/9.1 GB                  [K[?25h[?2026l[?2026h[?25l[A[1Gpulling manifest [K
pulling fd7b6731c33c:   1% ▕                  ▏ 123 MB/9.1 GB                  [K[?25h[?2026l[?2026h[?25l[A[1Gpulling manifest [K
pulling fd7b6731c33c:   1% ▕                  ▏ 130 MB/9.1 GB                  [K[?25h[?2026l[?2026h[?25l[A[1Gpulling manifest [K
pulling fd7b6731c33c:   2% ▕                  ▏ 155 MB/9.1 GB  152 MB/s     58s[K[?25h[?2026l[?2026h[?25l[A[1Gpulling manifest [K
pulling fd7b6731c33c:   2% ▕                  ▏ 163 MB/9.1 GB  152 MB/s     58s[K[?25h[?2026l[?2026h[?25l[A[1Gpulling manifest [K
pulling fd7b6731c33c:   2% ▕                  ▏ 183 MB/9.1 GB  152 MB/s     58s[K[?25h[?2026l[?2026h[?25l[A[1Gpulling manifest [K
pulling fd7b6731c33c:   2% ▕                  ▏ 198 MB/9.1 GB  152 MB/s     58s[K[?25h[?2026l[?2026h[?25l[A[1Gpulling manifest [K
pulling fd7b6731c33c:   2% ▕                  ▏ 220 MB/9.1 GB  152 MB/s     58s[K[?25h[?2026l[?2026h[?25l[A[1Gpulling manifest [K
pulling fd7b6731c33c:   2% ▕                  ▏ 223 MB/9.1 GB  152 MB/s     58s[K[?25h[?2026l[?2026h[?25l[A[1Gpulling manifest [K
pulling fd7b6731c33c:   3% ▕                  ▏ 243 MB/9.1 GB  152 MB/s     57s[K[?25h[?2026l[?2026h[?25l[A[1Gpulling manifest [K
pulling fd7b6731c33c:   3% ▕                  ▏ 248 MB/9.1 GB  152 MB/s     57s[K[?25h[?2026l[?2026h[?25l[A[1Gpulling manifest [K
pulling fd7b6731c33c:   3% ▕                  ▏ 264 MB/9.1 GB  152 MB/s     57s[K[?25h[?2026l[?2026h[?25l[A[1Gpulling manifest [K
pulling fd7b6731c33c:   3% ▕                  ▏ 285 MB/9.1 GB  152 MB/s     57s[K[?25h[?2026l[?2026h[?25l[A[1Gpulling manifest [K
pulling fd7b6731c33c:   3% ▕                  ▏ 292 MB/9.1 GB  144 MB/s    1m0s[K[?25h[?2026l[?2026h[?25l[A[1Gpulling manifest [K
pulling fd7b6731c33c:   3% ▕                  ▏ 311 MB/9.1 GB  144 MB/s    1m0s[K[?25h[?2026l[?2026h[?25l[A[1Gpulling manifest [K
pulling fd7b6731c33c:   4% ▕                  ▏ 319 MB/9.1 GB  144 MB/s    1m0s[K[?25h[?2026l[?2026h[?25l[A[1Gpulling manifest [K
pulling fd7b6731c33c:   4% ▕                  ▏ 335 MB/9.1 GB  144 MB/s    1m0s[K[?25h[?2026l[?2026h[?25l[A[1Gpulling manifest [K
pulling fd7b6731c33c:   4% ▕                  ▏ 353 MB/9.1 GB  144 MB/s    1m0s[K[?25h[?2026l[?2026h[?25l[A[1Gpulling manifest [K
pulling fd7b6731c33c:   4% ▕                  ▏ 367 MB/9.1 GB  144 MB/s     59s[K[?25h[?2026l[?2026h[?25l[A[1Gpulling manifest [K
pulling fd7b6731c33c:   4% ▕                  ▏ 367 MB/9.1 GB  144 MB/s     59s[K[?25h[?2026l[?2026h[?25l[A[1Gpulling manifest [K
pulling fd7b6731c33c:   4% ▕                  ▏ 379 MB/9.1 GB  144 MB/s     59s[K[?25h[?2026l[?2026h[?25l[A[1Gpulling manifest [K
pulling fd7b6731c33c:   4% ▕                  ▏ 407 MB/9.1 GB  144 MB/s     59s[K[?25h[?2026l[?2026h[?25l[A[1Gpulling manifest [K
pulling fd7b6731c33c:   5% ▕                  ▏ 418 MB/9.1 GB  144 MB/s     59s[K[?25h[?2026l[?2026h[?25l[A[1Gpulling manifest [K
pulling fd7b6731c33c:   5% ▕                  ▏ 419 MB/9.1 GB  139 MB/s    1m1s[K[?25h[?2026l[?2026h[?25l[A[1Gpulling manifest [K
pulling fd7b6731c33c:   5% ▕                  ▏ 444 MB/9.1 GB  139 MB/s    1m1s[K[?25h[?2026l[?2026h[?25l[A[1Gpulling manifest [K
pulling fd7b6731c33c:   5% ▕                  ▏ 461 MB/9.1 GB  139 MB/s    1m1s[K[?25h[?2026l[?2026h[?25l[A[1Gpulling manifest [K
pulling fd7b6731c33c:   5% ▕                  ▏ 464 MB/9.1 GB  139 MB/s    1m1s[K[?25h[?2026l[?2026h[?25l[A[1Gpulling manifest [K
pulling fd7b6731c33c:   5% ▕                  ▏ 486 MB/9.1 GB  139 MB/s    1m1s[K[?25h[?2026l[?2026h[?25l[A[1Gpulling manifest [K
pulling fd7b6731c33c:   6% ▕                  ▏ 502 MB/9.1 GB  139 MB/s    1m1s[K[?25h[?2026l[?2026h[?25l[A[1Gpulling manifest [K
pulling fd7b6731c33c:   6% ▕█                 ▏ 516 MB/9.1 GB  139 MB/s    1m1s[K[?25h[?2026l[?2026h[?25l[A[1Gpulling manifest [K
pulling fd7b6731c33c:   6% ▕█                 ▏ 526 MB/9.1 GB  139 MB/s    1m1s[K[?25h[?2026l[?2026h[?25l[A[1Gpulling manifest [K
pulling fd7b6731c33c:   6% ▕█                 ▏ 541 MB/9.1 GB  139 MB/s    1m1s[K[?25h[?2026l[?2026h[?25l[A[1Gpulling manifest [K
pulling fd7b6731c33c:   6% ▕█                 ▏ 545 MB/9.1 GB  139 MB/s    1m1s[K[?25h[?2026l[?2026h[?25l[A[1Gpulling manifest [K
pulling fd7b6731c33c:   6% ▕█                 ▏ 573 MB/9.1 GB  143 MB/s     59s[K[?25h[?2026l[?2026h[?25l[A[1Gpulling manifest [K
pulling fd7b6731c33c:   6% ▕█                 ▏ 579 MB/9.1 GB  143 MB/s     59s[K[?25h[?2026l[?2026h[?25l[A[1Gpulling manifest [K
pulling fd7b6731c33c:   7% ▕█                 ▏ 590 MB/9.1 GB  143 MB/s     59s[K[?25h[?2026l[?2026h[?25l[A[1Gpulling manifest [K
pulling fd7b6731c33c:   7% ▕█                 ▏ 613 MB/9.1 GB  143 MB/s     58s[K[?25h[?2026l[?2026h[?25l[A[1Gpulling manifest [K
pulling fd7b6731c33c:   7% ▕█                 ▏ 613 MB/9.1 GB  143 MB/s     58s[K[?25h[?2026l[?2026h[?25l[A[1Gpulling manifest [K
pulling fd7b6731c33c:   7% ▕█                 ▏ 623 MB/9.1 GB  143 MB/s     58s[K[?25h[?2026l[?2026h[?25l[A[1Gpulling manifest [K
pulling fd7b6731c33c:   7% ▕█                 ▏ 640 MB/9.1 GB  143 MB/s     58s[K[?25h[?2026l[?2026h[?25l[A[1Gpulling manifest [K
pulling fd7b6731c33c:   7% ▕█                 ▏ 644 MB/9.1 GB  143 MB/s     58s[K[?25h[?2026l[?2026h[?25l[A[1Gpulling manifest [K
pulling fd7b6731c33c:   7% ▕█                 ▏ 663 MB/9.1 GB  143 MB/s     58s[K[?25h[?2026l[?2026h[?25l[A[1Gpulling manifest [K
pulling fd7b6731c33c:   8% ▕█                 ▏ 679 MB/9.1 GB  143 MB/s     58s[K[?25h[?2026l[?2026h[?25l[A[1Gpulling manifest [K
pulling fd7b6731c33c:   8% ▕█                 ▏ 685 MB/9.1 GB  143 MB/s     58s[K[?25h[?2026l[?2026h[?25l[A[1Gpulling manifest [K
pulling fd7b6731c33c:   8% ▕█                 ▏ 696 MB/9.1 GB  137 MB/s    1m0s[K[?25h[?2026l[?2026h[?25l[A[1Gpulling manifest [K
pulling fd7b6731c33c:   8% ▕█                 ▏ 714 MB/9.1 GB  137 MB/s    1m0s[K[?25h[?2026l[?2026h[?25l[A[1Gpulling manifest [K
pulling fd7b6731c33c:   8% ▕█                 ▏ 738 MB/9.1 GB  137 MB/s    1m0s[K[?25h[?2026l[?2026h[?25l[A[1Gpulling manifest [K
pulling fd7b6731c33c:   8% ▕█                 ▏ 742 MB/9.1 GB  137 MB/s    1m0s[K[?25h[?2026l[?2026h[?25l[A[1Gpulling manifest [K
pulling fd7b6731c33c:   8% ▕█                 ▏ 757 MB/9.1 GB  137 MB/s    1m0s[K[?25h[?2026l[?2026h[?25l[A[1Gpulling manifest [K
pulling fd7b6731c33c:   8% ▕█                 ▏ 762 MB/9.1 GB  137 MB/s    1m0s[K[?25h[?2026l[?2026h[?25l[A[1Gpulling manifest [K
pulling fd7b6731c33c:   8% ▕█                 ▏ 767 MB/9.1 GB  137 MB/s    1m0s[K[?25h[?2026l[?2026h[?25l[A[1Gpulling manifest [K
pulling fd7b6731c33c:   9% ▕█                 ▏ 803 MB/9.1 GB  137 MB/s     59s[K[?25h[?2026l[?2026h[?25l[A[1Gpulling manifest [K
pulling fd7b6731c33c:   9% ▕█                 ▏ 811 MB/9.1 GB  137 MB/s     59s[K[?25h[?2026l[?2026h[?25l[A[1Gpulling manifest [K
pulling fd7b6731c33c:   9% ▕█                 ▏ 827 MB/9.1 GB  137 MB/s     59s[K[?25h[?2026l[?2026h[?25l[A[1Gpulling manifest [K
pulling fd7b6731c33c:   9% ▕█                 ▏ 839 MB/9.1 GB  138 MB/s     59s[K[?25h[?2026l[?2026h[?25l[A[1Gpulling manifest [K
pulling fd7b6731c33c:  10% ▕█                 ▏ 860 MB/9.1 GB  138 MB/s     59s[K[?25h[?2026l[?2026h[?25l[A[1Gpulling manifest [K
pulling fd7b6731c33c:  10% ▕█                 ▏ 868 MB/9.1 GB  138 MB/s     59s[K[?25h[?2026l[?2026h[?25l[A[1Gpulling manifest [K
pulling fd7b6731c33c:  10% ▕█                 ▏ 881 MB/9.1 GB  138 MB/s     59s[K[?25h[?2026l[?2026h[?25l[A[1Gpulling manifest [K
pulling fd7b6731c33c:  10% ▕█                 ▏ 896 MB/9.1 GB  138 MB/s     58s[K[?25h[?2026l[?2026h[?25l[A[1Gpulling manifest [K
pulling fd7b6731c33c:  10% ▕█                 ▏ 915 MB/9.1 GB  138 MB/s     58s[K[?25h[?2026l[?2026h[?25l[A[1Gpulling manifest [K
pulling fd7b6731c33c:  10% ▕█                 ▏ 934 MB/9.1 GB  138 MB/s     58s[K[?25h[?2026l[?2026h[?25l[A[1Gpulling manifest [K
pulling fd7b6731c33c:  10% ▕█                 ▏ 943 MB/9.1 GB  138 MB/s     58s[K[?25h[?2026l[?2026h[?25l[A[1Gpulling manifest [K
pulling fd7b6731c33c:  10% ▕█                 ▏ 947 MB/9.1 GB  138 MB/s     58s[K[?25h[?2026l[?2026h[?25l[A[1Gpulling manifest [K
pulling fd7b6731c33c:  11% ▕█                 ▏ 960 MB/9.1 GB  138 MB/s     58s[K[?25h[?2026l[?2026h[?25l[A[1Gpulling manifest [K
pulling fd7b6731c33c:  11% ▕█                 ▏ 971 MB/9.1 GB  138 MB/s     58s[K[?25h[?2026l[?2026h[?25l[A[1Gpulling manifest [K
pulling fd7b6731c33c:  11% ▕█                 ▏ 985 MB/9.1 GB  138 MB/s     58s[K[?25h[?2026l[?2026h[?25l[A[1Gpulling manifest [K
pulling fd7b6731c33c:  11% ▕██                ▏ 1.0 GB/9.1 GB  138 MB/s     58s[K[?25h[?2026l[?2026h[?25l[A[1Gpulling manifest [K
pulling fd7b6731c33c:  11% ▕██                ▏ 1.0 GB/9.1 GB  138 MB/s     57s[K[?25h[?2026l[?2026h[?25l[A[1Gpulling manifest [K
pulling fd7b6731c33c:  11% ▕██                ▏ 1.0 GB/9.1 GB  138 MB/s     57s[K[?25h[?2026l[?2026h[?25l[A[1Gpulling manifest [K
pulling fd7b6731c33c:  12% ▕██                ▏ 1.0 GB/9.1 GB  138 MB/s     57s[K[?25h[?2026l[?2026h[?25l[A[1Gpulling manifest [K
pulling fd7b6731c33c:  12% ▕██                ▏ 1.1 GB/9.1 GB  138 MB/s     57s[K[?25h[?2026l[?2026h[?25l[A[1Gpulling manifest [K
pulling fd7b6731c33c:  12% ▕██                ▏ 1.1 GB/9.1 GB  138 MB/s     57s[K[?25h[?2026l[?2026h[?25l[A[1Gpulling manifest [K
pulling fd7b6731c33c:  12% ▕██                ▏ 1.1 GB/9.1 GB  138 MB/s     57s[K[?25h[?2026l[?2026h[?25l[A[1Gpulling manifest [K
pulling fd7b6731c33c:  12% ▕██                ▏ 1.1 GB/9.1 GB  138 MB/s     57s[K[?25h[?2026l[?2026h[?25l[A[1Gpulling manifest [K
pulling fd7b6731c33c:  12% ▕██                ▏ 1.1 GB/9.1 GB  140 MB/s     56s[K[?25h[?2026l[?2026h[?25l[A[1Gpulling manifest [K
pulling fd7b6731c33c:  12% ▕██                ▏ 1.1 GB/9.1 GB  140 MB/s     56s[K[?25h[?2026l[?2026h[?25l[A[1Gpulling manifest [K
pulling fd7b6731c33c:  13% ▕██                ▏ 1.2 GB/9.1 GB  140 MB/s     56s[K[?25h[?2026l[?2026h[?25l[A[1Gpulling manifest [K
pulling fd7b6731c33c:  13% ▕██                ▏ 1.2 GB/9.1 GB  140 MB/s     56s[K[?25h[?2026l[?2026h[?25l[A[1Gpulling manifest [K
pulling fd7b6731c33c:  13% ▕██                ▏ 1.2 GB/9.1 GB  140 MB/s     56s[K[?25h[?2026l[?2026h[?25l[A[1Gpulling manifest [K
pulling fd7b6731c33c:  13% ▕██                ▏ 1.2 GB/9.1 GB  140 MB/s     56s[K[?25h[?2026l[?2026h[?25l[A[1Gpulling manifest [K
pulling fd7b6731c33c:  13% ▕██                ▏ 1.2 GB/9.1 GB  140 MB/s     56s[K[?25h[?2026l[?2026h[?25l[A[1Gpulling manifest [K
pulling fd7b6731c33c:  14% ▕██                ▏ 1.2 GB/9.1 GB  140 MB/s     55s[K[?25h[?2026l[?2026h[?25l[A[1Gpulling manifest [K
pulling fd7b6731c33c:  14% ▕██                ▏ 1.2 GB/9.1 GB  140 MB/s     55s[K[?25h[?2026l[?2026h[?25l[A[1Gpulling manifest [K
pulling fd7b6731c33c:  14% ▕██                ▏ 1.2 GB/9.1 GB  140 MB/s     55s[K[?25h[?2026l[?2026h[?25l[A[1Gpulling manifest [K
pulling fd7b6731c33c:  14% ▕██                ▏ 1.3 GB/9.1 GB  139 MB/s     55s[K[?25h[?2026l[?2026h[?25l[A[1Gpulling manifest [K
pulling fd7b6731c33c:  14% ▕██                ▏ 1.3 GB/9.1 GB  139 MB/s     55s[K[?25h[?2026l[?2026h[?25l[A[1Gpulling manifest [K
pulling fd7b6731c33c:  14% ▕██                ▏ 1.3 GB/9.1 GB  139 MB/s     55s[K[?25h[?2026l[?2026h[?25l[A[1Gpulling manifest [K
pulling fd7b6731c33c:  14% ▕██                ▏ 1.3 GB/9.1 GB  139 MB/s     55s[K[?25h[?2026l[?2026h[?25l[A[1Gpulling manifest [K
pulling fd7b6731c33c:  15% ▕██                ▏ 1.3 GB/9.1 GB  139 MB/s     55s[K[?25h[?2026l[?2026h[?25l[A[1Gpulling manifest [K
pulling fd7b6731c33c:  15% ▕██                ▏ 1.3 GB/9.1 GB  139 MB/s     55s[K[?25h[?2026l[?2026h[?25l[A[1Gpulling manifest [K
pulling fd7b6731c33c:  15% ▕██                ▏ 1.3 GB/9.1 GB  139 MB/s     55s[K[?25h[?2026l[?2026h[?25l[A[1Gpulling manifest [K
pulling fd7b6731c33c:  15% ▕██                ▏ 1.3 GB/9.1 GB  139 MB/s     55s[K[?25h[?2026l[?2026h[?25l[A[1Gpulling manifest [K
pulling fd7b6731c33c:  15% ▕██                ▏ 1.3 GB/9.1 GB  139 MB/s     55s[K[?25h[?2026l[?2026h[?25l[A[1Gpulling manifest [K
pulling fd7b6731c33c:  15% ▕██                ▏ 1.4 GB/9.1 GB  139 MB/s     55s[K[?25h[?2026l[?2026h[?25l[A[1Gpulling manifest [K
pulling fd7b6731c33c:  15% ▕██                ▏ 1.4 GB/9.1 GB  139 MB/s     55s[K[?25h[?2026l[?2026h[?25l[A[1Gpulling manifest [K
pulling fd7b6731c33c:  15% ▕██                ▏ 1.4 GB/9.1 GB  134 MB/s     57s[K[?25h[?2026l[?2026h[?25l[A[1Gpulling manifest [K
pulling fd7b6731c33c:  15% ▕██                ▏ 1.4 GB/9.1 GB  134 MB/s     56s[K[?25h[?2026l[?2026h[?25l[A[1Gpulling manifest [K
pulling fd7b6731c33c:  16% ▕██                ▏ 1.4 GB/9.1 GB  134 MB/s     56s[K[?25h[?2026l[?2026h[?25l[A[1Gpulling manifest [K
pulling fd7b6731c33c:  16% ▕██                ▏ 1.4 GB/9.1 GB  134 MB/s     56s[K[?25h[?2026l[?2026h[?25l[A[1Gpulling manifest [K
pulling fd7b6731c33c:  16% ▕██                ▏ 1.4 GB/9.1 GB  134 MB/s     56s[K[?25h[?2026l[?2026h[?25l[A[1Gpulling manifest [K
pulling fd7b6731c33c:  16% ▕██                ▏ 1.4 GB/9.1 GB  134 MB/s     56s[K[?25h[?2026l[?2026h[?25l[A[1Gpulling manifest [K
pulling fd7b6731c33c:  16% ▕██                ▏ 1.4 GB/9.1 GB  134 MB/s     56s[K[?25h[?2026l[?2026h[?25l[A[1Gpulling manifest [K
pulling fd7b6731c33c:  16% ▕██                ▏ 1.5 GB/9.1 GB  134 MB/s     56s[K[?25h[?2026l[?2026h[?25l[A[1Gpulling manifest [K
pulling fd7b6731c33c:  16% ▕██                ▏ 1.5 GB/9.1 GB  134 MB/s     56s[K[?25h[?2026l[?2026h[?25l[A[1Gpulling manifest [K
pulling fd7b6731c33c:  16% ▕██                ▏ 1.5 GB/9.1 GB  134 MB/s     56s[K[?25h[?2026l[?2026h[?25l[A[1Gpulling manifest [K
pulling fd7b6731c33c:  16% ▕██                ▏ 1.5 GB/9.1 GB  132 MB/s     56s[K[?25h[?2026l[?2026h[?25l[A[1Gpulling manifest [K
pulling fd7b6731c33c:  17% ▕██                ▏ 1.5 GB/9.1 GB  132 MB/s     56s[K[?25h[?2026l[?2026h[?25l[A[1Gpulling manifest [K
pulling fd7b6731c33c:  17% ▕███               ▏ 1.5 GB/9.1 GB  132 MB/s     56s[K[?25h[?2026l[?2026h[?25l[A[1Gpulling manifest [K
pulling fd7b6731c33c:  17% ▕███               ▏ 1.5 GB/9.1 GB  132 MB/s     56s[K[?25h[?2026l[?2026h[?25l[A[1Gpulling manifest [K
pulling fd7b6731c33c:  17% ▕███               ▏ 1.5 GB/9.1 GB  132 MB/s     56s[K[?25h[?2026l[?2026h[?25l[A[1Gpulling manifest [K
pulling fd7b6731c33c:  17% ▕███               ▏ 1.5 GB/9.1 GB  132 MB/s     56s[K[?25h[?2026l[?2026h[?25l[A[1Gpulling manifest [K
pulling fd7b6731c33c:  17% ▕███               ▏ 1.6 GB/9.1 GB  132 MB/s     56s[K[?25h[?2026l[?2026h[?25l[A[1Gpulling manifest [K
pulling fd7b6731c33c:  17% ▕███               ▏ 1.6 GB/9.1 GB  132 MB/s     56s[K[?25h[?2026l[?2026h[?25l[A[1Gpulling manifest [K
pulling fd7b6731c33c:  18% ▕███               ▏ 1.6 GB/9.1 GB  132 MB/s     56s[K[?25h[?2026l[?2026h[?25l[A[1Gpulling manifest [K
pulling fd7b6731c33c:  18% ▕███               ▏ 1.6 GB/9.1 GB  132 MB/s     56s[K[?25h[?2026l[?2026h[?25l[A[1Gpulling manifest [K
pulling fd7b6731c33c:  18% ▕███               ▏ 1.6 GB/9.1 GB  132 MB/s     56s[K[?25h[?2026l[?2026h[?25l[A[1Gpulling manifest [K
pulling fd7b6731c33c:  18% ▕███               ▏ 1.6 GB/9.1 GB  132 MB/s     56s[K[?25h[?2026l[?2026h[?25l[A[1Gpulling manifest [K
pulling fd7b6731c33c:  18% ▕███               ▏ 1.6 GB/9.1 GB  132 MB/s     56s[K[?25h[?2026l[?2026h[?25l[A[1Gpulling manifest [K
pulling fd7b6731c33c:  18% ▕███               ▏ 1.6 GB/9.1 GB  132 MB/s     56s[K[?25h[?2026l[?2026h[?25l[A[1Gpulling manifest [K
pulling fd7b6731c33c:  18% ▕███               ▏ 1.7 GB/9.1 GB  132 MB/s     56s[K[?25h[?2026l[?2026h[?25l[A[1Gpulling manifest [K
pulling fd7b6731c33c:  18% ▕███               ▏ 1.7 GB/9.1 GB  132 MB/s     55s[K[?25h[?2026l[?2026h[?25l[A[1Gpulling manifest [K
pulling fd7b6731c33c:  19% ▕███               ▏ 1.7 GB/9.1 GB  132 MB/s     55s[K[?25h[?2026l[?2026h[?25l[A[1Gpulling manifest [K
pulling fd7b6731c33c:  19% ▕███               ▏ 1.7 GB/9.1 GB  132 MB/s     55s[K[?25h[?2026l[?2026h[?25l[A[1Gpulling manifest [K
pulling fd7b6731c33c:  19% ▕███               ▏ 1.7 GB/9.1 GB  132 MB/s     55s[K[?25h[?2026l[?2026h[?25l[A[1Gpulling manifest [K
pulling fd7b6731c33c:  19% ▕███               ▏ 1.7 GB/9.1 GB  132 MB/s     55s[K[?25h[?2026l[?2026h[?25l[A[1Gpulling manifest [K
pulling fd7b6731c33c:  19% ▕███               ▏ 1.7 GB/9.1 GB  128 MB/s     57s[K[?25h[?2026l[?2026h[?25l[A[1Gpulling manifest [K
pulling fd7b6731c33c:  19% ▕███               ▏ 1.7 GB/9.1 GB  128 MB/s     56s[K[?25h[?2026l[?2026h[?25l[A[1Gpulling manifest [K
pulling fd7b6731c33c:  19% ▕███               ▏ 1.8 GB/9.1 GB  128 MB/s     56s[K[?25h[?2026l[?2026h[?25l[A[1Gpulling manifest [K
pulling fd7b6731c33c:  19% ▕███               ▏ 1.8 GB/9.1 GB  128 MB/s     56s[K[?25h[?2026l[?2026h[?25l[A[1Gpulling manifest [K
pulling fd7b6731c33c:  20% ▕███               ▏ 1.8 GB/9.1 GB  128 MB/s     56s[K[?25h[?2026l[?2026h[?25l[A[1Gpulling manifest [K
pulling fd7b6731c33c:  20% ▕███               ▏ 1.8 GB/9.1 GB  128 MB/s     56s[K[?25h[?2026l[?2026h[?25l[A[1Gpulling manifest [K
pulling fd7b6731c33c:  20% ▕███               ▏ 1.8 GB/9.1 GB  128 MB/s     56s[K[?25h[?2026l[?2026h[?25l[A[1Gpulling manifest [K
pulling fd7b6731c33c:  20% ▕███               ▏ 1.8 GB/9.1 GB  128 MB/s     56s[K[?25h[?2026l[?2026h[?25l[A[1Gpulling manifest [K
pulling fd7b6731c33c:  20% ▕███               ▏ 1.8 GB/9.1 GB  128 MB/s     56s[K[?25h[?2026l[?2026h[?25l[A[1Gpulling manifest [K
pulling fd7b6731c33c:  20% ▕███               ▏ 1.8 GB/9.1 GB  128 MB/s     56s[K[?25h[?2026l[?2026h[?25l[A[1Gpulling manifest [K
pulling fd7b6731c33c:  20% ▕███               ▏ 1.8 GB/9.1 GB  127 MB/s     56s[K[?25h[?2026l[?2026h[?25l[A[1Gpulling manifest [K
pulling fd7b6731c33c:  20% ▕███               ▏ 1.8 GB/9.1 GB  127 MB/s     56s[K[?25h[?2026l[?2026h[?25l[A[1Gpulling manifest [K
pulling fd7b6731c33c:  20% ▕███               ▏ 1.8 GB/9.1 GB  127 MB/s     56s[K[?25h[?2026l[?2026h[?25l[A[1Gpulling manifest [K
pulling fd7b6731c33c:  21% ▕███               ▏ 1.9 GB/9.1 GB  127 MB/s     56s[K[?25h[?2026l[?2026h[?25l[A[1Gpulling manifest [K
pulling fd7b6731c33c:  21% ▕███               ▏ 1.9 GB/9.1 GB  127 MB/s     56s[K[?25h[?2026l[?2026h[?25l[A[1Gpulling manifest [K
pulling fd7b6731c33c:  21% ▕███               ▏ 1.9 GB/9.1 GB  127 MB/s     56s[K[?25h[?2026l[?2026h[?25l[A[1Gpulling manifest [K
pulling fd7b6731c33c:  21% ▕███               ▏ 1.9 GB/9.1 GB  127 MB/s     56s[K[?25h[?2026l[?2026h[?25l[A[1Gpulling manifest [K
pulling fd7b6731c33c:  21% ▕███               ▏ 1.9 GB/9.1 GB  127 MB/s     56s[K[?25h[?2026l[?2026h[?25l[A[1Gpulling manifest [K
pulling fd7b6731c33c:  21% ▕███               ▏ 1.9 GB/9.1 GB  127 MB/s     56s[K[?25h[?2026l[?2026h[?25l[A[1Gpulling manifest [K
pulling fd7b6731c33c:  21% ▕███               ▏ 1.9 GB/9.1 GB  127 MB/s     56s[K[?25h[?2026l[?2026h[?25l[A[1Gpulling manifest [K
pulling fd7b6731c33c:  21% ▕███               ▏ 1.9 GB/9.1 GB  122 MB/s     58s[K[?25h[?2026l[?2026h[?25l[A[1Gpulling manifest [K
pulling fd7b6731c33c:  21% ▕███               ▏ 1.9 GB/9.1 GB  122 MB/s     58s[K[?25h[?2026l[?2026h[?25l[A[1Gpulling manifest [K
pulling fd7b6731c33c:  22% ▕███               ▏ 2.0 GB/9.1 GB  122 MB/s     57s[K[?25h[?2026l[?2026h[?25l[A[1Gpulling manifest [K
pulling fd7b6731c33c:  22% ▕███               ▏ 2.0 GB/9.1 GB  122 MB/s     57s[K[?25h[?2026l[?2026h[?25l[A[1Gpulling manifest [K
pulling fd7b6731c33c:  22% ▕███               ▏ 2.0 GB/9.1 GB  122 MB/s     57s[K[?25h[?2026l[?2026h[?25l[A[1Gpulling manifest [K
pulling fd7b6731c33c:  22% ▕███               ▏ 2.0 GB/9.1 GB  122 MB/s     57s[K[?25h[?2026l[?2026h[?25l[A[1Gpulling manifest [K
pulling fd7b6731c33c:  22% ▕███               ▏ 2.0 GB/9.1 GB  122 MB/s     57s[K[?25h[?2026l[?2026h[?25l[A[1Gpulling manifest [K
pulling fd7b6731c33c:  22% ▕███               ▏ 2.0 GB/9.1 GB  122 MB/s     57s[K[?25h[?2026l[?2026h[?25l[A[1Gpulling manifest [K
pulling fd7b6731c33c:  22% ▕████              ▏ 2.0 GB/9.1 GB  122 MB/s     57s[K[?25h[?2026l[?2026h[?25l[A[1Gpulling manifest [K
pulling fd7b6731c33c:  22% ▕████              ▏ 2.0 GB/9.1 GB  122 MB/s     57s[K[?25h[?2026l[?2026h[?25l[A[1Gpulling manifest [K
pulling fd7b6731c33c:  23% ▕████              ▏ 2.0 GB/9.1 GB  122 MB/s     57s[K[?25h[?2026l[?2026h[?25l[A[1Gpulling manifest [K
pulling fd7b6731c33c:  23% ▕████              ▏ 2.1 GB/9.1 GB  119 MB/s     58s[K[?25h[?2026l[?2026h[?25l[A[1Gpulling manifest [K
pulling fd7b6731c33c:  23% ▕████              ▏ 2.1 GB/9.1 GB  119 MB/s     58s[K[?25h[?2026l[?2026h[?25l[A[1Gpulling manifest [K
pulling fd7b6731c33c:  23% ▕████              ▏ 2.1 GB/9.1 GB  119 MB/s     58s[K[?25h[?2026l[?2026h[?25l[A[1Gpulling manifest [K
pulling fd7b6731c33c:  23% ▕████              ▏ 2.1 GB/9.1 GB  119 MB/s     58s[K[?25h[?2026l[?2026h[?25l[A[1Gpulling manifest [K
pulling fd7b6731c33c:  23% ▕████              ▏ 2.1 GB/9.1 GB  119 MB/s     58s[K[?25h[?2026l[?2026h[?25l[A[1Gpulling manifest [K
pulling fd7b6731c33c:  23% ▕████              ▏ 2.1 GB/9.1 GB  119 MB/s     58s[K[?25h[?2026l[?2026h[?25l[A[1Gpulling manifest [K
pulling fd7b6731c33c:  23% ▕████              ▏ 2.1 GB/9.1 GB  119 MB/s     58s[K[?25h[?2026l[?2026h[?25l[A[1Gpulling manifest [K
pulling fd7b6731c33c:  24% ▕████              ▏ 2.1 GB/9.1 GB  119 MB/s     57s[K[?25h[?2026l[?2026h[?25l[A[1Gpulling manifest [K
pulling fd7b6731c33c:  24% ▕████              ▏ 2.2 GB/9.1 GB  119 MB/s     57s[K[?25h[?2026l[?2026h[?25l[A[1Gpulling manifest [K
pulling fd7b6731c33c:  24% ▕████              ▏ 2.2 GB/9.1 GB  119 MB/s     57s[K[?25h[?2026l[?2026h[?25l[A[1Gpulling manifest [K
pulling fd7b6731c33c:  24% ▕████              ▏ 2.2 GB/9.1 GB  117 MB/s     58s[K[?25h[?2026l[?2026h[?25l[A[1Gpulling manifest [K
pulling fd7b6731c33c:  24% ▕████              ▏ 2.2 GB/9.1 GB  117 MB/s     58s[K[?25h[?2026l[?2026h[?25l[A[1Gpulling manifest [K
pulling fd7b6731c33c:  24% ▕████              ▏ 2.2 GB/9.1 GB  117 MB/s     58s[K[?25h[?2026l[?2026h[?25l[A[1Gpulling manifest [K
pulling fd7b6731c33c:  25% ▕████              ▏ 2.2 GB/9.1 GB  117 MB/s     58s[K[?25h[?2026l[?2026h[?25l[A[1Gpulling manifest [K
pulling fd7b6731c33c:  25% ▕████              ▏ 2.2 GB/9.1 GB  117 MB/s     58s[K[?25h[?2026l[?2026h[?25l[A[1Gpulling manifest [K
pulling fd7b6731c33c:  25% ▕████              ▏ 2.2 GB/9.1 GB  117 MB/s     57s[K[?25h[?2026l[?2026h[?25l[A[1Gpulling manifest [K
pulling fd7b6731c33c:  25% ▕████              ▏ 2.3 GB/9.1 GB  117 MB/s     57s[K[?25h[?2026l[?2026h[?25l[A[1Gpulling manifest [K
pulling fd7b6731c33c:  25% ▕████              ▏ 2.3 GB/9.1 GB  117 MB/s     57s[K[?25h[?2026l[?2026h[?25l[A[1Gpulling manifest [K
pulling fd7b6731c33c:  25% ▕████              ▏ 2.3 GB/9.1 GB  117 MB/s     57s[K[?25h[?2026l[?2026h[?25l[A[1Gpulling manifest [K
pulling fd7b6731c33c:  25% ▕████              ▏ 2.3 GB/9.1 GB  117 MB/s     57s[K[?25h[?2026l[?2026h[?25l[A[1Gpulling manifest [K
pulling fd7b6731c33c:  25% ▕████              ▏ 2.3 GB/9.1 GB  116 MB/s     58s[K[?25h[?2026l[?2026h[?25l[A[1Gpulling manifest [K
pulling fd7b6731c33c:  26% ▕████              ▏ 2.3 GB/9.1 GB  116 MB/s     57s[K[?25h[?2026l[?2026h[?25l[A[1Gpulling manifest [K
pulling fd7b6731c33c:  26% ▕████              ▏ 2.3 GB/9.1 GB  116 MB/s     57s[K[?25h[?2026l[?2026h[?25l[A[1Gpulling manifest [K
pulling fd7b6731c33c:  26% ▕████              ▏ 2.3 GB/9.1 GB  116 MB/s     57s[K[?25h[?2026l[?2026h[?25l[A[1Gpulling manifest [K
pulling fd7b6731c33c:  26% ▕████              ▏ 2.4 GB/9.1 GB  116 MB/s     57s[K[?25h[?2026l[?2026h[?25l[A[1Gpulling manifest [K
pulling fd7b6731c33c:  26% ▕████              ▏ 2.4 GB/9.1 GB  116 MB/s     57s[K[?25h[?2026l[?2026h[?25l[A[1Gpulling manifest [K
pulling fd7b6731c33c:  26% ▕████              ▏ 2.4 GB/9.1 GB  116 MB/s     57s[K[?25h[?2026l[?2026h[?25l[A[1Gpulling manifest [K
pulling fd7b6731c33c:  26% ▕████              ▏ 2.4 GB/9.1 GB  116 MB/s     57s[K[?25h[?2026l[?2026h[?25l[A[1Gpulling manifest [K
pulling fd7b6731c33c:  27% ▕████              ▏ 2.4 GB/9.1 GB  116 MB/s     57s[K[?25h[?2026l[?2026h[?25l[A[1Gpulling manifest [K
pulling fd7b6731c33c:  27% ▕████              ▏ 2.4 GB/9.1 GB  116 MB/s     57s[K[?25h[?2026l[?2026h[?25l[A[1Gpulling manifest [K
pulling fd7b6731c33c:  27% ▕████              ▏ 2.4 GB/9.1 GB  118 MB/s     56s[K[?25h[?2026l[?2026h[?25l[A[1Gpulling manifest [K
pulling fd7b6731c33c:  27% ▕████              ▏ 2.4 GB/9.1 GB  118 MB/s     55s[K[?25h[?2026l[?2026h[?25l[A[1Gpulling manifest [K
pulling fd7b6731c33c:  27% ▕████              ▏ 2.4 GB/9.1 GB  118 MB/s     55s[K[?25h[?2026l[?2026h[?25l[A[1Gpulling manifest [K
pulling fd7b6731c33c:  27% ▕████              ▏ 2.5 GB/9.1 GB  118 MB/s     55s[K[?25h[?2026l[?2026h[?25l[A[1Gpulling manifest [K
pulling fd7b6731c33c:  27% ▕████              ▏ 2.5 GB/9.1 GB  118 MB/s     55s[K[?25h[?2026l[?2026h[?25l[A[1Gpulling manifest [K
pulling fd7b6731c33c:  27% ▕████              ▏ 2.5 GB/9.1 GB  118 MB/s     55s[K[?25h[?2026l[?2026h[?25l[A[1Gpulling manifest [K
pulling fd7b6731c33c:  28% ▕████              ▏ 2.5 GB/9.1 GB  118 MB/s     55s[K[?25h[?2026l[?2026h[?25l[A[1Gpulling manifest [K
pulling fd7b6731c33c:  28% ▕████              ▏ 2.5 GB/9.1 GB  118 MB/s     55s[K[?25h[?2026l[?2026h[?25l[A[1Gpulling manifest [K
pulling fd7b6731c33c:  28% ▕█████             ▏ 2.5 GB/9.1 GB  118 MB/s     55s[K[?25h[?2026l[?2026h[?25l[A[1Gpulling manifest [K
pulling fd7b6731c33c:  28% ▕█████             ▏ 2.5 GB/9.1 GB  118 MB/s     55s[K[?25h[?2026l[?2026h[?25l[A[1Gpulling manifest [K
pulling fd7b6731c33c:  28% ▕█████             ▏ 2.6 GB/9.1 GB  118 MB/s     54s[K[?25h[?2026l[?2026h[?25l[A[1Gpulling manifest [K
pulling fd7b6731c33c:  28% ▕█████             ▏ 2.6 GB/9.1 GB  118 MB/s     54s[K[?25h[?2026l[?2026h[?25l[A[1Gpulling manifest [K
pulling fd7b6731c33c:  29% ▕█████             ▏ 2.6 GB/9.1 GB  118 MB/s     54s[K[?25h[?2026l[?2026h[?25l[A[1Gpulling manifest [K
pulling fd7b6731c33c:  29% ▕█████             ▏ 2.6 GB/9.1 GB  118 MB/s     54s[K[?25h[?2026l[?2026h[?25l[A[1Gpulling manifest [K
pulling fd7b6731c33c:  29% ▕█████             ▏ 2.6 GB/9.1 GB  118 MB/s     54s[K[?25h[?2026l[?2026h[?25l[A[1Gpulling manifest [K
pulling fd7b6731c33c:  29% ▕█████             ▏ 2.6 GB/9.1 GB  118 MB/s     54s[K[?25h[?2026l[?2026h[?25l[A[1Gpulling manifest [K
pulling fd7b6731c33c:  29% ▕█████             ▏ 2.6 GB/9.1 GB  118 MB/s     53s[K[?25h[?2026l[?2026h[?25l[A[1Gpulling manifest [K
pulling fd7b6731c33c:  29% ▕█████             ▏ 2.7 GB/9.1 GB  118 MB/s     53s[K[?25h[?2026l[?2026h[?25l[A[1Gpulling manifest [K
pulling fd7b6731c33c:  29% ▕█████             ▏ 2.7 GB/9.1 GB  118 MB/s     53s[K[?25h[?2026l[?2026h[?25l[A[1Gpulling manifest [K
pulling fd7b6731c33c:  30% ▕█████             ▏ 2.7 GB/9.1 GB  118 MB/s     53s[K[?25h[?2026l[?2026h[?25l[A[1Gpulling manifest [K
pulling fd7b6731c33c:  30% ▕█████             ▏ 2.7 GB/9.1 GB  118 MB/s     53s[K[?25h[?2026l[?2026h[?25l[A[1Gpulling manifest [K
pulling fd7b6731c33c:  30% ▕█████             ▏ 2.7 GB/9.1 GB  121 MB/s     52s[K[?25h[?2026l[?2026h[?25l[A[1Gpulling manifest [K
pulling fd7b6731c33c:  30% ▕█████             ▏ 2.7 GB/9.1 GB  121 MB/s     52s[K[?25h[?2026l[?2026h[?25l[A[1Gpulling manifest [K
pulling fd7b6731c33c:  30% ▕█████             ▏ 2.7 GB/9.1 GB  121 MB/s     51s[K[?25h[?2026l[?2026h[?25l[A[1Gpulling manifest [K
pulling fd7b6731c33c:  30% ▕█████             ▏ 2.7 GB/9.1 GB  121 MB/s     51s[K[?25h[?2026l[?2026h[?25l[A[1Gpulling manifest [K
pulling fd7b6731c33c:  30% ▕█████             ▏ 2.7 GB/9.1 GB  121 MB/s     51s[K[?25h[?2026l[?2026h[?25l[A[1Gpulling manifest [K
pulling fd7b6731c33c:  30% ▕█████             ▏ 2.8 GB/9.1 GB  121 MB/s     51s[K[?25h[?2026l[?2026h[?25l[A[1Gpulling manifest [K
pulling fd7b6731c33c:  31% ▕█████             ▏ 2.8 GB/9.1 GB  121 MB/s     51s[K[?25h[?2026l[?2026h[?25l[A[1Gpulling manifest [K
pulling fd7b6731c33c:  31% ▕█████             ▏ 2.8 GB/9.1 GB  121 MB/s     51s[K[?25h[?2026l[?2026h[?25l[A[1Gpulling manifest [K
pulling fd7b6731c33c:  31% ▕█████             ▏ 2.8 GB/9.1 GB  121 MB/s     51s[K[?25h[?2026l[?2026h[?25l[A[1Gpulling manifest [K
pulling fd7b6731c33c:  31% ▕█████             ▏ 2.8 GB/9.1 GB  121 MB/s     51s[K[?25h[?2026l[?2026h[?25l[A[1Gpulling manifest [K
pulling fd7b6731c33c:  31% ▕█████             ▏ 2.8 GB/9.1 GB  121 MB/s     51s[K[?25h[?2026l[?2026h[?25l[A[1Gpulling manifest [K
pulling fd7b6731c33c:  31% ▕█████             ▏ 2.8 GB/9.1 GB  121 MB/s     51s[K[?25h[?2026l[?2026h[?25l[A[1Gpulling manifest [K
pulling fd7b6731c33c:  32% ▕█████             ▏ 2.9 GB/9.1 GB  121 MB/s     50s[K[?25h[?2026l[?2026h[?25l[A[1Gpulling manifest [K
pulling fd7b6731c33c:  32% ▕█████             ▏ 2.9 GB/9.1 GB  121 MB/s     50s[K[?25h[?2026l[?2026h[?25l[A[1Gpulling manifest [K
pulling fd7b6731c33c:  32% ▕█████             ▏ 2.9 GB/9.1 GB  121 MB/s     50s[K[?25h[?2026l[?2026h[?25l[A[1Gpulling manifest [K
pulling fd7b6731c33c:  32% ▕█████             ▏ 2.9 GB/9.1 GB  121 MB/s     50s[K[?25h[?2026l[?2026h[?25l[A[1Gpulling manifest [K
pulling fd7b6731c33c:  32% ▕█████             ▏ 2.9 GB/9.1 GB  121 MB/s     50s[K[?25h[?2026l[?2026h[?25l[A[1Gpulling manifest [K
pulling fd7b6731c33c:  32% ▕█████             ▏ 2.9 GB/9.1 GB  121 MB/s     50s[K[?25h[?2026l[?2026h[?25l[A[1Gpulling manifest [K
pulling fd7b6731c33c:  32% ▕█████             ▏ 2.9 GB/9.1 GB  121 MB/s     50s[K[?25h[?2026l[?2026h[?25l[A[1Gpulling manifest [K
pulling fd7b6731c33c:  33% ▕█████             ▏ 3.0 GB/9.1 GB  121 MB/s     50s[K[?25h[?2026l[?2026h[?25l[A[1Gpulling manifest [K
pulling fd7b6731c33c:  33% ▕█████             ▏ 3.0 GB/9.1 GB  125 MB/s     48s[K[?25h[?2026l[?2026h[?25l[A[1Gpulling manifest [K
pulling fd7b6731c33c:  33% ▕█████             ▏ 3.0 GB/9.1 GB  125 MB/s     48s[K[?25h[?2026l[?2026h[?25l[A[1Gpulling manifest [K
pulling fd7b6731c33c:  33% ▕█████             ▏ 3.0 GB/9.1 GB  125 MB/s     48s[K[?25h[?2026l[?2026h[?25l[A[1Gpulling manifest [K
pulling fd7b6731c33c:  33% ▕█████             ▏ 3.0 GB/9.1 GB  125 MB/s     47s[K[?25h[?2026l[?2026h[?25l[A[1Gpulling manifest [K
pulling fd7b6731c33c:  33% ▕██████            ▏ 3.0 GB/9.1 GB  125 MB/s     47s[K[?25h[?2026l[?2026h[?25l[A[1Gpulling manifest [K
pulling fd7b6731c33c:  34% ▕██████            ▏ 3.0 GB/9.1 GB  125 MB/s     47s[K[?25h[?2026l[?2026h[?25l[A[1Gpulling manifest [K
pulling fd7b6731c33c:  34% ▕██████            ▏ 3.0 GB/9.1 GB  125 MB/s     47s[K[?25h[?2026l[?2026h[?25l[A[1Gpulling manifest [K
pulling fd7b6731c33c:  34% ▕██████            ▏ 3.1 GB/9.1 GB  125 MB/s     47s[K[?25h[?2026l[?2026h[?25l[A[1Gpulling manifest [K
pulling fd7b6731c33c:  34% ▕██████            ▏ 3.1 GB/9.1 GB  125 MB/s     47s[K[?25h[?2026l[?2026h[?25l[A[1Gpulling manifest [K
pulling fd7b6731c33c:  34% ▕██████            ▏ 3.1 GB/9.1 GB  125 MB/s     47s[K[?25h[?2026l[?2026h[?25l[A[1Gpulling manifest [K
pulling fd7b6731c33c:  34% ▕██████            ▏ 3.1 GB/9.1 GB  127 MB/s     46s[K[?25h[?2026l[?2026h[?25l[A[1Gpulling manifest [K
pulling fd7b6731c33c:  34% ▕██████            ▏ 3.1 GB/9.1 GB  127 MB/s     46s[K[?25h[?2026l[?2026h[?25l[A[1Gpulling manifest [K
pulling fd7b6731c33c:  34% ▕██████            ▏ 3.1 GB/9.1 GB  127 MB/s     46s[K[?25h[?2026l[?2026h[?25l[A[1Gpulling manifest [K
pulling fd7b6731c33c:  35% ▕██████            ▏ 3.1 GB/9.1 GB  127 MB/s     46s[K[?25h[?2026l[?2026h[?25l[A[1Gpulling manifest [K
pulling fd7b6731c33c:  35% ▕██████            ▏ 3.1 GB/9.1 GB  127 MB/s     46s[K[?25h[?2026l[?2026h[?25l[A[1Gpulling manifest [K
pulling fd7b6731c33c:  35% ▕██████            ▏ 3.2 GB/9.1 GB  127 MB/s     46s[K[?25h[?2026l[?2026h[?25l[A[1Gpulling manifest [K
pulling fd7b6731c33c:  35% ▕██████            ▏ 3.2 GB/9.1 GB  127 MB/s     46s[K[?25h[?2026l[?2026h[?25l[A[1Gpulling manifest [K
pulling fd7b6731c33c:  35% ▕██████            ▏ 3.2 GB/9.1 GB  127 MB/s     46s[K[?25h[?2026l[?2026h[?25l[A[1Gpulling manifest [K
pulling fd7b6731c33c:  35% ▕██████            ▏ 3.2 GB/9.1 GB  127 MB/s     45s[K[?25h[?2026l[?2026h[?25l[A[1Gpulling manifest [K
pulling fd7b6731c33c:  35% ▕██████            ▏ 3.2 GB/9.1 GB  127 MB/s     45s[K[?25h[?2026l[?2026h[?25l[A[1Gpulling manifest [K
pulling fd7b6731c33c:  35% ▕██████            ▏ 3.2 GB/9.1 GB  127 MB/s     45s[K[?25h[?2026l[?2026h[?25l[A[1Gpulling manifest [K
pulling fd7b6731c33c:  36% ▕██████            ▏ 3.2 GB/9.1 GB  130 MB/s     44s[K[?25h[?2026l[?2026h[?25l[A[1Gpulling manifest [K
pulling fd7b6731c33c:  36% ▕██████            ▏ 3.3 GB/9.1 GB  130 MB/s     44s[K[?25h[?2026l[?2026h[?25l[A[1Gpulling manifest [K
pulling fd7b6731c33c:  36% ▕██████            ▏ 3.3 GB/9.1 GB  130 MB/s     44s[K[?25h[?2026l[?2026h[?25l[A[1Gpulling manifest [K
pulling fd7b6731c33c:  36% ▕██████            ▏ 3.3 GB/9.1 GB  130 MB/s     44s[K[?25h[?2026l[?2026h[?25l[A[1Gpulling manifest [K
pulling fd7b6731c33c:  36% ▕██████            ▏ 3.3 GB/9.1 GB  130 MB/s     44s[K[?25h[?2026l[?2026h[?25l[A[1Gpulling manifest [K
pulling fd7b6731c33c:  37% ▕██████            ▏ 3.3 GB/9.1 GB  130 MB/s     44s[K[?25h[?2026l[?2026h[?25l[A[1Gpulling manifest [K
pulling fd7b6731c33c:  37% ▕██████            ▏ 3.3 GB/9.1 GB  130 MB/s     43s[K[?25h[?2026l[?2026h[?25l[A[1Gpulling manifest [K
pulling fd7b6731c33c:  37% ▕██████            ▏ 3.3 GB/9.1 GB  130 MB/s     43s[K[?25h[?2026l[?2026h[?25l[A[1Gpulling manifest [K
pulling fd7b6731c33c:  37% ▕██████            ▏ 3.4 GB/9.1 GB  130 MB/s     43s[K[?25h[?2026l[?2026h[?25l[A[1Gpulling manifest [K
pulling fd7b6731c33c:  37% ▕██████            ▏ 3.4 GB/9.1 GB  130 MB/s     43s[K[?25h[?2026l[?2026h[?25l[A[1Gpulling manifest [K
pulling fd7b6731c33c:  37% ▕██████            ▏ 3.4 GB/9.1 GB  133 MB/s     42s[K[?25h[?2026l[?2026h[?25l[A[1Gpulling manifest [K
pulling fd7b6731c33c:  38% ▕██████            ▏ 3.4 GB/9.1 GB  133 MB/s     42s[K[?25h[?2026l[?2026h[?25l[A[1Gpulling manifest [K
pulling fd7b6731c33c:  38% ▕██████            ▏ 3.4 GB/9.1 GB  133 MB/s     42s[K[?25h[?2026l[?2026h[?25l[A[1Gpulling manifest [K
pulling fd7b6731c33c:  38% ▕██████            ▏ 3.4 GB/9.1 GB  133 MB/s     42s[K[?25h[?2026l[?2026h[?25l[A[1Gpulling manifest [K
pulling fd7b6731c33c:  38% ▕██████            ▏ 3.4 GB/9.1 GB  133 MB/s     42s[K[?25h[?2026l[?2026h[?25l[A[1Gpulling manifest [K
pulling fd7b6731c33c:  38% ▕██████            ▏ 3.5 GB/9.1 GB  133 MB/s     41s[K[?25h[?2026l[?2026h[?25l[A[1Gpulling manifest [K
pulling fd7b6731c33c:  38% ▕██████            ▏ 3.5 GB/9.1 GB  133 MB/s     41s[K[?25h[?2026l[?2026h[?25l[A[1Gpulling manifest [K
pulling fd7b6731c33c:  39% ▕██████            ▏ 3.5 GB/9.1 GB  133 MB/s     41s[K[?25h[?2026l[?2026h[?25l[A[1Gpulling manifest [K
pulling fd7b6731c33c:  39% ▕██████            ▏ 3.5 GB/9.1 GB  133 MB/s     41s[K[?25h[?2026l[?2026h[?25l[A[1Gpulling manifest [K
pulling fd7b6731c33c:  39% ▕██████            ▏ 3.5 GB/9.1 GB  133 MB/s     41s[K[?25h[?2026l[?2026h[?25l[A[1Gpulling manifest [K
pulling fd7b6731c33c:  39% ▕███████           ▏ 3.5 GB/9.1 GB  135 MB/s     40s[K[?25h[?2026l[?2026h[?25l[A[1Gpulling manifest [K
pulling fd7b6731c33c:  39% ▕███████           ▏ 3.5 GB/9.1 GB  135 MB/s     40s[K[?25h[?2026l[?2026h[?25l[A[1Gpulling manifest [K
pulling fd7b6731c33c:  39% ▕███████           ▏ 3.6 GB/9.1 GB  135 MB/s     40s[K[?25h[?2026l[?2026h[?25l[A[1Gpulling manifest [K
pulling fd7b6731c33c:  39% ▕███████           ▏ 3.6 GB/9.1 GB  135 MB/s     40s[K[?25h[?2026l[?2026h[?25l[A[1Gpulling manifest [K
pulling fd7b6731c33c:  39% ▕███████           ▏ 3.6 GB/9.1 GB  135 MB/s     40s[K[?25h[?2026l[?2026h[?25l[A[1Gpulling manifest [K
pulling fd7b6731c33c:  40% ▕███████           ▏ 3.6 GB/9.1 GB  135 MB/s     40s[K[?25h[?2026l[?2026h[?25l[A[1Gpulling manifest [K
pulling fd7b6731c33c:  40% ▕███████           ▏ 3.6 GB/9.1 GB  135 MB/s     40s[K[?25h[?2026l[?2026h[?25l[A[1Gpulling manifest [K
pulling fd7b6731c33c:  40% ▕███████           ▏ 3.6 GB/9.1 GB  135 MB/s     40s[K[?25h[?2026l[?2026h[?25l[A[1Gpulling manifest [K
pulling fd7b6731c33c:  40% ▕███████           ▏ 3.6 GB/9.1 GB  135 MB/s     39s[K[?25h[?2026l[?2026h[?25l[A[1Gpulling manifest [K
pulling fd7b6731c33c:  40% ▕███████           ▏ 3.6 GB/9.1 GB  135 MB/s     39s[K[?25h[?2026l[?2026h[?25l[A[1Gpulling manifest [K
pulling fd7b6731c33c:  40% ▕███████           ▏ 3.6 GB/9.1 GB  135 MB/s     39s[K[?25h[?2026l[?2026h[?25l[A[1Gpulling manifest [K
pulling fd7b6731c33c:  41% ▕███████           ▏ 3.7 GB/9.1 GB  135 MB/s     39s[K[?25h[?2026l[?2026h[?25l[A[1Gpulling manifest [K
pulling fd7b6731c33c:  41% ▕███████           ▏ 3.7 GB/9.1 GB  135 MB/s     39s[K[?25h[?2026l[?2026h[?25l[A[1Gpulling manifest [K
pulling fd7b6731c33c:  41% ▕███████           ▏ 3.7 GB/9.1 GB  135 MB/s     39s[K[?25h[?2026l[?2026h[?25l[A[1Gpulling manifest [K
pulling fd7b6731c33c:  41% ▕███████           ▏ 3.7 GB/9.1 GB  135 MB/s     39s[K[?25h[?2026l[?2026h[?25l[A[1Gpulling manifest [K
pulling fd7b6731c33c:  41% ▕███████           ▏ 3.7 GB/9.1 GB  135 MB/s     39s[K[?25h[?2026l[?2026h[?25l[A[1Gpulling manifest [K
pulling fd7b6731c33c:  41% ▕███████           ▏ 3.7 GB/9.1 GB  135 MB/s     39s[K[?25h[?2026l[?2026h[?25l[A[1Gpulling manifest [K
pulling fd7b6731c33c:  41% ▕███████           ▏ 3.7 GB/9.1 GB  135 MB/s     39s[K[?25h[?2026l[?2026h[?25l[A[1Gpulling manifest [K
pulling fd7b6731c33c:  42% ▕███████           ▏ 3.8 GB/9.1 GB  135 MB/s     38s[K[?25h[?2026l[?2026h[?25l[A[1Gpulling manifest [K
pulling fd7b6731c33c:  42% ▕███████           ▏ 3.8 GB/9.1 GB  135 MB/s     38s[K[?25h[?2026l[?2026h[?25l[A[1Gpulling manifest [K
pulling fd7b6731c33c:  42% ▕███████           ▏ 3.8 GB/9.1 GB  135 MB/s     38s[K[?25h[?2026l[?2026h[?25l[A[1Gpulling manifest [K
pulling fd7b6731c33c:  42% ▕███████           ▏ 3.8 GB/9.1 GB  135 MB/s     38s[K[?25h[?2026l[?2026h[?25l[A[1Gpulling manifest [K
pulling fd7b6731c33c:  42% ▕███████           ▏ 3.8 GB/9.1 GB  135 MB/s     38s[K[?25h[?2026l[?2026h[?25l[A[1Gpulling manifest [K
pulling fd7b6731c33c:  42% ▕███████           ▏ 3.8 GB/9.1 GB  135 MB/s     38s[K[?25h[?2026l[?2026h[?25l[A[1Gpulling manifest [K
pulling fd7b6731c33c:  42% ▕███████           ▏ 3.8 GB/9.1 GB  135 MB/s     38s[K[?25h[?2026l[?2026h[?25l[A[1Gpulling manifest [K
pulling fd7b6731c33c:  42% ▕███████           ▏ 3.8 GB/9.1 GB  135 MB/s     38s[K[?25h[?2026l[?2026h[?25l[A[1Gpulling manifest [K
pulling fd7b6731c33c:  43% ▕███████           ▏ 3.9 GB/9.1 GB  135 MB/s     38s[K[?25h[?2026l[?2026h[?25l[A[1Gpulling manifest [K
pulling fd7b6731c33c:  43% ▕███████           ▏ 3.9 GB/9.1 GB  135 MB/s     37s[K[?25h[?2026l[?2026h[?25l[A[1Gpulling manifest [K
pulling fd7b6731c33c:  43% ▕███████           ▏ 3.9 GB/9.1 GB  135 MB/s     37s[K[?25h[?2026l[?2026h[?25l[A[1Gpulling manifest [K
pulling fd7b6731c33c:  43% ▕███████           ▏ 3.9 GB/9.1 GB  135 MB/s     37s[K[?25h[?2026l[?2026h[?25l[A[1Gpulling manifest [K
pulling fd7b6731c33c:  43% ▕███████           ▏ 3.9 GB/9.1 GB  135 MB/s     37s[K[?25h[?2026l[?2026h[?25l[A[1Gpulling manifest [K
pulling fd7b6731c33c:  44% ▕███████           ▏ 3.9 GB/9.1 GB  135 MB/s     37s[K[?25h[?2026l[?2026h[?25l[A[1Gpulling manifest [K
pulling fd7b6731c33c:  44% ▕███████           ▏ 4.0 GB/9.1 GB  135 MB/s     37s[K[?25h[?2026l[?2026h[?25l[A[1Gpulling manifest [K
pulling fd7b6731c33c:  44% ▕███████           ▏ 4.0 GB/9.1 GB  135 MB/s     37s[K[?25h[?2026l[?2026h[?25l[A[1Gpulling manifest [K
pulling fd7b6731c33c:  44% ▕███████           ▏ 4.0 GB/9.1 GB  135 MB/s     37s[K[?25h[?2026l[?2026h[?25l[A[1Gpulling manifest [K
pulling fd7b6731c33c:  44% ▕███████           ▏ 4.0 GB/9.1 GB  135 MB/s     37s[K[?25h[?2026l[?2026h[?25l[A[1Gpulling manifest [K
pulling fd7b6731c33c:  44% ▕███████           ▏ 4.0 GB/9.1 GB  135 MB/s     37s[K[?25h[?2026l[?2026h[?25l[A[1Gpulling manifest [K
pulling fd7b6731c33c:  44% ▕███████           ▏ 4.0 GB/9.1 GB  135 MB/s     37s[K[?25h[?2026l[?2026h[?25l[A[1Gpulling manifest [K
pulling fd7b6731c33c:  45% ▕████████          ▏ 4.0 GB/9.1 GB  135 MB/s     36s[K[?25h[?2026l[?2026h[?25l[A[1Gpulling manifest [K
pulling fd7b6731c33c:  45% ▕████████          ▏ 4.0 GB/9.1 GB  135 MB/s     36s[K[?25h[?2026l[?2026h[?25l[A[1Gpulling manifest [K
pulling fd7b6731c33c:  45% ▕████████          ▏ 4.1 GB/9.1 GB  135 MB/s     36s[K[?25h[?2026l[?2026h[?25l[A[1Gpulling manifest [K
pulling fd7b6731c33c:  45% ▕████████          ▏ 4.1 GB/9.1 GB  138 MB/s     35s[K[?25h[?2026l[?2026h[?25l[A[1Gpulling manifest [K
pulling fd7b6731c33c:  45% ▕████████          ▏ 4.1 GB/9.1 GB  138 MB/s     35s[K[?25h[?2026l[?2026h[?25l[A[1Gpulling manifest [K
pulling fd7b6731c33c:  45% ▕████████          ▏ 4.1 GB/9.1 GB  138 MB/s     35s[K[?25h[?2026l[?2026h[?25l[A[1Gpulling manifest [K
pulling fd7b6731c33c:  46% ▕████████          ▏ 4.1 GB/9.1 GB  138 MB/s     35s[K[?25h[?2026l[?2026h[?25l[A[1Gpulling manifest [K
pulling fd7b6731c33c:  46% ▕████████          ▏ 4.1 GB/9.1 GB  138 MB/s     35s[K[?25h[?2026l[?2026h[?25l[A[1Gpulling manifest [K
pulling fd7b6731c33c:  46% ▕████████          ▏ 4.2 GB/9.1 GB  138 MB/s     35s[K[?25h[?2026l[?2026h[?25l[A[1Gpulling manifest [K
pulling fd7b6731c33c:  46% ▕████████          ▏ 4.2 GB/9.1 GB  138 MB/s     35s[K[?25h[?2026l[?2026h[?25l[A[1Gpulling manifest [K
pulling fd7b6731c33c:  46% ▕████████          ▏ 4.2 GB/9.1 GB  138 MB/s     35s[K[?25h[?2026l[?2026h[?25l[A[1Gpulling manifest [K
pulling fd7b6731c33c:  46% ▕████████          ▏ 4.2 GB/9.1 GB  138 MB/s     34s[K[?25h[?2026l[?2026h[?25l[A[1Gpulling manifest [K
pulling fd7b6731c33c:  47% ▕████████          ▏ 4.2 GB/9.1 GB  138 MB/s     34s[K[?25h[?2026l[?2026h[?25l[A[1Gpulling manifest [K
pulling fd7b6731c33c:  47% ▕████████          ▏ 4.2 GB/9.1 GB  139 MB/s     34s[K[?25h[?2026l[?2026h[?25l[A[1Gpulling manifest [K
pulling fd7b6731c33c:  47% ▕████████          ▏ 4.2 GB/9.1 GB  139 MB/s     34s[K[?25h[?2026l[?2026h[?25l[A[1Gpulling manifest [K
pulling fd7b6731c33c:  47% ▕████████          ▏ 4.3 GB/9.1 GB  139 MB/s     34s[K[?25h[?2026l[?2026h[?25l[A[1Gpulling manifest [K
pulling fd7b6731c33c:  47% ▕████████          ▏ 4.3 GB/9.1 GB  139 MB/s     34s[K[?25h[?2026l[?2026h[?25l[A[1Gpulling manifest [K
pulling fd7b6731c33c:  47% ▕████████          ▏ 4.3 GB/9.1 GB  139 MB/s     34s[K[?25h[?2026l[?2026h[?25l[A[1Gpulling manifest [K
pulling fd7b6731c33c:  48% ▕████████          ▏ 4.3 GB/9.1 GB  139 MB/s     33s[K[?25h[?2026l[?2026h[?25l[A[1Gpulling manifest [K
pulling fd7b6731c33c:  48% ▕████████          ▏ 4.3 GB/9.1 GB  139 MB/s     33s[K[?25h[?2026l[?2026h[?25l[A[1Gpulling manifest [K
pulling fd7b6731c33c:  48% ▕████████          ▏ 4.3 GB/9.1 GB  139 MB/s     33s[K[?25h[?2026l[?2026h[?25l[A[1Gpulling manifest [K
pulling fd7b6731c33c:  48% ▕████████          ▏ 4.4 GB/9.1 GB  139 MB/s     33s[K[?25h[?2026l[?2026h[?25l[A[1Gpulling manifest [K
pulling fd7b6731c33c:  48% ▕████████          ▏ 4.4 GB/9.1 GB  139 MB/s     33s[K[?25h[?2026l[?2026h[?25l[A[1Gpulling manifest [K
pulling fd7b6731c33c:  48% ▕████████          ▏ 4.4 GB/9.1 GB  144 MB/s     32s[K[?25h[?2026l[?2026h[?25l[A[1Gpulling manifest [K
pulling fd7b6731c33c:  49% ▕████████          ▏ 4.4 GB/9.1 GB  144 MB/s     32s[K[?25h[?2026l[?2026h[?25l[A[1Gpulling manifest [K
pulling fd7b6731c33c:  49% ▕████████          ▏ 4.4 GB/9.1 GB  144 MB/s     32s[K[?25h[?2026l[?2026h[?25l[A[1Gpulling manifest [K
pulling fd7b6731c33c:  49% ▕████████          ▏ 4.4 GB/9.1 GB  144 MB/s     32s[K[?25h[?2026l[?2026h[?25l[A[1Gpulling manifest [K
pulling fd7b6731c33c:  49% ▕████████          ▏ 4.4 GB/9.1 GB  144 MB/s     31s[K[?25h[?2026l[?2026h[?25l[A[1Gpulling manifest [K
pulling fd7b6731c33c:  49% ▕████████          ▏ 4.5 GB/9.1 GB  144 MB/s     31s[K[?25h[?2026l[?2026h[?25l[A[1Gpulling manifest [K
pulling fd7b6731c33c:  49% ▕████████          ▏ 4.5 GB/9.1 GB  144 MB/s     31s[K[?25h[?2026l[?2026h[?25l[A[1Gpulling manifest [K
pulling fd7b6731c33c:  49% ▕████████          ▏ 4.5 GB/9.1 GB  144 MB/s     31s[K[?25h[?2026l[?2026h[?25l[A[1Gpulling manifest [K
pulling fd7b6731c33c:  49% ▕████████          ▏ 4.5 GB/9.1 GB  144 MB/s     31s[K[?25h[?2026l[?2026h[?25l[A[1Gpulling manifest [K
pulling fd7b6731c33c:  50% ▕████████          ▏ 4.5 GB/9.1 GB  144 MB/s     31s[K[?25h[?2026l[?2026h[?25l[A[1Gpulling manifest [K
pulling fd7b6731c33c:  50% ▕████████          ▏ 4.5 GB/9.1 GB  143 MB/s     31s[K[?25h[?2026l[?2026h[?25l[A[1Gpulling manifest [K
pulling fd7b6731c33c:  50% ▕████████          ▏ 4.5 GB/9.1 GB  143 MB/s     31s[K[?25h[?2026l[?2026h[?25l[A[1Gpulling manifest [K
pulling fd7b6731c33c:  50% ▕█████████         ▏ 4.5 GB/9.1 GB  143 MB/s     31s[K[?25h[?2026l[?2026h[?25l[A[1Gpulling manifest [K
pulling fd7b6731c33c:  50% ▕█████████         ▏ 4.5 GB/9.1 GB  143 MB/s     31s[K[?25h[?2026l[?2026h[?25l[A[1Gpulling manifest [K
pulling fd7b6731c33c:  50% ▕█████████         ▏ 4.6 GB/9.1 GB  143 MB/s     31s[K[?25h[?2026l[?2026h[?25l[A[1Gpulling manifest [K
pulling fd7b6731c33c:  51% ▕█████████         ▏ 4.6 GB/9.1 GB  143 MB/s     31s[K[?25h[?2026l[?2026h[?25l[A[1Gpulling manifest [K
pulling fd7b6731c33c:  51% ▕█████████         ▏ 4.6 GB/9.1 GB  143 MB/s     31s[K[?25h[?2026l[?2026h[?25l[A[1Gpulling manifest [K
pulling fd7b6731c33c:  51% ▕█████████         ▏ 4.6 GB/9.1 GB  143 MB/s     31s[K[?25h[?2026l[?2026h[?25l[A[1Gpulling manifest [K
pulling fd7b6731c33c:  51% ▕█████████         ▏ 4.6 GB/9.1 GB  143 MB/s     30s[K[?25h[?2026l[?2026h[?25l[A[1Gpulling manifest [K
pulling fd7b6731c33c:  51% ▕█████████         ▏ 4.6 GB/9.1 GB  143 MB/s     30s[K[?25h[?2026l[?2026h[?25l[A[1Gpulling manifest [K
pulling fd7b6731c33c:  51% ▕█████████         ▏ 4.6 GB/9.1 GB  143 MB/s     30s[K[?25h[?2026l[?2026h[?25l[A[1Gpulling manifest [K
pulling fd7b6731c33c:  51% ▕█████████         ▏ 4.7 GB/9.1 GB  141 MB/s     31s[K[?25h[?2026l[?2026h[?25l[A[1Gpulling manifest [K
pulling fd7b6731c33c:  52% ▕█████████         ▏ 4.7 GB/9.1 GB  141 MB/s     30s[K[?25h[?2026l[?2026h[?25l[A[1Gpulling manifest [K
pulling fd7b6731c33c:  52% ▕█████████         ▏ 4.7 GB/9.1 GB  141 MB/s     30s[K[?25h[?2026l[?2026h[?25l[A[1Gpulling manifest [K
pulling fd7b6731c33c:  52% ▕█████████         ▏ 4.7 GB/9.1 GB  141 MB/s     30s[K[?25h[?2026l[?2026h[?25l[A[1Gpulling manifest [K
pulling fd7b6731c33c:  52% ▕█████████         ▏ 4.7 GB/9.1 GB  141 MB/s     30s[K[?25h[?2026l[?2026h[?25l[A[1Gpulling manifest [K
pulling fd7b6731c33c:  52% ▕█████████         ▏ 4.7 GB/9.1 GB  141 MB/s     30s[K[?25h[?2026l[?2026h[?25l[A[1Gpulling manifest [K
pulling fd7b6731c33c:  53% ▕█████████         ▏ 4.8 GB/9.1 GB  141 MB/s     30s[K[?25h[?2026l[?2026h[?25l[A[1Gpulling manifest [K
pulling fd7b6731c33c:  53% ▕█████████         ▏ 4.8 GB/9.1 GB  141 MB/s     30s[K[?25h[?2026l[?2026h[?25l[A[1Gpulling manifest [K
pulling fd7b6731c33c:  53% ▕█████████         ▏ 4.8 GB/9.1 GB  141 MB/s     30s[K[?25h[?2026l[?2026h[?25l[A[1Gpulling manifest [K
pulling fd7b6731c33c:  53% ▕█████████         ▏ 4.8 GB/9.1 GB  141 MB/s     30s[K[?25h[?2026l[?2026h[?25l[A[1Gpulling manifest [K
pulling fd7b6731c33c:  53% ▕█████████         ▏ 4.8 GB/9.1 GB  142 MB/s     29s[K[?25h[?2026l[?2026h[?25l[A[1Gpulling manifest [K
pulling fd7b6731c33c:  53% ▕█████████         ▏ 4.8 GB/9.1 GB  142 MB/s     29s[K[?25h[?2026l[?2026h[?25l[A[1Gpulling manifest [K
pulling fd7b6731c33c:  53% ▕█████████         ▏ 4.8 GB/9.1 GB  142 MB/s     29s[K[?25h[?2026l[?2026h[?25l[A[1Gpulling manifest [K
pulling fd7b6731c33c:  54% ▕█████████         ▏ 4.9 GB/9.1 GB  142 MB/s     29s[K[?25h[?2026l[?2026h[?25l[A[1Gpulling manifest [K
pulling fd7b6731c33c:  54% ▕█████████         ▏ 4.9 GB/9.1 GB  142 MB/s     29s[K[?25h[?2026l[?2026h[?25l[A[1Gpulling manifest [K
pulling fd7b6731c33c:  54% ▕█████████         ▏ 4.9 GB/9.1 GB  142 MB/s     29s[K[?25h[?2026l[?2026h[?25l[A[1Gpulling manifest [K
pulling fd7b6731c33c:  54% ▕█████████         ▏ 4.9 GB/9.1 GB  142 MB/s     29s[K[?25h[?2026l[?2026h[?25l[A[1Gpulling manifest [K
pulling fd7b6731c33c:  54% ▕█████████         ▏ 4.9 GB/9.1 GB  142 MB/s     29s[K[?25h[?2026l[?2026h[?25l[A[1Gpulling manifest [K
pulling fd7b6731c33c:  54% ▕█████████         ▏ 4.9 GB/9.1 GB  142 MB/s     29s[K[?25h[?2026l[?2026h[?25l[A[1Gpulling manifest [K
pulling fd7b6731c33c:  55% ▕█████████         ▏ 4.9 GB/9.1 GB  142 MB/s     28s[K[?25h[?2026l[?2026h[?25l[A[1Gpulling manifest [K
pulling fd7b6731c33c:  55% ▕█████████         ▏ 5.0 GB/9.1 GB  145 MB/s     28s[K[?25h[?2026l[?2026h[?25l[A[1Gpulling manifest [K
pulling fd7b6731c33c:  55% ▕█████████         ▏ 5.0 GB/9.1 GB  145 MB/s     28s[K[?25h[?2026l[?2026h[?25l[A[1Gpulling manifest [K
pulling fd7b6731c33c:  55% ▕█████████         ▏ 5.0 GB/9.1 GB  145 MB/s     28s[K[?25h[?2026l[?2026h[?25l[A[1Gpulling manifest [K
pulling fd7b6731c33c:  55% ▕█████████         ▏ 5.0 GB/9.1 GB  145 MB/s     27s[K[?25h[?2026l[?2026h[?25l[A[1Gpulling manifest [K
pulling fd7b6731c33c:  55% ▕█████████         ▏ 5.0 GB/9.1 GB  145 MB/s     27s[K[?25h[?2026l[?2026h[?25l[A[1Gpulling manifest [K
pulling fd7b6731c33c:  56% ▕██████████        ▏ 5.0 GB/9.1 GB  145 MB/s     27s[K[?25h[?2026l[?2026h[?25l[A[1Gpulling manifest [K
pulling fd7b6731c33c:  56% ▕██████████        ▏ 5.0 GB/9.1 GB  145 MB/s     27s[K[?25h[?2026l[?2026h[?25l[A[1Gpulling manifest [K
pulling fd7b6731c33c:  56% ▕██████████        ▏ 5.1 GB/9.1 GB  145 MB/s     27s[K[?25h[?2026l[?2026h[?25l[A[1Gpulling manifest [K
pulling fd7b6731c33c:  56% ▕██████████        ▏ 5.1 GB/9.1 GB  145 MB/s     27s[K[?25h[?2026l[?2026h[?25l[A[1Gpulling manifest [K
pulling fd7b6731c33c:  56% ▕██████████        ▏ 5.1 GB/9.1 GB  145 MB/s     27s[K[?25h[?2026l[?2026h[?25l[A[1Gpulling manifest [K
pulling fd7b6731c33c:  56% ▕██████████        ▏ 5.1 GB/9.1 GB  147 MB/s     26s[K[?25h[?2026l[?2026h[?25l[A[1Gpulling manifest [K
pulling fd7b6731c33c:  57% ▕██████████        ▏ 5.1 GB/9.1 GB  147 MB/s     26s[K[?25h[?2026l[?2026h[?25l[A[1Gpulling manifest [K
pulling fd7b6731c33c:  57% ▕██████████        ▏ 5.1 GB/9.1 GB  147 MB/s     26s[K[?25h[?2026l[?2026h[?25l[A[1Gpulling manifest [K
pulling fd7b6731c33c:  57% ▕██████████        ▏ 5.2 GB/9.1 GB  147 MB/s     26s[K[?25h[?2026l[?2026h[?25l[A[1Gpulling manifest [K
pulling fd7b6731c33c:  57% ▕██████████        ▏ 5.2 GB/9.1 GB  147 MB/s     26s[K[?25h[?2026l[?2026h[?25l[A[1Gpulling manifest [K
pulling fd7b6731c33c:  57% ▕██████████        ▏ 5.2 GB/9.1 GB  147 MB/s     26s[K[?25h[?2026l[?2026h[?25l[A[1Gpulling manifest [K
pulling fd7b6731c33c:  57% ▕██████████        ▏ 5.2 GB/9.1 GB  147 MB/s     26s[K[?25h[?2026l[?2026h[?25l[A[1Gpulling manifest [K
pulling fd7b6731c33c:  58% ▕██████████        ▏ 5.2 GB/9.1 GB  147 MB/s     25s[K[?25h[?2026l[?2026h[?25l[A[1Gpulling manifest [K
pulling fd7b6731c33c:  58% ▕██████████        ▏ 5.2 GB/9.1 GB  147 MB/s     25s[K[?25h[?2026l[?2026h[?25l[A[1Gpulling manifest [K
pulling fd7b6731c33c:  58% ▕██████████        ▏ 5.2 GB/9.1 GB  147 MB/s     25s[K[?25h[?2026l[?2026h[?25l[A[1Gpulling manifest [K
pulling fd7b6731c33c:  58% ▕██████████        ▏ 5.2 GB/9.1 GB  146 MB/s     26s[K[?25h[?2026l[?2026h[?25l[A[1Gpulling manifest [K
pulling fd7b6731c33c:  58% ▕██████████        ▏ 5.2 GB/9.1 GB  146 MB/s     26s[K[?25h[?2026l[?2026h[?25l[A[1Gpulling manifest [K
pulling fd7b6731c33c:  58% ▕██████████        ▏ 5.2 GB/9.1 GB  146 MB/s     26s[K[?25h[?2026l[?2026h[?25l[A[1Gpulling manifest [K
pulling fd7b6731c33c:  58% ▕██████████        ▏ 5.3 GB/9.1 GB  146 MB/s     25s[K[?25h[?2026l[?2026h[?25l[A[1Gpulling manifest [K
pulling fd7b6731c33c:  58% ▕██████████        ▏ 5.3 GB/9.1 GB  146 MB/s     25s[K[?25h[?2026l[?2026h[?25l[A[1Gpulling manifest [K
pulling fd7b6731c33c:  59% ▕██████████        ▏ 5.3 GB/9.1 GB  146 MB/s     25s[K[?25h[?2026l[?2026h[?25l[A[1Gpulling manifest [K
pulling fd7b6731c33c:  59% ▕██████████        ▏ 5.3 GB/9.1 GB  146 MB/s     25s[K[?25h[?2026l[?2026h[?25l[A[1Gpulling manifest [K
pulling fd7b6731c33c:  59% ▕██████████        ▏ 5.3 GB/9.1 GB  146 MB/s     25s[K[?25h[?2026l[?2026h[?25l[A[1Gpulling manifest [K
pulling fd7b6731c33c:  59% ▕██████████        ▏ 5.3 GB/9.1 GB  146 MB/s     25s[K[?25h[?2026l[?2026h[?25l[A[1Gpulling manifest [K
pulling fd7b6731c33c:  59% ▕██████████        ▏ 5.4 GB/9.1 GB  146 MB/s     25s[K[?25h[?2026l[?2026h[?25l[A[1Gpulling manifest [K
pulling fd7b6731c33c:  59% ▕██████████        ▏ 5.4 GB/9.1 GB  145 MB/s     25s[K[?25h[?2026l[?2026h[?25l[A[1Gpulling manifest [K
pulling fd7b6731c33c:  60% ▕██████████        ▏ 5.4 GB/9.1 GB  145 MB/s     25s[K[?25h[?2026l[?2026h[?25l[A[1Gpulling manifest [K
pulling fd7b6731c33c:  60% ▕██████████        ▏ 5.4 GB/9.1 GB  145 MB/s     25s[K[?25h[?2026l[?2026h[?25l[A[1Gpulling manifest [K
pulling fd7b6731c33c:  60% ▕██████████        ▏ 5.4 GB/9.1 GB  145 MB/s     24s[K[?25h[?2026l[?2026h[?25l[A[1Gpulling manifest [K
pulling fd7b6731c33c:  60% ▕██████████        ▏ 5.4 GB/9.1 GB  145 MB/s     24s[K[?25h[?2026l[?2026h[?25l[A[1Gpulling manifest [K
pulling fd7b6731c33c:  60% ▕██████████        ▏ 5.5 GB/9.1 GB  145 MB/s     24s[K[?25h[?2026l[?2026h[?25l[A[1Gpulling manifest [K
pulling fd7b6731c33c:  60% ▕██████████        ▏ 5.5 GB/9.1 GB  145 MB/s     24s[K[?25h[?2026l[?2026h[?25l[A[1Gpulling manifest [K
pulling fd7b6731c33c:  61% ▕██████████        ▏ 5.5 GB/9.1 GB  145 MB/s     24s[K[?25h[?2026l[?2026h[?25l[A[1Gpulling manifest [K
pulling fd7b6731c33c:  61% ▕██████████        ▏ 5.5 GB/9.1 GB  145 MB/s     24s[K[?25h[?2026l[?2026h[?25l[A[1Gpulling manifest [K
pulling fd7b6731c33c:  61% ▕██████████        ▏ 5.5 GB/9.1 GB  145 MB/s     24s[K[?25h[?2026l[?2026h[?25l[A[1Gpulling manifest [K
pulling fd7b6731c33c:  61% ▕██████████        ▏ 5.5 GB/9.1 GB  145 MB/s     24s[K[?25h[?2026l[?2026h[?25l[A[1Gpulling manifest [K
pulling fd7b6731c33c:  61% ▕███████████       ▏ 5.5 GB/9.1 GB  145 MB/s     24s[K[?25h[?2026l[?2026h[?25l[A[1Gpulling manifest [K
pulling fd7b6731c33c:  61% ▕███████████       ▏ 5.6 GB/9.1 GB  145 MB/s     24s[K[?25h[?2026l[?2026h[?25l[A[1Gpulling manifest [K
pulling fd7b6731c33c:  62% ▕███████████       ▏ 5.6 GB/9.1 GB  145 MB/s     23s[K[?25h[?2026l[?2026h[?25l[A[1Gpulling manifest [K
pulling fd7b6731c33c:  62% ▕███████████       ▏ 5.6 GB/9.1 GB  145 MB/s     23s[K[?25h[?2026l[?2026h[?25l[A[1Gpulling manifest [K
pulling fd7b6731c33c:  62% ▕███████████       ▏ 5.6 GB/9.1 GB  145 MB/s     23s[K[?25h[?2026l[?2026h[?25l[A[1Gpulling manifest [K
pulling fd7b6731c33c:  62% ▕███████████       ▏ 5.6 GB/9.1 GB  145 MB/s     23s[K[?25h[?2026l[?2026h[?25l[A[1Gpulling manifest [K
pulling fd7b6731c33c:  62% ▕███████████       ▏ 5.6 GB/9.1 GB  145 MB/s     23s[K[?25h[?2026l[?2026h[?25l[A[1Gpulling manifest [K
pulling fd7b6731c33c:  62% ▕███████████       ▏ 5.6 GB/9.1 GB  145 MB/s     23s[K[?25h[?2026l[?2026h[?25l[A[1Gpulling manifest [K
pulling fd7b6731c33c:  63% ▕███████████       ▏ 5.7 GB/9.1 GB  145 MB/s     23s[K[?25h[?2026l[?2026h[?25l[A[1Gpulling manifest [K
pulling fd7b6731c33c:  63% ▕███████████       ▏ 5.7 GB/9.1 GB  145 MB/s     23s[K[?25h[?2026l[?2026h[?25l[A[1Gpulling manifest [K
pulling fd7b6731c33c:  63% ▕███████████       ▏ 5.7 GB/9.1 GB  144 MB/s     23s[K[?25h[?2026l[?2026h[?25l[A[1Gpulling manifest [K
pulling fd7b6731c33c:  63% ▕███████████       ▏ 5.7 GB/9.1 GB  144 MB/s     23s[K[?25h[?2026l[?2026h[?25l[A[1Gpulling manifest [K
pulling fd7b6731c33c:  63% ▕███████████       ▏ 5.7 GB/9.1 GB  144 MB/s     23s[K[?25h[?2026l[?2026h[?25l[A[1Gpulling manifest [K
pulling fd7b6731c33c:  63% ▕███████████       ▏ 5.7 GB/9.1 GB  144 MB/s     22s[K[?25h[?2026l[?2026h[?25l[A[1Gpulling manifest [K
pulling fd7b6731c33c:  63% ▕███████████       ▏ 5.7 GB/9.1 GB  144 MB/s     22s[K[?25h[?2026l[?2026h[?25l[A[1Gpulling manifest [K
pulling fd7b6731c33c:  64% ▕███████████       ▏ 5.8 GB/9.1 GB  144 MB/s     22s[K[?25h[?2026l[?2026h[?25l[A[1Gpulling manifest [K
pulling fd7b6731c33c:  64% ▕███████████       ▏ 5.8 GB/9.1 GB  144 MB/s     22s[K[?25h[?2026l[?2026h[?25l[A[1Gpulling manifest [K
pulling fd7b6731c33c:  64% ▕███████████       ▏ 5.8 GB/9.1 GB  144 MB/s     22s[K[?25h[?2026l[?2026h[?25l[A[1Gpulling manifest [K
pulling fd7b6731c33c:  64% ▕███████████       ▏ 5.8 GB/9.1 GB  144 MB/s     22s[K[?25h[?2026l[?2026h[?25l[A[1Gpulling manifest [K
pulling fd7b6731c33c:  64% ▕███████████       ▏ 5.8 GB/9.1 GB  144 MB/s     22s[K[?25h[?2026l[?2026h[?25l[A[1Gpulling manifest [K
pulling fd7b6731c33c:  64% ▕███████████       ▏ 5.8 GB/9.1 GB  146 MB/s     22s[K[?25h[?2026l[?2026h[?25l[A[1Gpulling manifest [K
pulling fd7b6731c33c:  65% ▕███████████       ▏ 5.8 GB/9.1 GB  146 MB/s     21s[K[?25h[?2026l[?2026h[?25l[A[1Gpulling manifest [K
pulling fd7b6731c33c:  65% ▕███████████       ▏ 5.9 GB/9.1 GB  146 MB/s     21s[K[?25h[?2026l[?2026h[?25l[A[1Gpulling manifest [K
pulling fd7b6731c33c:  65% ▕███████████       ▏ 5.9 GB/9.1 GB  146 MB/s     21s[K[?25h[?2026l[?2026h[?25l[A[1Gpulling manifest [K
pulling fd7b6731c33c:  65% ▕███████████       ▏ 5.9 GB/9.1 GB  146 MB/s     21s[K[?25h[?2026l[?2026h[?25l[A[1Gpulling manifest [K
pulling fd7b6731c33c:  65% ▕███████████       ▏ 5.9 GB/9.1 GB  146 MB/s     21s[K[?25h[?2026l[?2026h[?25l[A[1Gpulling manifest [K
pulling fd7b6731c33c:  65% ▕███████████       ▏ 5.9 GB/9.1 GB  146 MB/s     21s[K[?25h[?2026l[?2026h[?25l[A[1Gpulling manifest [K
pulling fd7b6731c33c:  65% ▕███████████       ▏ 5.9 GB/9.1 GB  146 MB/s     21s[K[?25h[?2026l[?2026h[?25l[A[1Gpulling manifest [K
pulling fd7b6731c33c:  65% ▕███████████       ▏ 5.9 GB/9.1 GB  146 MB/s     21s[K[?25h[?2026l[?2026h[?25l[A[1Gpulling manifest [K
pulling fd7b6731c33c:  65% ▕███████████       ▏ 5.9 GB/9.1 GB  146 MB/s     21s[K[?25h[?2026l[?2026h[?25l[A[1Gpulling manifest [K
pulling fd7b6731c33c:  66% ▕███████████       ▏ 5.9 GB/9.1 GB  143 MB/s     21s[K[?25h[?2026l[?2026h[?25l[A[1Gpulling manifest [K
pulling fd7b6731c33c:  66% ▕███████████       ▏ 6.0 GB/9.1 GB  143 MB/s     21s[K[?25h[?2026l[?2026h[?25l[A[1Gpulling manifest [K
pulling fd7b6731c33c:  66% ▕███████████       ▏ 6.0 GB/9.1 GB  143 MB/s     21s[K[?25h[?2026l[?2026h[?25l[A[1Gpulling manifest [K
pulling fd7b6731c33c:  66% ▕███████████       ▏ 6.0 GB/9.1 GB  143 MB/s     21s[K[?25h[?2026l[?2026h[?25l[A[1Gpulling manifest [K
pulling fd7b6731c33c:  66% ▕███████████       ▏ 6.0 GB/9.1 GB  143 MB/s     21s[K[?25h[?2026l[?2026h[?25l[A[1Gpulling manifest [K
pulling fd7b6731c33c:  66% ▕███████████       ▏ 6.0 GB/9.1 GB  143 MB/s     21s[K[?25h[?2026l[?2026h[?25l[A[1Gpulling manifest [K
pulling fd7b6731c33c:  66% ▕███████████       ▏ 6.0 GB/9.1 GB  143 MB/s     21s[K[?25h[?2026l[?2026h[?25l[A[1Gpulling manifest [K
pulling fd7b6731c33c:  67% ▕███████████       ▏ 6.0 GB/9.1 GB  143 MB/s     21s[K[?25h[?2026l[?2026h[?25l[A[1Gpulling manifest [K
pulling fd7b6731c33c:  67% ▕████████████      ▏ 6.0 GB/9.1 GB  143 MB/s     21s[K[?25h[?2026l[?2026h[?25l[A[1Gpulling manifest [K
pulling fd7b6731c33c:  67% ▕████████████      ▏ 6.1 GB/9.1 GB  143 MB/s     20s[K[?25h[?2026l[?2026h[?25l[A[1Gpulling manifest [K
pulling fd7b6731c33c:  67% ▕████████████      ▏ 6.1 GB/9.1 GB  140 MB/s     21s[K[?25h[?2026l[?2026h[?25l[A[1Gpulling manifest [K
pulling fd7b6731c33c:  67% ▕████████████      ▏ 6.1 GB/9.1 GB  140 MB/s     21s[K[?25h[?2026l[?2026h[?25l[A[1Gpulling manifest [K
pulling fd7b6731c33c:  67% ▕████████████      ▏ 6.1 GB/9.1 GB  140 MB/s     21s[K[?25h[?2026l[?2026h[?25l[A[1Gpulling manifest [K
pulling fd7b6731c33c:  67% ▕████████████      ▏ 6.1 GB/9.1 GB  140 MB/s     20s[K[?25h[?2026l[?2026h[?25l[A[1Gpulling manifest [K
pulling fd7b6731c33c:  68% ▕████████████      ▏ 6.1 GB/9.1 GB  140 MB/s     20s[K[?25h[?2026l[?2026h[?25l[A[1Gpulling manifest [K
pulling fd7b6731c33c:  68% ▕████████████      ▏ 6.1 GB/9.1 GB  140 MB/s     20s[K[?25h[?2026l[?2026h[?25l[A[1Gpulling manifest [K
pulling fd7b6731c33c:  68% ▕████████████      ▏ 6.1 GB/9.1 GB  140 MB/s     20s[K[?25h[?2026l[?2026h[?25l[A[1Gpulling manifest [K
pulling fd7b6731c33c:  68% ▕████████████      ▏ 6.2 GB/9.1 GB  140 MB/s     20s[K[?25h[?2026l[?2026h[?25l[A[1Gpulling manifest [K
pulling fd7b6731c33c:  68% ▕████████████      ▏ 6.2 GB/9.1 GB  140 MB/s     20s[K[?25h[?2026l[?2026h[?25l[A[1Gpulling manifest [K
pulling fd7b6731c33c:  68% ▕████████████      ▏ 6.2 GB/9.1 GB  140 MB/s     20s[K[?25h[?2026l[?2026h[?25l[A[1Gpulling manifest [K
pulling fd7b6731c33c:  69% ▕████████████      ▏ 6.2 GB/9.1 GB  140 MB/s     20s[K[?25h[?2026l[?2026h[?25l[A[1Gpulling manifest [K
pulling fd7b6731c33c:  69% ▕████████████      ▏ 6.2 GB/9.1 GB  140 MB/s     20s[K[?25h[?2026l[?2026h[?25l[A[1Gpulling manifest [K
pulling fd7b6731c33c:  69% ▕████████████      ▏ 6.2 GB/9.1 GB  140 MB/s     20s[K[?25h[?2026l[?2026h[?25l[A[1Gpulling manifest [K
pulling fd7b6731c33c:  69% ▕████████████      ▏ 6.3 GB/9.1 GB  140 MB/s     19s[K[?25h[?2026l[?2026h[?25l[A[1Gpulling manifest [K
pulling fd7b6731c33c:  69% ▕████████████      ▏ 6.3 GB/9.1 GB  140 MB/s     19s[K[?25h[?2026l[?2026h[?25l[A[1Gpulling manifest [K
pulling fd7b6731c33c:  69% ▕████████████      ▏ 6.3 GB/9.1 GB  140 MB/s     19s[K[?25h[?2026l[?2026h[?25l[A[1Gpulling manifest [K
pulling fd7b6731c33c:  70% ▕████████████      ▏ 6.3 GB/9.1 GB  140 MB/s     19s[K[?25h[?2026l[?2026h[?25l[A[1Gpulling manifest [K
pulling fd7b6731c33c:  70% ▕████████████      ▏ 6.3 GB/9.1 GB  140 MB/s     19s[K[?25h[?2026l[?2026h[?25l[A[1Gpulling manifest [K
pulling fd7b6731c33c:  70% ▕████████████      ▏ 6.3 GB/9.1 GB  140 MB/s     19s[K[?25h[?2026l[?2026h[?25l[A[1Gpulling manifest [K
pulling fd7b6731c33c:  70% ▕████████████      ▏ 6.3 GB/9.1 GB  140 MB/s     19s[K[?25h[?2026l[?2026h[?25l[A[1Gpulling manifest [K
pulling fd7b6731c33c:  70% ▕████████████      ▏ 6.4 GB/9.1 GB  140 MB/s     19s[K[?25h[?2026l[?2026h[?25l[A[1Gpulling manifest [K
pulling fd7b6731c33c:  70% ▕████████████      ▏ 6.4 GB/9.1 GB  139 MB/s     19s[K[?25h[?2026l[?2026h[?25l[A[1Gpulling manifest [K
pulling fd7b6731c33c:  71% ▕████████████      ▏ 6.4 GB/9.1 GB  139 MB/s     19s[K[?25h[?2026l[?2026h[?25l[A[1Gpulling manifest [K
pulling fd7b6731c33c:  71% ▕████████████      ▏ 6.4 GB/9.1 GB  139 MB/s     19s[K[?25h[?2026l[?2026h[?25l[A[1Gpulling manifest [K
pulling fd7b6731c33c:  71% ▕████████████      ▏ 6.4 GB/9.1 GB  139 MB/s     18s[K[?25h[?2026l[?2026h[?25l[A[1Gpulling manifest [K
pulling fd7b6731c33c:  71% ▕████████████      ▏ 6.4 GB/9.1 GB  139 MB/s     18s[K[?25h[?2026l[?2026h[?25l[A[1Gpulling manifest [K
pulling fd7b6731c33c:  71% ▕████████████      ▏ 6.4 GB/9.1 GB  139 MB/s     18s[K[?25h[?2026l[?2026h[?25l[A[1Gpulling manifest [K
pulling fd7b6731c33c:  71% ▕████████████      ▏ 6.5 GB/9.1 GB  139 MB/s     18s[K[?25h[?2026l[?2026h[?25l[A[1Gpulling manifest [K
pulling fd7b6731c33c:  72% ▕████████████      ▏ 6.5 GB/9.1 GB  139 MB/s     18s[K[?25h[?2026l[?2026h[?25l[A[1Gpulling manifest [K
pulling fd7b6731c33c:  72% ▕████████████      ▏ 6.5 GB/9.1 GB  139 MB/s     18s[K[?25h[?2026l[?2026h[?25l[A[1Gpulling manifest [K
pulling fd7b6731c33c:  72% ▕████████████      ▏ 6.5 GB/9.1 GB  139 MB/s     18s[K[?25h[?2026l[?2026h[?25l[A[1Gpulling manifest [K
pulling fd7b6731c33c:  72% ▕████████████      ▏ 6.5 GB/9.1 GB  141 MB/s     17s[K[?25h[?2026l[?2026h[?25l[A[1Gpulling manifest [K
pulling fd7b6731c33c:  72% ▕████████████      ▏ 6.5 GB/9.1 GB  141 MB/s     17s[K[?25h[?2026l[?2026h[?25l[A[1Gpulling manifest [K
pulling fd7b6731c33c:  72% ▕█████████████     ▏ 6.5 GB/9.1 GB  141 MB/s     17s[K[?25h[?2026l[?2026h[?25l[A[1Gpulling manifest [K
pulling fd7b6731c33c:  73% ▕█████████████     ▏ 6.6 GB/9.1 GB  141 MB/s     17s[K[?25h[?2026l[?2026h[?25l[A[1Gpulling manifest [K
pulling fd7b6731c33c:  73% ▕█████████████     ▏ 6.6 GB/9.1 GB  141 MB/s     17s[K[?25h[?2026l[?2026h[?25l[A[1Gpulling manifest [K
pulling fd7b6731c33c:  73% ▕█████████████     ▏ 6.6 GB/9.1 GB  141 MB/s     17s[K[?25h[?2026l[?2026h[?25l[A[1Gpulling manifest [K
pulling fd7b6731c33c:  73% ▕█████████████     ▏ 6.6 GB/9.1 GB  141 MB/s     17s[K[?25h[?2026l[?2026h[?25l[A[1Gpulling manifest [K
pulling fd7b6731c33c:  73% ▕█████████████     ▏ 6.6 GB/9.1 GB  141 MB/s     17s[K[?25h[?2026l[?2026h[?25l[A[1Gpulling manifest [K
pulling fd7b6731c33c:  73% ▕█████████████     ▏ 6.6 GB/9.1 GB  141 MB/s     17s[K[?25h[?2026l[?2026h[?25l[A[1Gpulling manifest [K
pulling fd7b6731c33c:  73% ▕█████████████     ▏ 6.7 GB/9.1 GB  141 MB/s     16s[K[?25h[?2026l[?2026h[?25l[A[1Gpulling manifest [K
pulling fd7b6731c33c:  74% ▕█████████████     ▏ 6.7 GB/9.1 GB  143 MB/s     16s[K[?25h[?2026l[?2026h[?25l[A[1Gpulling manifest [K
pulling fd7b6731c33c:  74% ▕█████████████     ▏ 6.7 GB/9.1 GB  143 MB/s     16s[K[?25h[?2026l[?2026h[?25l[A[1Gpulling manifest [K
pulling fd7b6731c33c:  74% ▕█████████████     ▏ 6.7 GB/9.1 GB  143 MB/s     16s[K[?25h[?2026l[?2026h[?25l[A[1Gpulling manifest [K
pulling fd7b6731c33c:  74% ▕█████████████     ▏ 6.7 GB/9.1 GB  143 MB/s     16s[K[?25h[?2026l[?2026h[?25l[A[1Gpulling manifest [K
pulling fd7b6731c33c:  74% ▕█████████████     ▏ 6.7 GB/9.1 GB  143 MB/s     16s[K[?25h[?2026l[?2026h[?25l[A[1Gpulling manifest [K
pulling fd7b6731c33c:  74% ▕█████████████     ▏ 6.7 GB/9.1 GB  143 MB/s     16s[K[?25h[?2026l[?2026h[?25l[A[1Gpulling manifest [K
pulling fd7b6731c33c:  75% ▕█████████████     ▏ 6.7 GB/9.1 GB  143 MB/s     16s[K[?25h[?2026l[?2026h[?25l[A[1Gpulling manifest [K
pulling fd7b6731c33c:  75% ▕█████████████     ▏ 6.8 GB/9.1 GB  143 MB/s     16s[K[?25h[?2026l[?2026h[?25l[A[1Gpulling manifest [K
pulling fd7b6731c33c:  75% ▕█████████████     ▏ 6.8 GB/9.1 GB  143 MB/s     15s[K[?25h[?2026l[?2026h[?25l[A[1Gpulling manifest [K
pulling fd7b6731c33c:  75% ▕█████████████     ▏ 6.8 GB/9.1 GB  143 MB/s     15s[K[?25h[?2026l[?2026h[?25l[A[1Gpulling manifest [K
pulling fd7b6731c33c:  75% ▕█████████████     ▏ 6.8 GB/9.1 GB  142 MB/s     15s[K[?25h[?2026l[?2026h[?25l[A[1Gpulling manifest [K
pulling fd7b6731c33c:  75% ▕█████████████     ▏ 6.8 GB/9.1 GB  142 MB/s     15s[K[?25h[?2026l[?2026h[?25l[A[1Gpulling manifest [K
pulling fd7b6731c33c:  76% ▕█████████████     ▏ 6.8 GB/9.1 GB  142 MB/s     15s[K[?25h[?2026l[?2026h[?25l[A[1Gpulling manifest [K
pulling fd7b6731c33c:  76% ▕█████████████     ▏ 6.9 GB/9.1 GB  142 MB/s     15s[K[?25h[?2026l[?2026h[?25l[A[1Gpulling manifest [K
pulling fd7b6731c33c:  76% ▕█████████████     ▏ 6.9 GB/9.1 GB  142 MB/s     15s[K[?25h[?2026l[?2026h[?25l[A[1Gpulling manifest [K
pulling fd7b6731c33c:  76% ▕█████████████     ▏ 6.9 GB/9.1 GB  142 MB/s     15s[K[?25h[?2026l[?2026h[?25l[A[1Gpulling manifest [K
pulling fd7b6731c33c:  76% ▕█████████████     ▏ 6.9 GB/9.1 GB  142 MB/s     15s[K[?25h[?2026l[?2026h[?25l[A[1Gpulling manifest [K
pulling fd7b6731c33c:  76% ▕█████████████     ▏ 6.9 GB/9.1 GB  142 MB/s     14s[K[?25h[?2026l[?2026h[?25l[A[1Gpulling manifest [K
pulling fd7b6731c33c:  77% ▕█████████████     ▏ 6.9 GB/9.1 GB  142 MB/s     14s[K[?25h[?2026l[?2026h[?25l[A[1Gpulling manifest [K
pulling fd7b6731c33c:  77% ▕█████████████     ▏ 6.9 GB/9.1 GB  142 MB/s     14s[K[?25h[?2026l[?2026h[?25l[A[1Gpulling manifest [K
pulling fd7b6731c33c:  77% ▕█████████████     ▏ 7.0 GB/9.1 GB  142 MB/s     14s[K[?25h[?2026l[?2026h[?25l[A[1Gpulling manifest [K
pulling fd7b6731c33c:  77% ▕█████████████     ▏ 7.0 GB/9.1 GB  142 MB/s     14s[K[?25h[?2026l[?2026h[?25l[A[1Gpulling manifest [K
pulling fd7b6731c33c:  77% ▕█████████████     ▏ 7.0 GB/9.1 GB  142 MB/s     14s[K[?25h[?2026l[?2026h[?25l[A[1Gpulling manifest [K
pulling fd7b6731c33c:  77% ▕█████████████     ▏ 7.0 GB/9.1 GB  142 MB/s     14s[K[?25h[?2026l[?2026h[?25l[A[1Gpulling manifest [K
pulling fd7b6731c33c:  78% ▕█████████████     ▏ 7.0 GB/9.1 GB  142 MB/s     14s[K[?25h[?2026l[?2026h[?25l[A[1Gpulling manifest [K
pulling fd7b6731c33c:  78% ▕██████████████    ▏ 7.1 GB/9.1 GB  142 MB/s     14s[K[?25h[?2026l[?2026h[?25l[A[1Gpulling manifest [K
pulling fd7b6731c33c:  78% ▕██████████████    ▏ 7.1 GB/9.1 GB  142 MB/s     13s[K[?25h[?2026l[?2026h[?25l[A[1Gpulling manifest [K
pulling fd7b6731c33c:  78% ▕██████████████    ▏ 7.1 GB/9.1 GB  142 MB/s     13s[K[?25h[?2026l[?2026h[?25l[A[1Gpulling manifest [K
pulling fd7b6731c33c:  78% ▕██████████████    ▏ 7.1 GB/9.1 GB  142 MB/s     13s[K[?25h[?2026l[?2026h[?25l[A[1Gpulling manifest [K
pulling fd7b6731c33c:  78% ▕██████████████    ▏ 7.1 GB/9.1 GB  142 MB/s     13s[K[?25h[?2026l[?2026h[?25l[A[1Gpulling manifest [K
pulling fd7b6731c33c:  79% ▕██████████████    ▏ 7.1 GB/9.1 GB  142 MB/s     13s[K[?25h[?2026l[?2026h[?25l[A[1Gpulling manifest [K
pulling fd7b6731c33c:  79% ▕██████████████    ▏ 7.1 GB/9.1 GB  145 MB/s     13s[K[?25h[?2026l[?2026h[?25l[A[1Gpulling manifest [K
pulling fd7b6731c33c:  79% ▕██████████████    ▏ 7.2 GB/9.1 GB  145 MB/s     13s[K[?25h[?2026l[?2026h[?25l[A[1Gpulling manifest [K
pulling fd7b6731c33c:  79% ▕██████████████    ▏ 7.2 GB/9.1 GB  145 MB/s     12s[K[?25h[?2026l[?2026h[?25l[A[1Gpulling manifest [K
pulling fd7b6731c33c:  79% ▕██████████████    ▏ 7.2 GB/9.1 GB  145 MB/s     12s[K[?25h[?2026l[?2026h[?25l[A[1Gpulling manifest [K
pulling fd7b6731c33c:  80% ▕██████████████    ▏ 7.2 GB/9.1 GB  145 MB/s     12s[K[?25h[?2026l[?2026h[?25l[A[1Gpulling manifest [K
pulling fd7b6731c33c:  80% ▕██████████████    ▏ 7.2 GB/9.1 GB  145 MB/s     12s[K[?25h[?2026l[?2026h[?25l[A[1Gpulling manifest [K
pulling fd7b6731c33c:  80% ▕██████████████    ▏ 7.2 GB/9.1 GB  145 MB/s     12s[K[?25h[?2026l[?2026h[?25l[A[1Gpulling manifest [K
pulling fd7b6731c33c:  80% ▕██████████████    ▏ 7.2 GB/9.1 GB  145 MB/s     12s[K[?25h[?2026l[?2026h[?25l[A[1Gpulling manifest [K
pulling fd7b6731c33c:  80% ▕██████████████    ▏ 7.3 GB/9.1 GB  145 MB/s     12s[K[?25h[?2026l[?2026h[?25l[A[1Gpulling manifest [K
pulling fd7b6731c33c:  80% ▕██████████████    ▏ 7.3 GB/9.1 GB  145 MB/s     12s[K[?25h[?2026l[?2026h[?25l[A[1Gpulling manifest [K
pulling fd7b6731c33c:  81% ▕██████████████    ▏ 7.3 GB/9.1 GB  149 MB/s     11s[K[?25h[?2026l[?2026h[?25l[A[1Gpulling manifest [K
pulling fd7b6731c33c:  81% ▕██████████████    ▏ 7.3 GB/9.1 GB  149 MB/s     11s[K[?25h[?2026l[?2026h[?25l[A[1Gpulling manifest [K
pulling fd7b6731c33c:  81% ▕██████████████    ▏ 7.3 GB/9.1 GB  149 MB/s     11s[K[?25h[?2026l[?2026h[?25l[A[1Gpulling manifest [K
pulling fd7b6731c33c:  81% ▕██████████████    ▏ 7.3 GB/9.1 GB  149 MB/s     11s[K[?25h[?2026l[?2026h[?25l[A[1Gpulling manifest [K
pulling fd7b6731c33c:  81% ▕██████████████    ▏ 7.3 GB/9.1 GB  149 MB/s     11s[K[?25h[?2026l[?2026h[?25l[A[1Gpulling manifest [K
pulling fd7b6731c33c:  81% ▕██████████████    ▏ 7.3 GB/9.1 GB  149 MB/s     11s[K[?25h[?2026l[?2026h[?25l[A[1Gpulling manifest [K
pulling fd7b6731c33c:  81% ▕██████████████    ▏ 7.4 GB/9.1 GB  149 MB/s     11s[K[?25h[?2026l[?2026h[?25l[A[1Gpulling manifest [K
pulling fd7b6731c33c:  82% ▕██████████████    ▏ 7.4 GB/9.1 GB  149 MB/s     11s[K[?25h[?2026l[?2026h[?25l[A[1Gpulling manifest [K
pulling fd7b6731c33c:  82% ▕██████████████    ▏ 7.4 GB/9.1 GB  149 MB/s     11s[K[?25h[?2026l[?2026h[?25l[A[1Gpulling manifest [K
pulling fd7b6731c33c:  82% ▕██████████████    ▏ 7.4 GB/9.1 GB  149 MB/s     10s[K[?25h[?2026l[?2026h[?25l[A[1Gpulling manifest [K
pulling fd7b6731c33c:  82% ▕██████████████    ▏ 7.4 GB/9.1 GB  151 MB/s     10s[K[?25h[?2026l[?2026h[?25l[A[1Gpulling manifest [K
pulling fd7b6731c33c:  82% ▕██████████████    ▏ 7.4 GB/9.1 GB  151 MB/s     10s[K[?25h[?2026l[?2026h[?25l[A[1Gpulling manifest [K
pulling fd7b6731c33c:  82% ▕██████████████    ▏ 7.5 GB/9.1 GB  151 MB/s     10s[K[?25h[?2026l[?2026h[?25l[A[1Gpulling manifest [K
pulling fd7b6731c33c:  83% ▕██████████████    ▏ 7.5 GB/9.1 GB  151 MB/s     10s[K[?25h[?2026l[?2026h[?25l[A[1Gpulling manifest [K
pulling fd7b6731c33c:  83% ▕██████████████    ▏ 7.5 GB/9.1 GB  151 MB/s     10s[K[?25h[?2026l[?2026h[?25l[A[1Gpulling manifest [K
pulling fd7b6731c33c:  83% ▕██████████████    ▏ 7.5 GB/9.1 GB  151 MB/s     10s[K[?25h[?2026l[?2026h[?25l[A[1Gpulling manifest [K
pulling fd7b6731c33c:  83% ▕██████████████    ▏ 7.5 GB/9.1 GB  151 MB/s     10s[K[?25h[?2026l[?2026h[?25l[A[1Gpulling manifest [K
pulling fd7b6731c33c:  83% ▕██████████████    ▏ 7.5 GB/9.1 GB  151 MB/s     10s[K[?25h[?2026l[?2026h[?25l[A[1Gpulling manifest [K
pulling fd7b6731c33c:  83% ▕██████████████    ▏ 7.5 GB/9.1 GB  151 MB/s      9s[K[?25h[?2026l[?2026h[?25l[A[1Gpulling manifest [K
pulling fd7b6731c33c:  84% ▕███████████████   ▏ 7.6 GB/9.1 GB  151 MB/s      9s[K[?25h[?2026l[?2026h[?25l[A[1Gpulling manifest [K
pulling fd7b6731c33c:  84% ▕███████████████   ▏ 7.6 GB/9.1 GB  151 MB/s      9s[K[?25h[?2026l[?2026h[?25l[A[1Gpulling manifest [K
pulling fd7b6731c33c:  84% ▕███████████████   ▏ 7.6 GB/9.1 GB  151 MB/s      9s[K[?25h[?2026l[?2026h[?25l[A[1Gpulling manifest [K
pulling fd7b6731c33c:  84% ▕███████████████   ▏ 7.6 GB/9.1 GB  151 MB/s      9s[K[?25h[?2026l[?2026h[?25l[A[1Gpulling manifest [K
pulling fd7b6731c33c:  84% ▕███████████████   ▏ 7.6 GB/9.1 GB  151 MB/s      9s[K[?25h[?2026l[?2026h[?25l[A[1Gpulling manifest [K
pulling fd7b6731c33c:  84% ▕███████████████   ▏ 7.6 GB/9.1 GB  151 MB/s      9s[K[?25h[?2026l[?2026h[?25l[A[1Gpulling manifest [K
pulling fd7b6731c33c:  84% ▕███████████████   ▏ 7.6 GB/9.1 GB  151 MB/s      9s[K[?25h[?2026l[?2026h[?25l[A[1Gpulling manifest [K
pulling fd7b6731c33c:  85% ▕███████████████   ▏ 7.7 GB/9.1 GB  151 MB/s      9s[K[?25h[?2026l[?2026h[?25l[A[1Gpulling manifest [K
pulling fd7b6731c33c:  85% ▕███████████████   ▏ 7.7 GB/9.1 GB  151 MB/s      9s[K[?25h[?2026l[?2026h[?25l[A[1Gpulling manifest [K
pulling fd7b6731c33c:  85% ▕███████████████   ▏ 7.7 GB/9.1 GB  151 MB/s      9s[K[?25h[?2026l[?2026h[?25l[A[1Gpulling manifest [K
pulling fd7b6731c33c:  85% ▕███████████████   ▏ 7.7 GB/9.1 GB  151 MB/s      9s[K[?25h[?2026l[?2026h[?25l[A[1Gpulling manifest [K
pulling fd7b6731c33c:  85% ▕███████████████   ▏ 7.7 GB/9.1 GB  151 MB/s      8s[K[?25h[?2026l[?2026h[?25l[A[1Gpulling manifest [K
pulling fd7b6731c33c:  85% ▕███████████████   ▏ 7.7 GB/9.1 GB  149 MB/s      8s[K[?25h[?2026l[?2026h[?25l[A[1Gpulling manifest [K
pulling fd7b6731c33c:  85% ▕███████████████   ▏ 7.7 GB/9.1 GB  149 MB/s      8s[K[?25h[?2026l[?2026h[?25l[A[1Gpulling manifest [K
pulling fd7b6731c33c:  86% ▕███████████████   ▏ 7.7 GB/9.1 GB  149 MB/s      8s[K[?25h[?2026l[?2026h[?25l[A[1Gpulling manifest [K
pulling fd7b6731c33c:  86% ▕███████████████   ▏ 7.8 GB/9.1 GB  149 MB/s      8s[K[?25h[?2026l[?2026h[?25l[A[1Gpulling manifest [K
pulling fd7b6731c33c:  86% ▕███████████████   ▏ 7.8 GB/9.1 GB  149 MB/s      8s[K[?25h[?2026l[?2026h[?25l[A[1Gpulling manifest [K
pulling fd7b6731c33c:  86% ▕███████████████   ▏ 7.8 GB/9.1 GB  149 MB/s      8s[K[?25h[?2026l[?2026h[?25l[A[1Gpulling manifest [K
pulling fd7b6731c33c:  86% ▕███████████████   ▏ 7.8 GB/9.1 GB  149 MB/s      8s[K[?25h[?2026l[?2026h[?25l[A[1Gpulling manifest [K
pulling fd7b6731c33c:  86% ▕███████████████   ▏ 7.8 GB/9.1 GB  149 MB/s      8s[K[?25h[?2026l[?2026h[?25l[A[1Gpulling manifest [K
pulling fd7b6731c33c:  86% ▕███████████████   ▏ 7.8 GB/9.1 GB  149 MB/s      8s[K[?25h[?2026l[?2026h[?25l[A[1Gpulling manifest [K
pulling fd7b6731c33c:  87% ▕███████████████   ▏ 7.8 GB/9.1 GB  149 MB/s      8s[K[?25h[?2026l[?2026h[?25l[A[1Gpulling manifest [K
pulling fd7b6731c33c:  87% ▕███████████████   ▏ 7.9 GB/9.1 GB  147 MB/s      8s[K[?25h[?2026l[?2026h[?25l[A[1Gpulling manifest [K
pulling fd7b6731c33c:  87% ▕███████████████   ▏ 7.9 GB/9.1 GB  147 MB/s      8s[K[?25h[?2026l[?2026h[?25l[A[1Gpulling manifest [K
pulling fd7b6731c33c:  87% ▕███████████████   ▏ 7.9 GB/9.1 GB  147 MB/s      7s[K[?25h[?2026l[?2026h[?25l[A[1Gpulling manifest [K
pulling fd7b6731c33c:  87% ▕███████████████   ▏ 7.9 GB/9.1 GB  147 MB/s      7s[K[?25h[?2026l[?2026h[?25l[A[1Gpulling manifest [K
pulling fd7b6731c33c:  87% ▕███████████████   ▏ 7.9 GB/9.1 GB  147 MB/s      7s[K[?25h[?2026l[?2026h[?25l[A[1Gpulling manifest [K
pulling fd7b6731c33c:  87% ▕███████████████   ▏ 7.9 GB/9.1 GB  147 MB/s      7s[K[?25h[?2026l[?2026h[?25l[A[1Gpulling manifest [K
pulling fd7b6731c33c:  88% ▕███████████████   ▏ 7.9 GB/9.1 GB  147 MB/s      7s[K[?25h[?2026l[?2026h[?25l[A[1Gpulling manifest [K
pulling fd7b6731c33c:  88% ▕███████████████   ▏ 7.9 GB/9.1 GB  147 MB/s      7s[K[?25h[?2026l[?2026h[?25l[A[1Gpulling manifest [K
pulling fd7b6731c33c:  88% ▕███████████████   ▏ 8.0 GB/9.1 GB  147 MB/s      7s[K[?25h[?2026l[?2026h[?25l[A[1Gpulling manifest [K
pulling fd7b6731c33c:  88% ▕███████████████   ▏ 8.0 GB/9.1 GB  147 MB/s      7s[K[?25h[?2026l[?2026h[?25l[A[1Gpulling manifest [K
pulling fd7b6731c33c:  88% ▕███████████████   ▏ 8.0 GB/9.1 GB  145 MB/s      7s[K[?25h[?2026l[?2026h[?25l[A[1Gpulling manifest [K
pulling fd7b6731c33c:  88% ▕███████████████   ▏ 8.0 GB/9.1 GB  145 MB/s      7s[K[?25h[?2026l[?2026h[?25l[A[1Gpulling manifest [K
pulling fd7b6731c33c:  89% ▕███████████████   ▏ 8.0 GB/9.1 GB  145 MB/s      7s[K[?25h[?2026l[?2026h[?25l[A[1Gpulling manifest [K
pulling fd7b6731c33c:  89% ▕███████████████   ▏ 8.0 GB/9.1 GB  145 MB/s      7s[K[?25h[?2026l[?2026h[?25l[A[1Gpulling manifest [K
pulling fd7b6731c33c:  89% ▕███████████████   ▏ 8.0 GB/9.1 GB  145 MB/s      6s[K[?25h[?2026l[?2026h[?25l[A[1Gpulling manifest [K
pulling fd7b6731c33c:  89% ▕████████████████  ▏ 8.1 GB/9.1 GB  145 MB/s      6s[K[?25h[?2026l[?2026h[?25l[A[1Gpulling manifest [K
pulling fd7b6731c33c:  89% ▕████████████████  ▏ 8.1 GB/9.1 GB  145 MB/s      6s[K[?25h[?2026l[?2026h[?25l[A[1Gpulling manifest [K
pulling fd7b6731c33c:  89% ▕████████████████  ▏ 8.1 GB/9.1 GB  145 MB/s      6s[K[?25h[?2026l[?2026h[?25l[A[1Gpulling manifest [K
pulling fd7b6731c33c:  89% ▕████████████████  ▏ 8.1 GB/9.1 GB  145 MB/s      6s[K[?25h[?2026l[?2026h[?25l[A[1Gpulling manifest [K
pulling fd7b6731c33c:  90% ▕████████████████  ▏ 8.1 GB/9.1 GB  145 MB/s      6s[K[?25h[?2026l[?2026h[?25l[A[1Gpulling manifest [K
pulling fd7b6731c33c:  90% ▕████████████████  ▏ 8.1 GB/9.1 GB  145 MB/s      6s[K[?25h[?2026l[?2026h[?25l[A[1Gpulling manifest [K
pulling fd7b6731c33c:  90% ▕████████████████  ▏ 8.1 GB/9.1 GB  145 MB/s      6s[K[?25h[?2026l[?2026h[?25l[A[1Gpulling manifest [K
pulling fd7b6731c33c:  90% ▕████████████████  ▏ 8.1 GB/9.1 GB  145 MB/s      6s[K[?25h[?2026l[?2026h[?25l[A[1Gpulling manifest [K
pulling fd7b6731c33c:  90% ▕████████████████  ▏ 8.2 GB/9.1 GB  145 MB/s      6s[K[?25h[?2026l[?2026h[?25l[A[1Gpulling manifest [K
pulling fd7b6731c33c:  90% ▕████████████████  ▏ 8.2 GB/9.1 GB  145 MB/s      6s[K[?25h[?2026l[?2026h[?25l[A[1Gpulling manifest [K
pulling fd7b6731c33c:  90% ▕████████████████  ▏ 8.2 GB/9.1 GB  145 MB/s      5s[K[?25h[?2026l[?2026h[?25l[A[1Gpulling manifest [K
pulling fd7b6731c33c:  91% ▕████████████████  ▏ 8.2 GB/9.1 GB  145 MB/s      5s[K[?25h[?2026l[?2026h[?25l[A[1Gpulling manifest [K
pulling fd7b6731c33c:  91% ▕████████████████  ▏ 8.2 GB/9.1 GB  145 MB/s      5s[K[?25h[?2026l[?2026h[?25l[A[1Gpulling manifest [K
pulling fd7b6731c33c:  91% ▕████████████████  ▏ 8.2 GB/9.1 GB  145 MB/s      5s[K[?25h[?2026l[?2026h[?25l[A[1Gpulling manifest [K
pulling fd7b6731c33c:  91% ▕████████████████  ▏ 8.2 GB/9.1 GB  145 MB/s      5s[K[?25h[?2026l[?2026h[?25l[A[1Gpulling manifest [K
pulling fd7b6731c33c:  91% ▕████████████████  ▏ 8.2 GB/9.1 GB  145 MB/s      5s[K[?25h[?2026l[?2026h[?25l[A[1Gpulling manifest [K
pulling fd7b6731c33c:  91% ▕████████████████  ▏ 8.3 GB/9.1 GB  142 MB/s      5s[K[?25h[?2026l[?2026h[?25l[A[1Gpulling manifest [K
pulling fd7b6731c33c:  91% ▕████████████████  ▏ 8.3 GB/9.1 GB  142 MB/s      5s[K[?25h[?2026l[?2026h[?25l[A[1Gpulling manifest [K
pulling fd7b6731c33c:  91% ▕████████████████  ▏ 8.3 GB/9.1 GB  142 MB/s      5s[K[?25h[?2026l[?2026h[?25l[A[1Gpulling manifest [K
pulling fd7b6731c33c:  92% ▕████████████████  ▏ 8.3 GB/9.1 GB  142 MB/s      5s[K[?25h[?2026l[?2026h[?25l[A[1Gpulling manifest [K
pulling fd7b6731c33c:  92% ▕████████████████  ▏ 8.3 GB/9.1 GB  142 MB/s      5s[K[?25h[?2026l[?2026h[?25l[A[1Gpulling manifest [K
pulling fd7b6731c33c:  92% ▕████████████████  ▏ 8.3 GB/9.1 GB  142 MB/s      5s[K[?25h[?2026l[?2026h[?25l[A[1Gpulling manifest [K
pulling fd7b6731c33c:  92% ▕████████████████  ▏ 8.3 GB/9.1 GB  142 MB/s      5s[K[?25h[?2026l[?2026h[?25l[A[1Gpulling manifest [K
pulling fd7b6731c33c:  92% ▕████████████████  ▏ 8.3 GB/9.1 GB  142 MB/s      5s[K[?25h[?2026l[?2026h[?25l[A[1Gpulling manifest [K
pulling fd7b6731c33c:  92% ▕████████████████  ▏ 8.3 GB/9.1 GB  142 MB/s      5s[K[?25h[?2026l[?2026h[?25l[A[1Gpulling manifest [K
pulling fd7b6731c33c:  92% ▕████████████████  ▏ 8.3 GB/9.1 GB  142 MB/s      5s[K[?25h[?2026l[?2026h[?25l[A[1Gpulling manifest [K
pulling fd7b6731c33c:  92% ▕████████████████  ▏ 8.3 GB/9.1 GB  133 MB/s      5s[K[?25h[?2026l[?2026h[?25l[A[1Gpulling manifest [K
pulling fd7b6731c33c:  92% ▕████████████████  ▏ 8.4 GB/9.1 GB  133 MB/s      5s[K[?25h[?2026l[?2026h[?25l[A[1Gpulling manifest [K
pulling fd7b6731c33c:  92% ▕████████████████  ▏ 8.4 GB/9.1 GB  133 MB/s      5s[K[?25h[?2026l[?2026h[?25l[A[1Gpulling manifest [K
pulling fd7b6731c33c:  93% ▕████████████████  ▏ 8.4 GB/9.1 GB  133 MB/s      5s[K[?25h[?2026l[?2026h[?25l[A[1Gpulling manifest [K
pulling fd7b6731c33c:  93% ▕████████████████  ▏ 8.4 GB/9.1 GB  133 MB/s      4s[K[?25h[?2026l[?2026h[?25l[A[1Gpulling manifest [K
pulling fd7b6731c33c:  93% ▕████████████████  ▏ 8.4 GB/9.1 GB  133 MB/s      4s[K[?25h[?2026l[?2026h[?25l[A[1Gpulling manifest [K
pulling fd7b6731c33c:  93% ▕████████████████  ▏ 8.4 GB/9.1 GB  133 MB/s      4s[K[?25h[?2026l[?2026h[?25l[A[1Gpulling manifest [K
pulling fd7b6731c33c:  93% ▕████████████████  ▏ 8.4 GB/9.1 GB  133 MB/s      4s[K[?25h[?2026l[?2026h[?25l[A[1Gpulling manifest [K
pulling fd7b6731c33c:  93% ▕████████████████  ▏ 8.4 GB/9.1 GB  133 MB/s      4s[K[?25h[?2026l[?2026h[?25l[A[1Gpulling manifest [K
pulling fd7b6731c33c:  93% ▕████████████████  ▏ 8.4 GB/9.1 GB  133 MB/s      4s[K[?25h[?2026l[?2026h[?25l[A[1Gpulling manifest [K
pulling fd7b6731c33c:  93% ▕████████████████  ▏ 8.5 GB/9.1 GB  129 MB/s      4s[K[?25h[?2026l[?2026h[?25l[A[1Gpulling manifest [K
pulling fd7b6731c33c:  94% ▕████████████████  ▏ 8.5 GB/9.1 GB  129 MB/s      4s[K[?25h[?2026l[?2026h[?25l[A[1Gpulling manifest [K
pulling fd7b6731c33c:  94% ▕████████████████  ▏ 8.5 GB/9.1 GB  129 MB/s      4s[K[?25h[?2026l[?2026h[?25l[A[1Gpulling manifest [K
pulling fd7b6731c33c:  94% ▕████████████████  ▏ 8.5 GB/9.1 GB  129 MB/s      4s[K[?25h[?2026l[?2026h[?25l[A[1Gpulling manifest [K
pulling fd7b6731c33c:  94% ▕████████████████  ▏ 8.5 GB/9.1 GB  129 MB/s      4s[K[?25h[?2026l[?2026h[?25l[A[1Gpulling manifest [K
pulling fd7b6731c33c:  94% ▕████████████████  ▏ 8.5 GB/9.1 GB  129 MB/s      4s[K[?25h[?2026l[?2026h[?25l[A[1Gpulling manifest [K
pulling fd7b6731c33c:  94% ▕████████████████  ▏ 8.5 GB/9.1 GB  129 MB/s      4s[K[?25h[?2026l[?2026h[?25l[A[1Gpulling manifest [K
pulling fd7b6731c33c:  94% ▕████████████████  ▏ 8.5 GB/9.1 GB  129 MB/s      3s[K[?25h[?2026l[?2026h[?25l[A[1Gpulling manifest [K
pulling fd7b6731c33c:  95% ▕█████████████████ ▏ 8.6 GB/9.1 GB  129 MB/s      3s[K[?25h[?2026l[?2026h[?25l[A[1Gpulling manifest [K
pulling fd7b6731c33c:  95% ▕█████████████████ ▏ 8.6 GB/9.1 GB  129 MB/s      3s[K[?25h[?2026l[?2026h[?25l[A[1Gpulling manifest [K
pulling fd7b6731c33c:  95% ▕█████████████████ ▏ 8.6 GB/9.1 GB  127 MB/s      3s[K[?25h[?2026l[?2026h[?25l[A[1Gpulling manifest [K
pulling fd7b6731c33c:  95% ▕█████████████████ ▏ 8.6 GB/9.1 GB  127 MB/s      3s[K[?25h[?2026l[?2026h[?25l[A[1Gpulling manifest [K
pulling fd7b6731c33c:  95% ▕█████████████████ ▏ 8.6 GB/9.1 GB  127 MB/s      3s[K[?25h[?2026l[?2026h[?25l[A[1Gpulling manifest [K
pulling fd7b6731c33c:  95% ▕█████████████████ ▏ 8.6 GB/9.1 GB  127 MB/s      3s[K[?25h[?2026l[?2026h[?25l[A[1Gpulling manifest [K
pulling fd7b6731c33c:  95% ▕█████████████████ ▏ 8.6 GB/9.1 GB  127 MB/s      3s[K[?25h[?2026l[?2026h[?25l[A[1Gpulling manifest [K
pulling fd7b6731c33c:  95% ▕█████████████████ ▏ 8.6 GB/9.1 GB  127 MB/s      3s[K[?25h[?2026l[?2026h[?25l[A[1Gpulling manifest [K
pulling fd7b6731c33c:  95% ▕█████████████████ ▏ 8.6 GB/9.1 GB  127 MB/s      3s[K[?25h[?2026l[?2026h[?25l[A[1Gpulling manifest [K
pulling fd7b6731c33c:  95% ▕█████████████████ ▏ 8.6 GB/9.1 GB  127 MB/s      3s[K[?25h[?2026l[?2026h[?25l[A[1Gpulling manifest [K
pulling fd7b6731c33c:  96% ▕█████████████████ ▏ 8.7 GB/9.1 GB  127 MB/s      3s[K[?25h[?2026l[?2026h[?25l[A[1Gpulling manifest [K
pulling fd7b6731c33c:  96% ▕█████████████████ ▏ 8.7 GB/9.1 GB  127 MB/s      3s[K[?25h[?2026l[?2026h[?25l[A[1Gpulling manifest [K
pulling fd7b6731c33c:  96% ▕█████████████████ ▏ 8.7 GB/9.1 GB  121 MB/s      3s[K[?25h[?2026l[?2026h[?25l[A[1Gpulling manifest [K
pulling fd7b6731c33c:  96% ▕█████████████████ ▏ 8.7 GB/9.1 GB  121 MB/s      3s[K[?25h[?2026l[?2026h[?25l[A[1Gpulling manifest [K
pulling fd7b6731c33c:  96% ▕█████████████████ ▏ 8.7 GB/9.1 GB  121 MB/s      2s[K[?25h[?2026l[?2026h[?25l[A[1Gpulling manifest [K
pulling fd7b6731c33c:  96% ▕█████████████████ ▏ 8.7 GB/9.1 GB  121 MB/s      2s[K[?25h[?2026l[?2026h[?25l[A[1Gpulling manifest [K
pulling fd7b6731c33c:  96% ▕█████████████████ ▏ 8.7 GB/9.1 GB  121 MB/s      2s[K[?25h[?2026l[?2026h[?25l[A[1Gpulling manifest [K
pulling fd7b6731c33c:  96% ▕█████████████████ ▏ 8.7 GB/9.1 GB  121 MB/s      2s[K[?25h[?2026l[?2026h[?25l[A[1Gpulling manifest [K
pulling fd7b6731c33c:  97% ▕█████████████████ ▏ 8.7 GB/9.1 GB  121 MB/s      2s[K[?25h[?2026l[?2026h[?25l[A[1Gpulling manifest [K
pulling fd7b6731c33c:  97% ▕█████████████████ ▏ 8.8 GB/9.1 GB  121 MB/s      2s[K[?25h[?2026l[?2026h[?25l[A[1Gpulling manifest [K
pulling fd7b6731c33c:  97% ▕█████████████████ ▏ 8.8 GB/9.1 GB  121 MB/s      2s[K[?25h[?2026l[?2026h[?25l[A[1Gpulling manifest [K
pulling fd7b6731c33c:  97% ▕█████████████████ ▏ 8.8 GB/9.1 GB  121 MB/s      2s[K[?25h[?2026l[?2026h[?25l[A[1Gpulling manifest [K
pulling fd7b6731c33c:  97% ▕█████████████████ ▏ 8.8 GB/9.1 GB  117 MB/s      2s[K[?25h[?2026l[?2026h[?25l[A[1Gpulling manifest [K
pulling fd7b6731c33c:  97% ▕█████████████████ ▏ 8.8 GB/9.1 GB  117 MB/s      2s[K[?25h[?2026l[?2026h[?25l[A[1Gpulling manifest [K
pulling fd7b6731c33c:  97% ▕█████████████████ ▏ 8.8 GB/9.1 GB  117 MB/s      2s[K[?25h[?2026l[?2026h[?25l[A[1Gpulling manifest [K
pulling fd7b6731c33c:  97% ▕█████████████████ ▏ 8.8 GB/9.1 GB  117 MB/s      2s[K[?25h[?2026l[?2026h[?25l[A[1Gpulling manifest [K
pulling fd7b6731c33c:  97% ▕█████████████████ ▏ 8.8 GB/9.1 GB  117 MB/s      2s[K[?25h[?2026l[?2026h[?25l[A[1Gpulling manifest [K
pulling fd7b6731c33c:  97% ▕█████████████████ ▏ 8.8 GB/9.1 GB  117 MB/s      2s[K[?25h[?2026l[?2026h[?25l[A[1Gpulling manifest [K
pulling fd7b6731c33c:  97% ▕█████████████████ ▏ 8.8 GB/9.1 GB  117 MB/s      2s[K[?25h[?2026l[?2026h[?25l[A[1Gpulling manifest [K
pulling fd7b6731c33c:  97% ▕█████████████████ ▏ 8.8 GB/9.1 GB  117 MB/s      2s[K[?25h[?2026l[?2026h[?25l[A[1Gpulling manifest [K
pulling fd7b6731c33c:  97% ▕█████████████████ ▏ 8.8 GB/9.1 GB  117 MB/s      2s[K[?25h[?2026l[?2026h[?25l[A[1Gpulling manifest [K
pulling fd7b6731c33c:  97% ▕█████████████████ ▏ 8.8 GB/9.1 GB  117 MB/s      1s[K[?25h[?2026l[?2026h[?25l[A[1Gpulling manifest [K
pulling fd7b6731c33c:  98% ▕█████████████████ ▏ 8.8 GB/9.1 GB  117 MB/s      1s[K[?25h[?2026l[?2026h[?25l[A[1Gpulling manifest [K
pulling fd7b6731c33c:  98% ▕█████████████████ ▏ 8.8 GB/9.1 GB  109 MB/s      1s[K[?25h[?2026l[?2026h[?25l[A[1Gpulling manifest [K
pulling fd7b6731c33c:  98% ▕█████████████████ ▏ 8.8 GB/9.1 GB  109 MB/s      1s[K[?25h[?2026l[?2026h[?25l[A[1Gpulling manifest [K
pulling fd7b6731c33c:  98% ▕█████████████████ ▏ 8.8 GB/9.1 GB  109 MB/s      1s[K[?25h[?2026l[?2026h[?25l[A[1Gpulling manifest [K
pulling fd7b6731c33c:  98% ▕█████████████████ ▏ 8.8 GB/9.1 GB  109 MB/s      1s[K[?25h[?2026l[?2026h[?25l[A[1Gpulling manifest [K
pulling fd7b6731c33c:  98% ▕█████████████████ ▏ 8.8 GB/9.1 GB  109 MB/s      1s[K[?25h[?2026l[?2026h[?25l[A[1Gpulling manifest [K
pulling fd7b6731c33c:  98% ▕█████████████████ ▏ 8.8 GB/9.1 GB  109 MB/s      1s[K[?25h[?2026l[?2026h[?25l[A[1Gpulling manifest [K
pulling fd7b6731c33c:  98% ▕█████████████████ ▏ 8.9 GB/9.1 GB  109 MB/s      1s[K[?25h[?2026l[?2026h[?25l[A[1Gpulling manifest [K
pulling fd7b6731c33c:  98% ▕█████████████████ ▏ 8.9 GB/9.1 GB  109 MB/s      1s[K[?25h[?2026l[?2026h[?25l[A[1Gpulling manifest [K
pulling fd7b6731c33c:  98% ▕█████████████████ ▏ 8.9 GB/9.1 GB  109 MB/s      1s[K[?25h[?2026l[?2026h[?25l[A[1Gpulling manifest [K
pulling fd7b6731c33c:  98% ▕█████████████████ ▏ 8.9 GB/9.1 GB  109 MB/s      1s[K[?25h[?2026l[?2026h[?25l[A[1Gpulling manifest [K
pulling fd7b6731c33c:  98% ▕█████████████████ ▏ 8.9 GB/9.1 GB   97 MB/s      1s[K[?25h[?2026l[?2026h[?25l[A[1Gpulling manifest [K
pulling fd7b6731c33c:  98% ▕█████████████████ ▏ 8.9 GB/9.1 GB   97 MB/s      1s[K[?25h[?2026l[?2026h[?25l[A[1Gpulling manifest [K
pulling fd7b6731c33c:  98% ▕█████████████████ ▏ 8.9 GB/9.1 GB   97 MB/s      1s[K[?25h[?2026l[?2026h[?25l[A[1Gpulling manifest [K
pulling fd7b6731c33c:  98% ▕█████████████████ ▏ 8.9 GB/9.1 GB   97 MB/s      1s[K[?25h[?2026l[?2026h[?25l[A[1Gpulling manifest [K
pulling fd7b6731c33c:  98% ▕█████████████████ ▏ 8.9 GB/9.1 GB   97 MB/s      1s[K[?25h[?2026l[?2026h[?25l[A[1Gpulling manifest [K
pulling fd7b6731c33c:  98% ▕█████████████████ ▏ 8.9 GB/9.1 GB   97 MB/s      1s[K[?25h[?2026l[?2026h[?25l[A[1Gpulling manifest [K
pulling fd7b6731c33c:  98% ▕█████████████████ ▏ 8.9 GB/9.1 GB   97 MB/s      1s[K[?25h[?2026l[?2026h[?25l[A[1Gpulling manifest [K
pulling fd7b6731c33c:  98% ▕█████████████████ ▏ 8.9 GB/9.1 GB   97 MB/s      1s[K[?25h[?2026l[?2026h[?25l[A[1Gpulling manifest [K
pulling fd7b6731c33c:  98% ▕█████████████████ ▏ 8.9 GB/9.1 GB   97 MB/s      1s[K[?25h[?2026l[?2026h[?25l[A[1Gpulling manifest [K
pulling fd7b6731c33c:  98% ▕█████████████████ ▏ 8.9 GB/9.1 GB   97 MB/s      1s[K[?25h[?2026l[?2026h[?25l[A[1Gpulling manifest [K
pulling fd7b6731c33c:  98% ▕█████████████████ ▏ 8.9 GB/9.1 GB   84 MB/s      1s[K[?25h[?2026l[?2026h[?25l[A[1Gpulling manifest [K
pulling fd7b6731c33c:  98% ▕█████████████████ ▏ 8.9 GB/9.1 GB   84 MB/s      1s[K[?25h[?2026l[?2026h[?25l[A[1Gpulling manifest [K
pulling fd7b6731c33c:  98% ▕█████████████████ ▏ 8.9 GB/9.1 GB   84 MB/s      1s[K[?25h[?2026l[?2026h[?25l[A[1Gpulling manifest [K
pulling fd7b6731c33c:  98% ▕█████████████████ ▏ 8.9 GB/9.1 GB   84 MB/s      1s[K[?25h[?2026l[?2026h[?25l[A[1Gpulling manifest [K
pulling fd7b6731c33c:  98% ▕█████████████████ ▏ 8.9 GB/9.1 GB   84 MB/s      1s[K[?25h[?2026l[?2026h[?25l[A[1Gpulling manifest [K
pulling fd7b6731c33c:  98% ▕█████████████████ ▏ 8.9 GB/9.1 GB   84 MB/s      1s[K[?25h[?2026l[?2026h[?25l[A[1Gpulling manifest [K
pulling fd7b6731c33c:  98% ▕█████████████████ ▏ 8.9 GB/9.1 GB   84 MB/s      1s[K[?25h[?2026l[?2026h[?25l[A[1Gpulling manifest [K
pulling fd7b6731c33c:  98% ▕█████████████████ ▏ 8.9 GB/9.1 GB   84 MB/s      1s[K[?25h[?2026l[?2026h[?25l[A[1Gpulling manifest [K
pulling fd7b6731c33c:  98% ▕█████████████████ ▏ 8.9 GB/9.1 GB   84 MB/s      1s[K[?25h[?2026l[?2026h[?25l[A[1Gpulling manifest [K
pulling fd7b6731c33c:  98% ▕█████████████████ ▏ 8.9 GB/9.1 GB   84 MB/s      1s[K[?25h[?2026l[?2026h[?25l[A[1Gpulling manifest [K
pulling fd7b6731c33c:  98% ▕█████████████████ ▏ 8.9 GB/9.1 GB   73 MB/s      1s[K[?25h[?2026l[?2026h[?25l[A[1Gpulling manifest [K
pulling fd7b6731c33c:  99% ▕█████████████████ ▏ 8.9 GB/9.1 GB   73 MB/s      1s[K[?25h[?2026l[?2026h[?25l[A[1Gpulling manifest [K
pulling fd7b6731c33c:  99% ▕█████████████████ ▏ 8.9 GB/9.1 GB   73 MB/s      1s[K[?25h[?2026l[?2026h[?25l[A[1Gpulling manifest [K
pulling fd7b6731c33c:  99% ▕█████████████████ ▏ 8.9 GB/9.1 GB   73 MB/s      1s[K[?25h[?2026l[?2026h[?25l[A[1Gpulling manifest [K
pulling fd7b6731c33c:  99% ▕█████████████████ ▏ 8.9 GB/9.1 GB   73 MB/s      1s[K[?25h[?2026l[?2026h[?25l[A[1Gpulling manifest [K
pulling fd7b6731c33c:  99% ▕█████████████████ ▏ 8.9 GB/9.1 GB   73 MB/s      1s[K[?25h[?2026l[?2026h[?25l[A[1Gpulling manifest [K
pulling fd7b6731c33c:  99% ▕█████████████████ ▏ 8.9 GB/9.1 GB   73 MB/s      1s[K[?25h[?2026l[?2026h[?25l[A[1Gpulling manifest [K
pulling fd7b6731c33c:  99% ▕█████████████████ ▏ 8.9 GB/9.1 GB   73 MB/s      1s[K[?25h[?2026l[?2026h[?25l[A[1Gpulling manifest [K
pulling fd7b6731c33c:  99% ▕█████████████████ ▏ 8.9 GB/9.1 GB   73 MB/s      1s[K[?25h[?2026l[?2026h[?25l[A[1Gpulling manifest [K
pulling fd7b6731c33c:  99% ▕█████████████████ ▏ 8.9 GB/9.1 GB   73 MB/s      1s[K[?25h[?2026l[?2026h[?25l[A[1Gpulling manifest [K
pulling fd7b6731c33c:  99% ▕█████████████████ ▏ 8.9 GB/9.1 GB   73 MB/s      1s[K[?25h[?2026l[?2026h[?25l[A[1Gpulling manifest [K
pulling fd7b6731c33c:  99% ▕█████████████████ ▏ 8.9 GB/9.1 GB   66 MB/s      1s[K[?25h[?2026l[?2026h[?25l[A[1Gpulling manifest [K
pulling fd7b6731c33c:  99% ▕█████████████████ ▏ 8.9 GB/9.1 GB   66 MB/s      1s[K[?25h[?2026l[?2026h[?25l[A[1Gpulling manifest [K
pulling fd7b6731c33c:  99% ▕█████████████████ ▏ 8.9 GB/9.1 GB   66 MB/s      1s[K[?25h[?2026l[?2026h[?25l[A[1Gpulling manifest [K
pulling fd7b6731c33c:  99% ▕█████████████████ ▏ 8.9 GB/9.1 GB   66 MB/s      1s[K[?25h[?2026l[?2026h[?25l[A[1Gpulling manifest [K
pulling fd7b6731c33c:  99% ▕█████████████████ ▏ 9.0 GB/9.1 GB   66 MB/s      1s[K[?25h[?2026l[?2026h[?25l[A[1Gpulling manifest [K
pulling fd7b6731c33c:  99% ▕█████████████████ ▏ 9.0 GB/9.1 GB   66 MB/s      1s[K[?25h[?2026l[?2026h[?25l[A[1Gpulling manifest [K
pulling fd7b6731c33c:  99% ▕█████████████████ ▏ 9.0 GB/9.1 GB   66 MB/s      1s[K[?25h[?2026l[?2026h[?25l[A[1Gpulling manifest [K
pulling fd7b6731c33c:  99% ▕█████████████████ ▏ 9.0 GB/9.1 GB   66 MB/s      1s[K[?25h[?2026l[?2026h[?25l[A[1Gpulling manifest [K
pulling fd7b6731c33c:  99% ▕█████████████████ ▏ 9.0 GB/9.1 GB   66 MB/s      1s[K[?25h[?2026l[?2026h[?25l[A[1Gpulling manifest [K
pulling fd7b6731c33c:  99% ▕█████████████████ ▏ 9.0 GB/9.1 GB   66 MB/s      1s[K[?25h[?2026l[?2026h[?25l[A[1Gpulling manifest [K
pulling fd7b6731c33c:  99% ▕█████████████████ ▏ 9.0 GB/9.1 GB   56 MB/s      1s[K[?25h[?2026l[?2026h[?25l[A[1Gpulling manifest [K
pulling fd7b6731c33c:  99% ▕█████████████████ ▏ 9.0 GB/9.1 GB   56 MB/s      1s[K[?25h[?2026l[?2026h[?25l[A[1Gpulling manifest [K
pulling fd7b6731c33c:  99% ▕█████████████████ ▏ 9.0 GB/9.1 GB   56 MB/s      1s[K[?25h[?2026l[?2026h[?25l[A[1Gpulling manifest [K
pulling fd7b6731c33c:  99% ▕█████████████████ ▏ 9.0 GB/9.1 GB   56 MB/s      1s[K[?25h[?2026l[?2026h[?25l[A[1Gpulling manifest [K
pulling fd7b6731c33c:  99% ▕█████████████████ ▏ 9.0 GB/9.1 GB   56 MB/s      1s[K[?25h[?2026l[?2026h[?25l[A[1Gpulling manifest [K
pulling fd7b6731c33c:  99% ▕█████████████████ ▏ 9.0 GB/9.1 GB   56 MB/s      1s[K[?25h[?2026l[?2026h[?25l[A[1Gpulling manifest [K
pulling fd7b6731c33c:  99% ▕█████████████████ ▏ 9.0 GB/9.1 GB   56 MB/s      1s[K[?25h[?2026l[?2026h[?25l[A[1Gpulling manifest [K
pulling fd7b6731c33c:  99% ▕█████████████████ ▏ 9.0 GB/9.1 GB   56 MB/s      1s[K[?25h[?2026l[?2026h[?25l[A[1Gpulling manifest [K
pulling fd7b6731c33c:  99% ▕█████████████████ ▏ 9.0 GB/9.1 GB   56 MB/s      1s[K[?25h[?2026l[?2026h[?25l[A[1Gpulling manifest [K
pulling fd7b6731c33c:  99% ▕█████████████████ ▏ 9.0 GB/9.1 GB   56 MB/s      1s[K[?25h[?2026l[?2026h[?25l[A[1Gpulling manifest [K
pulling fd7b6731c33c:  99% ▕█████████████████ ▏ 9.0 GB/9.1 GB   46 MB/s      1s[K[?25h[?2026l[?2026h[?25l[A[1Gpulling manifest [K
pulling fd7b6731c33c:  99% ▕█████████████████ ▏ 9.0 GB/9.1 GB   46 MB/s      1s[K[?25h[?2026l[?2026h[?25l[A[1Gpulling manifest [K
pulling fd7b6731c33c:  99% ▕█████████████████ ▏ 9.0 GB/9.1 GB   46 MB/s      1s[K[?25h[?2026l[?2026h[?25l[A[1Gpulling manifest [K
pulling fd7b6731c33c:  99% ▕█████████████████ ▏ 9.0 GB/9.1 GB   46 MB/s      1s[K[?25h[?2026l[?2026h[?25l[A[1Gpulling manifest [K
pulling fd7b6731c33c:  99% ▕█████████████████ ▏ 9.0 GB/9.1 GB   46 MB/s      1s[K[?25h[?2026l[?2026h[?25l[A[1Gpulling manifest [K
pulling fd7b6731c33c:  99% ▕█████████████████ ▏ 9.0 GB/9.1 GB   46 MB/s      1s[K[?25h[?2026l[?2026h[?25l[A[1Gpulling manifest [K
pulling fd7b6731c33c: 100% ▕█████████████████ ▏ 9.0 GB/9.1 GB   46 MB/s      0s[K[?25h[?2026l[?2026h[?25l[A[1Gpulling manifest [K
pulling fd7b6731c33c: 100% ▕█████████████████ ▏ 9.0 GB/9.1 GB   46 MB/s      0s[K[?25h[?2026l[?2026h[?25l[A[1Gpulling manifest [K
pulling fd7b6731c33c: 100% ▕█████████████████ ▏ 9.0 GB/9.1 GB   46 MB/s      0s[K[?25h[?2026l[?2026h[?25l[A[1Gpulling manifest [K
pulling fd7b6731c33c: 100% ▕█████████████████ ▏ 9.0 GB/9.1 GB   46 MB/s      0s[K[?25h[?2026l[?2026h[?25l[A[1Gpulling manifest [K
pulling fd7b6731c33c: 100% ▕█████████████████ ▏ 9.0 GB/9.1 GB   37 MB/s      0s[K[?25h[?2026l[?2026h[?25l[A[1Gpulling manifest [K
pulling fd7b6731c33c: 100% ▕█████████████████ ▏ 9.0 GB/9.1 GB   37 MB/s      0s[K[?25h[?2026l[?2026h[?25l[A[1Gpulling manifest [K
pulling fd7b6731c33c: 100% ▕█████████████████ ▏ 9.0 GB/9.1 GB   37 MB/s      0s[K[?25h[?2026l[?2026h[?25l[A[1Gpulling manifest [K
pulling fd7b6731c33c: 100% ▕█████████████████ ▏ 9.0 GB/9.1 GB   37 MB/s      0s[K[?25h[?2026l[?2026h[?25l[A[1Gpulling manifest [K
pulling fd7b6731c33c: 100% ▕█████████████████ ▏ 9.0 GB/9.1 GB   37 MB/s      0s[K[?25h[?2026l[?2026h[?25l[A[1Gpulling manifest [K
pulling fd7b6731c33c: 100% ▕█████████████████ ▏ 9.0 GB/9.1 GB   37 MB/s      0s[K[?25h[?2026l[?2026h[?25l[A[1Gpulling manifest [K
pulling fd7b6731c33c: 100% ▕█████████████████ ▏ 9.0 GB/9.1 GB   37 MB/s      0s[K[?25h[?2026l[?2026h[?25l[A[1Gpulling manifest [K
pulling fd7b6731c33c: 100% ▕█████████████████ ▏ 9.0 GB/9.1 GB   37 MB/s      0s[K[?25h[?2026l[?2026h[?25l[A[1Gpulling manifest [K
pulling fd7b6731c33c: 100% ▕█████████████████ ▏ 9.0 GB/9.1 GB   37 MB/s      0s[K[?25h[?2026l[?2026h[?25l[A[1Gpulling manifest [K
pulling fd7b6731c33c: 100% ▕█████████████████ ▏ 9.0 GB/9.1 GB   37 MB/s      0s[K[?25h[?2026l[?2026h[?25l[A[1Gpulling manifest [K
pulling fd7b6731c33c: 100% ▕█████████████████ ▏ 9.0 GB/9.1 GB   30 MB/s      0s[K[?25h[?2026l[?2026h[?25l[A[1Gpulling manifest [K
pulling fd7b6731c33c: 100% ▕█████████████████ ▏ 9.1 GB/9.1 GB   30 MB/s      0s[K[?25h[?2026l[?2026h[?25l[A[1Gpulling manifest [K
pulling fd7b6731c33c: 100% ▕██████████████████▏ 9.1 GB                         [K[?25h[?2026l[?2026h[?25l[A[1Gpulling manifest [K
pulling fd7b6731c33c: 100% ▕██████████████████▏ 9.1 GB                         [K[?25h[?2026l[?2026h[?25l[A[1Gpulling manifest [K
pulling fd7b6731c33c: 100% ▕██████████████████▏ 9.1 GB                         [K[?25h[?2026l[?2026h[?25l[A[1Gpulling manifest [K
pulling fd7b6731c33c: 100% ▕██████████████████▏ 9.1 GB                         [K[?25h[?2026l[?2026h[?25l[A[1Gpulling manifest [K
pulling fd7b6731c33c: 100% ▕██████████████████▏ 9.1 GB                         [K[?25h[?2026l[?2026h[?25l[A[1Gpulling manifest [K
pulling fd7b6731c33c: 100% ▕██████████████████▏ 9.1 GB                         [K
pulling 32695b892af8: 100% ▕██████████████████▏  275 B                         [K[?25h[?2026l[?2026h[?25l[A[A[1Gpulling manifest [K
pulling fd7b6731c33c: 100% ▕██████████████████▏ 9.1 GB                         [K
pulling 32695b892af8: 100% ▕██████████████████▏  275 B                         [K[?25h[?2026l[?2026h[?25l[A[A[1Gpulling manifest [K
pulling fd7b6731c33c: 100% ▕██████████████████▏ 9.1 GB                         [K
pulling 32695b892af8: 100% ▕██████████████████▏  275 B                         [K[?25h[?2026l[?2026h[?25l[A[A[1Gpulling manifest [K
pulling fd7b6731c33c: 100% ▕██████████████████▏ 9.1 GB                         [K
pulling 32695b892af8: 100% ▕██████████████████▏  275 B                         [K[?25h[?2026l[?2026h[?25l[A[A[1Gpulling manifest [K
pulling fd7b6731c33c: 100% ▕██████████████████▏ 9.1 GB                         [K
pulling 32695b892af8: 100% ▕██████████████████▏  275 B                         [K[?25h[?2026l[?2026h[?25l[A[A[1Gpulling manifest [K
pulling fd7b6731c33c: 100% ▕██████████████████▏ 9.1 GB                         [K
pulling 32695b892af8: 100% ▕██████████████████▏  275 B                         [K[?25h[?2026l[?2026h[?25l[A[A[1Gpulling manifest [K
pulling fd7b6731c33c: 100% ▕██████████████████▏ 9.1 GB                         [K
pulling 32695b892af8: 100% ▕██████████████████▏  275 B                         [K[?25h[?2026l[?2026h[?25l[A[A[1Gpulling manifest [K
pulling fd7b6731c33c: 100% ▕██████████████████▏ 9.1 GB                         [K
pulling 32695b892af8: 100% ▕██████████████████▏  275 B                         [K[?25h[?2026l[?2026h[?25l[A[A[1Gpulling manifest [K
pulling fd7b6731c33c: 100% ▕██████████████████▏ 9.1 GB                         [K
pulling 32695b892af8: 100% ▕██████████████████▏  275 B                         [K[?25h[?2026l[?2026h[?25l[A[A[1Gpulling manifest [K
pulling fd7b6731c33c: 100% ▕██████████████████▏ 9.1 GB                         [K
pulling 32695b892af8: 100% ▕██████████████████▏  275 B                         [K[?25h[?2026l[?2026h[?25l[A[A[1Gpulling manifest [K
pulling fd7b6731c33c: 100% ▕██████████████████▏ 9.1 GB                         [K
pulling 32695b892af8: 100% ▕██████████████████▏  275 B                         [K[?25h[?2026l[?2026h[?25l[A[A[1Gpulling manifest [K
pulling fd7b6731c33c: 100% ▕██████████████████▏ 9.1 GB                         [K
pulling 32695b892af8: 100% ▕██████████████████▏  275 B                         [K[?25h[?2026l[?2026h[?25l[A[A[1Gpulling manifest [K
pulling fd7b6731c33c: 100% ▕██████████████████▏ 9.1 GB                         [K
pulling 32695b892af8: 100% ▕██████████████████▏  275 B                         [K[?25h[?2026l[?2026h[?25l[A[A[1Gpulling manifest [K
pulling fd7b6731c33c: 100% ▕██████████████████▏ 9.1 GB                         [K
pulling 32695b892af8: 100% ▕██████████████████▏  275 B                         [K[?25h[?2026l[?2026h[?25l[A[A[1Gpulling manifest [K
pulling fd7b6731c33c: 100% ▕██████████████████▏ 9.1 GB                         [K
pulling 32695b892af8: 100% ▕██████████████████▏  275 B                         [K
pulling fa8235e5b48f: 100% ▕██████████████████▏ 1.1 KB                         [K[?25h[?2026l[?2026h[?25l[A[A[A[1Gpulling manifest [K
pulling fd7b6731c33c: 100% ▕██████████████████▏ 9.1 GB                         [K
pulling 32695b892af8: 100% ▕██████████████████▏  275 B                         [K
pulling fa8235e5b48f: 100% ▕██████████████████▏ 1.1 KB                         [K[?25h[?2026l[?2026h[?25l[A[A[A[1Gpulling manifest [K
pulling fd7b6731c33c: 100% ▕██████████████████▏ 9.1 GB                         [K
pulling 32695b892af8: 100% ▕██████████████████▏  275 B                         [K
pulling fa8235e5b48f: 100% ▕██████████████████▏ 1.1 KB                         [K[?25h[?2026l[?2026h[?25l[A[A[A[1Gpulling manifest [K
pulling fd7b6731c33c: 100% ▕██████████████████▏ 9.1 GB                         [K
pulling 32695b892af8: 100% ▕██████████████████▏  275 B                         [K
pulling fa8235e5b48f: 100% ▕██████████████████▏ 1.1 KB                         [K[?25h[?2026l[?2026h[?25l[A[A[A[1Gpulling manifest [K
pulling fd7b6731c33c: 100% ▕██████████████████▏ 9.1 GB                         [K
pulling 32695b892af8: 100% ▕██████████████████▏  275 B                         [K
pulling fa8235e5b48f: 100% ▕██████████████████▏ 1.1 KB                         [K[?25h[?2026l[?2026h[?25l[A[A[A[1Gpulling manifest [K
pulling fd7b6731c33c: 100% ▕██████████████████▏ 9.1 GB                         [K
pulling 32695b892af8: 100% ▕██████████████████▏  275 B                         [K
pulling fa8235e5b48f: 100% ▕██████████████████▏ 1.1 KB                         [K[?25h[?2026l[?2026h[?25l[A[A[A[1Gpulling manifest [K
pulling fd7b6731c33c: 100% ▕██████████████████▏ 9.1 GB                         [K
pulling 32695b892af8: 100% ▕██████████████████▏  275 B                         [K
pulling fa8235e5b48f: 100% ▕██████████████████▏ 1.1 KB                         [K[?25h[?2026l[?2026h[?25l[A[A[A[1Gpulling manifest [K
pulling fd7b6731c33c: 100% ▕██████████████████▏ 9.1 GB                         [K
pulling 32695b892af8: 100% ▕██████████████████▏  275 B                         [K
pulling fa8235e5b48f: 100% ▕██████████████████▏ 1.1 KB                         [K[?25h[?2026l[?2026h[?25l[A[A[A[1Gpulling manifest [K
pulling fd7b6731c33c: 100% ▕██████████████████▏ 9.1 GB                         [K
pulling 32695b892af8: 100% ▕██████████████████▏  275 B                         [K
pulling fa8235e5b48f: 100% ▕██████████████████▏ 1.1 KB                         [K[?25h[?2026l[?2026h[?25l[A[A[A[1Gpulling manifest [K
pulling fd7b6731c33c: 100% ▕██████████████████▏ 9.1 GB                         [K
pulling 32695b892af8: 100% ▕██████████████████▏  275 B                         [K
pulling fa8235e5b48f: 100% ▕██████████████████▏ 1.1 KB                         [K[?25h[?2026l[?2026h[?25l[A[A[A[1Gpulling manifest [K
pulling fd7b6731c33c: 100% ▕██████████████████▏ 9.1 GB                         [K
pulling 32695b892af8: 100% ▕██████████████████▏  275 B                         [K
pulling fa8235e5b48f: 100% ▕██████████████████▏ 1.1 KB                         [K[?25h[?2026l[?2026h[?25l[A[A[A[1Gpulling manifest [K
pulling fd7b6731c33c: 100% ▕██████████████████▏ 9.1 GB                         [K
pulling 32695b892af8: 100% ▕██████████████████▏  275 B                         [K
pulling fa8235e5b48f: 100% ▕██████████████████▏ 1.1 KB                         [K[?25h[?2026l[?2026h[?25l[A[A[A[1Gpulling manifest [K
pulling fd7b6731c33c: 100% ▕██████████████████▏ 9.1 GB                         [K
pulling 32695b892af8: 100% ▕██████████████████▏  275 B                         [K
pulling fa8235e5b48f: 100% ▕██████████████████▏ 1.1 KB                         [K[?25h[?2026l[?2026h[?25l[A[A[A[1Gpulling manifest [K
pulling fd7b6731c33c: 100% ▕██████████████████▏ 9.1 GB                         [K
pulling 32695b892af8: 100% ▕██████████████████▏  275 B                         [K
pulling fa8235e5b48f: 100% ▕██████████████████▏ 1.1 KB                         [K
pulling 45a1c652dddc: 100% ▕██████████████████▏   82 B                         [K[?25h[?2026l[?2026h[?25l[A[A[A[A[1Gpulling manifest [K
pulling fd7b6731c33c: 100% ▕██████████████████▏ 9.1 GB                         [K
pulling 32695b892af8: 100% ▕██████████████████▏  275 B                         [K
pulling fa8235e5b48f: 100% ▕██████████████████▏ 1.1 KB                         [K
pulling 45a1c652dddc: 100% ▕██████████████████▏   82 B                         [K[?25h[?2026l[?2026h[?25l[A[A[A[A[1Gpulling manifest [K
pulling fd7b6731c33c: 100% ▕██████████████████▏ 9.1 GB                         [K
pulling 32695b892af8: 100% ▕██████████████████▏  275 B                         [K
pulling fa8235e5b48f: 100% ▕██████████████████▏ 1.1 KB                         [K
pulling 45a1c652dddc: 100% ▕██████████████████▏   82 B                         [K[?25h[?2026l[?2026h[?25l[A[A[A[A[1Gpulling manifest [K
pulling fd7b6731c33c: 100% ▕██████████████████▏ 9.1 GB                         [K
pulling 32695b892af8: 100% ▕██████████████████▏  275 B                         [K
pulling fa8235e5b48f: 100% ▕██████████████████▏ 1.1 KB                         [K
pulling 45a1c652dddc: 100% ▕██████████████████▏   82 B                         [K[?25h[?2026l[?2026h[?25l[A[A[A[A[1Gpulling manifest [K
pulling fd7b6731c33c: 100% ▕██████████████████▏ 9.1 GB                         [K
pulling 32695b892af8: 100% ▕██████████████████▏  275 B                         [K
pulling fa8235e5b48f: 100% ▕██████████████████▏ 1.1 KB                         [K
pulling 45a1c652dddc: 100% ▕██████████████████▏   82 B                         [K[?25h[?2026l[?2026h[?25l[A[A[A[A[1Gpulling manifest [K
pulling fd7b6731c33c: 100% ▕██████████████████▏ 9.1 GB                         [K
pulling 32695b892af8: 100% ▕██████████████████▏  275 B                         [K
pulling fa8235e5b48f: 100% ▕██████████████████▏ 1.1 KB                         [K
pulling 45a1c652dddc: 100% ▕██████████████████▏   82 B                         [K[?25h[?2026l[?2026h[?25l[A[A[A[A[1Gpulling manifest [K
pulling fd7b6731c33c: 100% ▕██████████████████▏ 9.1 GB                         [K
pulling 32695b892af8: 100% ▕██████████████████▏  275 B                         [K
pulling fa8235e5b48f: 100% ▕██████████████████▏ 1.1 KB                         [K
pulling 45a1c652dddc: 100% ▕██████████████████▏   82 B                         [K[?25h[?2026l[?2026h[?25l[A[A[A[A[1Gpulling manifest [K
pulling fd7b6731c33c: 100% ▕██████████████████▏ 9.1 GB                         [K
pulling 32695b892af8: 100% ▕██████████████████▏  275 B                         [K
pulling fa8235e5b48f: 100% ▕██████████████████▏ 1.1 KB                         [K
pulling 45a1c652dddc: 100% ▕██████████████████▏   82 B                         [K[?25h[?2026l[?2026h[?25l[A[A[A[A[1Gpulling manifest [K
pulling fd7b6731c33c: 100% ▕██████████████████▏ 9.1 GB                         [K
pulling 32695b892af8: 100% ▕██████████████████▏  275 B                         [K
pulling fa8235e5b48f: 100% ▕██████████████████▏ 1.1 KB                         [K
pulling 45a1c652dddc: 100% ▕██████████████████▏   82 B                         [K[?25h[?2026l[?2026h[?25l[A[A[A[A[1Gpulling manifest [K
pulling fd7b6731c33c: 100% ▕██████████████████▏ 9.1 GB                         [K
pulling 32695b892af8: 100% ▕██████████████████▏  275 B                         [K
pulling fa8235e5b48f: 100% ▕██████████████████▏ 1.1 KB                         [K
pulling 45a1c652dddc: 100% ▕██████████████████▏   82 B                         [K[?25h[?2026l[?2026h[?25l[A[A[A[A[1Gpulling manifest [K
pulling fd7b6731c33c: 100% ▕██████████████████▏ 9.1 GB                         [K
pulling 32695b892af8: 100% ▕██████████████████▏  275 B                         [K
pulling fa8235e5b48f: 100% ▕██████████████████▏ 1.1 KB                         [K
pulling 45a1c652dddc: 100% ▕██████████████████▏   82 B                         [K[?25h[?2026l[?2026h[?25l[A[A[A[A[1Gpulling manifest [K
pulling fd7b6731c33c: 100% ▕██████████████████▏ 9.1 GB                         [K
pulling 32695b892af8: 100% ▕██████████████████▏  275 B                         [K
pulling fa8235e5b48f: 100% ▕██████████████████▏ 1.1 KB                         [K
pulling 45a1c652dddc: 100% ▕██████████████████▏   82 B                         [K[?25h[?2026l[?2026h[?25l[A[A[A[A[1Gpulling manifest [K
pulling fd7b6731c33c: 100% ▕██████████████████▏ 9.1 GB                         [K
pulling 32695b892af8: 100% ▕██████████████████▏  275 B                         [K
pulling fa8235e5b48f: 100% ▕██████████████████▏ 1.1 KB                         [K
pulling 45a1c652dddc: 100% ▕██████████████████▏   82 B                         [K[?25h[?2026l[?2026h[?25l[A[A[A[A[1Gpulling manifest [K
pulling fd7b6731c33c: 100% ▕██████████████████▏ 9.1 GB                         [K
pulling 32695b892af8: 100% ▕██████████████████▏  275 B                         [K
pulling fa8235e5b48f: 100% ▕██████████████████▏ 1.1 KB                         [K
pulling 45a1c652dddc: 100% ▕██████████████████▏   82 B                         [K
pulling f5d6f49c6477: 100% ▕██████████████████▏  486 B                         [K[?25h[?2026l[?2026h[?25l[A[A[A[A[A[1Gpulling manifest [K
pulling fd7b6731c33c: 100% ▕██████████████████▏ 9.1 GB                         [K
pulling 32695b892af8: 100% ▕██████████████████▏  275 B                         [K
pulling fa8235e5b48f: 100% ▕██████████████████▏ 1.1 KB                         [K
pulling 45a1c652dddc: 100% ▕██████████████████▏   82 B                         [K
pulling f5d6f49c6477: 100% ▕██████████████████▏  486 B                         [K[?25h[?2026l[?2026h[?25l[A[A[A[A[A[1Gpulling manifest [K
pulling fd7b6731c33c: 100% ▕██████████████████▏ 9.1 GB                         [K
pulling 32695b892af8: 100% ▕██████████████████▏  275 B                         [K
pulling fa8235e5b48f: 100% ▕██████████████████▏ 1.1 KB                         [K
pulling 45a1c652dddc: 100% ▕██████████████████▏   82 B                         [K
pulling f5d6f49c6477: 100% ▕██████████████████▏  486 B                         [K[?25h[?2026l[?2026h[?25l[A[A[A[A[A[1Gpulling manifest [K
pulling fd7b6731c33c: 100% ▕██████████████████▏ 9.1 GB                         [K
pulling 32695b892af8: 100% ▕██████████████████▏  275 B                         [K
pulling fa8235e5b48f: 100% ▕██████████████████▏ 1.1 KB                         [K
pulling 45a1c652dddc: 100% ▕██████████████████▏   82 B                         [K
pulling f5d6f49c6477: 100% ▕██████████████████▏  486 B                         [K[?25h[?2026l[?2026h[?25l[A[A[A[A[A[1Gpulling manifest [K
pulling fd7b6731c33c: 100% ▕██████████████████▏ 9.1 GB                         [K
pulling 32695b892af8: 100% ▕██████████████████▏  275 B                         [K
pulling fa8235e5b48f: 100% ▕██████████████████▏ 1.1 KB                         [K
pulling 45a1c652dddc: 100% ▕██████████████████▏   82 B                         [K
pulling f5d6f49c6477: 100% ▕██████████████████▏  486 B                         [K[?25h[?2026l[?2026h[?25l[A[A[A[A[A[1Gpulling manifest [K
pulling fd7b6731c33c: 100% ▕██████████████████▏ 9.1 GB                         [K
pulling 32695b892af8: 100% ▕██████████████████▏  275 B                         [K
pulling fa8235e5b48f: 100% ▕██████████████████▏ 1.1 KB                         [K
pulling 45a1c652dddc: 100% ▕██████████████████▏   82 B                         [K
pulling f5d6f49c6477: 100% ▕██████████████████▏  486 B                         [K[?25h[?2026l[?2026h[?25l[A[A[A[A[A[1Gpulling manifest [K
pulling fd7b6731c33c: 100% ▕██████████████████▏ 9.1 GB                         [K
pulling 32695b892af8: 100% ▕██████████████████▏  275 B                         [K
pulling fa8235e5b48f: 100% ▕██████████████████▏ 1.1 KB                         [K
pulling 45a1c652dddc: 100% ▕██████████████████▏   82 B                         [K
pulling f5d6f49c6477: 100% ▕██████████████████▏  486 B                         [K[?25h[?2026l[?2026h[?25l[A[A[A[A[A[1Gpulling manifest [K
pulling fd7b6731c33c: 100% ▕██████████████████▏ 9.1 GB                         [K
pulling 32695b892af8: 100% ▕██████████████████▏  275 B                         [K
pulling fa8235e5b48f: 100% ▕██████████████████▏ 1.1 KB                         [K
pulling 45a1c652dddc: 100% ▕██████████████████▏   82 B                         [K
pulling f5d6f49c6477: 100% ▕██████████████████▏  486 B                         [K[?25h[?2026l[?2026h[?25l[A[A[A[A[A[1Gpulling manifest [K
pulling fd7b6731c33c: 100% ▕██████████████████▏ 9.1 GB                         [K
pulling 32695b892af8: 100% ▕██████████████████▏  275 B                         [K
pulling fa8235e5b48f: 100% ▕██████████████████▏ 1.1 KB                         [K
pulling 45a1c652dddc: 100% ▕██████████████████▏   82 B                         [K
pulling f5d6f49c6477: 100% ▕██████████████████▏  486 B                         [K
verifying sha256 digest ⠋ [K[?25h[?2026l[?2026h[?25l[A[A[A[A[A[A[1Gpulling manifest [K
pulling fd7b6731c33c: 100% ▕██████████████████▏ 9.1 GB                         [K
pulling 32695b892af8: 100% ▕██████████████████▏  275 B                         [K
pulling fa8235e5b48f: 100% ▕██████████████████▏ 1.1 KB                         [K
pulling 45a1c652dddc: 100% ▕██████████████████▏   82 B                         [K
pulling f5d6f49c6477: 100% ▕██████████████████▏  486 B                         [K
verifying sha256 digest ⠙ [K[?25h[?2026l[?2026h[?25l[A[A[A[A[A[A[1Gpulling manifest [K
pulling fd7b6731c33c: 100% ▕██████████████████▏ 9.1 GB                         [K
pulling 32695b892af8: 100% ▕██████████████████▏  275 B                         [K
pulling fa8235e5b48f: 100% ▕██████████████████▏ 1.1 KB                         [K
pulling 45a1c652dddc: 100% ▕██████████████████▏   82 B                         [K
pulling f5d6f49c6477: 100% ▕██████████████████▏  486 B                         [K
verifying sha256 digest ⠹ [K[?25h[?2026l[?2026h[?25l[A[A[A[A[A[A[1Gpulling manifest [K
pulling fd7b6731c33c: 100% ▕██████████████████▏ 9.1 GB                         [K
pulling 32695b892af8: 100% ▕██████████████████▏  275 B                         [K
pulling fa8235e5b48f: 100% ▕██████████████████▏ 1.1 KB                         [K
pulling 45a1c652dddc: 100% ▕██████████████████▏   82 B                         [K
pulling f5d6f49c6477: 100% ▕██████████████████▏  486 B                         [K
verifying sha256 digest ⠸ [K[?25h[?2026l[?2026h[?25l[A[A[A[A[A[A[1Gpulling manifest [K
pulling fd7b6731c33c: 100% ▕██████████████████▏ 9.1 GB                         [K
pulling 32695b892af8: 100% ▕██████████████████▏  275 B                         [K
pulling fa8235e5b48f: 100% ▕██████████████████▏ 1.1 KB                         [K
pulling 45a1c652dddc: 100% ▕██████████████████▏   82 B                         [K
pulling f5d6f49c6477: 100% ▕██████████████████▏  486 B                         [K
verifying sha256 digest ⠼ [K[?25h[?2026l[?2026h[?25l[A[A[A[A[A[A[1Gpulling manifest [K
pulling fd7b6731c33c: 100% ▕██████████████████▏ 9.1 GB                         [K
pulling 32695b892af8: 100% ▕██████████████████▏  275 B                         [K
pulling fa8235e5b48f: 100% ▕██████████████████▏ 1.1 KB                         [K
pulling 45a1c652dddc: 100% ▕██████████████████▏   82 B                         [K
pulling f5d6f49c6477: 100% ▕██████████████████▏  486 B                         [K
verifying sha256 digest ⠴ [K[?25h[?2026l[?2026h[?25l[A[A[A[A[A[A[1Gpulling manifest [K
pulling fd7b6731c33c: 100% ▕██████████████████▏ 9.1 GB                         [K
pulling 32695b892af8: 100% ▕██████████████████▏  275 B                         [K
pulling fa8235e5b48f: 100% ▕██████████████████▏ 1.1 KB                         [K
pulling 45a1c652dddc: 100% ▕██████████████████▏   82 B                         [K
pulling f5d6f49c6477: 100% ▕██████████████████▏  486 B                         [K
verifying sha256 digest ⠦ [K[?25h[?2026l[?2026h[?25l[A[A[A[A[A[A[1Gpulling manifest [K
pulling fd7b6731c33c: 100% ▕██████████████████▏ 9.1 GB                         [K
pulling 32695b892af8: 100% ▕██████████████████▏  275 B                         [K
pulling fa8235e5b48f: 100% ▕██████████████████▏ 1.1 KB                         [K
pulling 45a1c652dddc: 100% ▕██████████████████▏   82 B                         [K
pulling f5d6f49c6477: 100% ▕██████████████████▏  486 B                         [K
verifying sha256 digest ⠧ [K[?25h[?2026l[?2026h[?25l[A[A[A[A[A[A[1Gpulling manifest [K
pulling fd7b6731c33c: 100% ▕██████████████████▏ 9.1 GB                         [K
pulling 32695b892af8: 100% ▕██████████████████▏  275 B                         [K
pulling fa8235e5b48f: 100% ▕██████████████████▏ 1.1 KB                         [K
pulling 45a1c652dddc: 100% ▕██████████████████▏   82 B                         [K
pulling f5d6f49c6477: 100% ▕██████████████████▏  486 B                         [K
verifying sha256 digest ⠇ [K[?25h[?2026l[?2026h[?25l[A[A[A[A[A[A[1Gpulling manifest [K
pulling fd7b6731c33c: 100% ▕██████████████████▏ 9.1 GB                         [K
pulling 32695b892af8: 100% ▕██████████████████▏  275 B                         [K
pulling fa8235e5b48f: 100% ▕██████████████████▏ 1.1 KB                         [K
pulling 45a1c652dddc: 100% ▕██████████████████▏   82 B                         [K
pulling f5d6f49c6477: 100% ▕██████████████████▏  486 B                         [K
verifying sha256 digest ⠏ [K[?25h[?2026l[?2026h[?25l[A[A[A[A[A[A[1Gpulling manifest [K
pulling fd7b6731c33c: 100% ▕██████████████████▏ 9.1 GB                         [K
pulling 32695b892af8: 100% ▕██████████████████▏  275 B                         [K
pulling fa8235e5b48f: 100% ▕██████████████████▏ 1.1 KB                         [K
pulling 45a1c652dddc: 100% ▕██████████████████▏   82 B                         [K
pulling f5d6f49c6477: 100% ▕██████████████████▏  486 B                         [K
verifying sha256 digest ⠋ [K[?25h[?2026l[?2026h[?25l[A[A[A[A[A[A[1Gpulling manifest [K
pulling fd7b6731c33c: 100% ▕██████████████████▏ 9.1 GB                         [K
pulling 32695b892af8: 100% ▕██████████████████▏  275 B                         [K
pulling fa8235e5b48f: 100% ▕██████████████████▏ 1.1 KB                         [K
pulling 45a1c652dddc: 100% ▕██████████████████▏   82 B                         [K
pulling f5d6f49c6477: 100% ▕██████████████████▏  486 B                         [K
verifying sha256 digest ⠙ [K[?25h[?2026l[?2026h[?25l[A[A[A[A[A[A[1Gpulling manifest [K
pulling fd7b6731c33c: 100% ▕██████████████████▏ 9.1 GB                         [K
pulling 32695b892af8: 100% ▕██████████████████▏  275 B                         [K
pulling fa8235e5b48f: 100% ▕██████████████████▏ 1.1 KB                         [K
pulling 45a1c652dddc: 100% ▕██████████████████▏   82 B                         [K
pulling f5d6f49c6477: 100% ▕██████████████████▏  486 B                         [K
verifying sha256 digest ⠹ [K[?25h[?2026l[?2026h[?25l[A[A[A[A[A[A[1Gpulling manifest [K
pulling fd7b6731c33c: 100% ▕██████████████████▏ 9.1 GB                         [K
pulling 32695b892af8: 100% ▕██████████████████▏  275 B                         [K
pulling fa8235e5b48f: 100% ▕██████████████████▏ 1.1 KB                         [K
pulling 45a1c652dddc: 100% ▕██████████████████▏   82 B                         [K
pulling f5d6f49c6477: 100% ▕██████████████████▏  486 B                         [K
verifying sha256 digest ⠸ [K[?25h[?2026l[?2026h[?25l[A[A[A[A[A[A[1Gpulling manifest [K
pulling fd7b6731c33c: 100% ▕██████████████████▏ 9.1 GB                         [K
pulling 32695b892af8: 100% ▕██████████████████▏  275 B                         [K
pulling fa8235e5b48f: 100% ▕██████████████████▏ 1.1 KB                         [K
pulling 45a1c652dddc: 100% ▕██████████████████▏   82 B                         [K
pulling f5d6f49c6477: 100% ▕██████████████████▏  486 B                         [K
verifying sha256 digest ⠼ [K[?25h[?2026l[?2026h[?25l[A[A[A[A[A[A[1Gpulling manifest [K
pulling fd7b6731c33c: 100% ▕██████████████████▏ 9.1 GB                         [K
pulling 32695b892af8: 100% ▕██████████████████▏  275 B                         [K
pulling fa8235e5b48f: 100% ▕██████████████████▏ 1.1 KB                         [K
pulling 45a1c652dddc: 100% ▕██████████████████▏   82 B                         [K
pulling f5d6f49c6477: 100% ▕██████████████████▏  486 B                         [K
verifying sha256 digest ⠴ [K[?25h[?2026l[?2026h[?25l[A[A[A[A[A[A[1Gpulling manifest [K
pulling fd7b6731c33c: 100% ▕██████████████████▏ 9.1 GB                         [K
pulling 32695b892af8: 100% ▕██████████████████▏  275 B                         [K
pulling fa8235e5b48f: 100% ▕██████████████████▏ 1.1 KB                         [K
pulling 45a1c652dddc: 100% ▕██████████████████▏   82 B                         [K
pulling f5d6f49c6477: 100% ▕██████████████████▏  486 B                         [K
verifying sha256 digest ⠦ [K[?25h[?2026l[?2026h[?25l[A[A[A[A[A[A[1Gpulling manifest [K
pulling fd7b6731c33c: 100% ▕██████████████████▏ 9.1 GB                         [K
pulling 32695b892af8: 100% ▕██████████████████▏  275 B                         [K
pulling fa8235e5b48f: 100% ▕██████████████████▏ 1.1 KB                         [K
pulling 45a1c652dddc: 100% ▕██████████████████▏   82 B                         [K
pulling f5d6f49c6477: 100% ▕██████████████████▏  486 B                         [K
verifying sha256 digest ⠧ [K[?25h[?2026l[?2026h[?25l[A[A[A[A[A[A[1Gpulling manifest [K
pulling fd7b6731c33c: 100% ▕██████████████████▏ 9.1 GB                         [K
pulling 32695b892af8: 100% ▕██████████████████▏  275 B                         [K
pulling fa8235e5b48f: 100% ▕██████████████████▏ 1.1 KB                         [K
pulling 45a1c652dddc: 100% ▕██████████████████▏   82 B                         [K
pulling f5d6f49c6477: 100% ▕██████████████████▏  486 B                         [K
verifying sha256 digest ⠇ [K[?25h[?2026l[?2026h[?25l[A[A[A[A[A[A[1Gpulling manifest [K
pulling fd7b6731c33c: 100% ▕██████████████████▏ 9.1 GB                         [K
pulling 32695b892af8: 100% ▕██████████████████▏  275 B                         [K
pulling fa8235e5b48f: 100% ▕██████████████████▏ 1.1 KB                         [K
pulling 45a1c652dddc: 100% ▕██████████████████▏   82 B                         [K
pulling f5d6f49c6477: 100% ▕██████████████████▏  486 B                         [K
verifying sha256 digest ⠏ [K[?25h[?2026l[?2026h[?25l[A[A[A[A[A[A[1Gpulling manifest [K
pulling fd7b6731c33c: 100% ▕██████████████████▏ 9.1 GB                         [K
pulling 32695b892af8: 100% ▕██████████████████▏  275 B                         [K
pulling fa8235e5b48f: 100% ▕██████████████████▏ 1.1 KB                         [K
pulling 45a1c652dddc: 100% ▕██████████████████▏   82 B                         [K
pulling f5d6f49c6477: 100% ▕██████████████████▏  486 B                         [K
verifying sha256 digest ⠋ [K[?25h[?2026l[?2026h[?25l[A[A[A[A[A[A[1Gpulling manifest [K
pulling fd7b6731c33c: 100% ▕██████████████████▏ 9.1 GB                         [K
pulling 32695b892af8: 100% ▕██████████████████▏  275 B                         [K
pulling fa8235e5b48f: 100% ▕██████████████████▏ 1.1 KB                         [K
pulling 45a1c652dddc: 100% ▕██████████████████▏   82 B                         [K
pulling f5d6f49c6477: 100% ▕██████████████████▏  486 B                         [K
verifying sha256 digest ⠙ [K[?25h[?2026l[?2026h[?25l[A[A[A[A[A[A[1Gpulling manifest [K
pulling fd7b6731c33c: 100% ▕██████████████████▏ 9.1 GB                         [K
pulling 32695b892af8: 100% ▕██████████████████▏  275 B                         [K
pulling fa8235e5b48f: 100% ▕██████████████████▏ 1.1 KB                         [K
pulling 45a1c652dddc: 100% ▕██████████████████▏   82 B                         [K
pulling f5d6f49c6477: 100% ▕██████████████████▏  486 B                         [K
verifying sha256 digest ⠹ [K[?25h[?2026l[?2026h[?25l[A[A[A[A[A[A[1Gpulling manifest [K
pulling fd7b6731c33c: 100% ▕██████████████████▏ 9.1 GB                         [K
pulling 32695b892af8: 100% ▕██████████████████▏  275 B                         [K
pulling fa8235e5b48f: 100% ▕██████████████████▏ 1.1 KB                         [K
pulling 45a1c652dddc: 100% ▕██████████████████▏   82 B                         [K
pulling f5d6f49c6477: 100% ▕██████████████████▏  486 B                         [K
verifying sha256 digest ⠸ [K[?25h[?2026l[?2026h[?25l[A[A[A[A[A[A[1Gpulling manifest [K
pulling fd7b6731c33c: 100% ▕██████████████████▏ 9.1 GB                         [K
pulling 32695b892af8: 100% ▕██████████████████▏  275 B                         [K
pulling fa8235e5b48f: 100% ▕██████████████████▏ 1.1 KB                         [K
pulling 45a1c652dddc: 100% ▕██████████████████▏   82 B                         [K
pulling f5d6f49c6477: 100% ▕██████████████████▏  486 B                         [K
verifying sha256 digest ⠼ [K[?25h[?2026l[?2026h[?25l[A[A[A[A[A[A[1Gpulling manifest [K
pulling fd7b6731c33c: 100% ▕██████████████████▏ 9.1 GB                         [K
pulling 32695b892af8: 100% ▕██████████████████▏  275 B                         [K
pulling fa8235e5b48f: 100% ▕██████████████████▏ 1.1 KB                         [K
pulling 45a1c652dddc: 100% ▕██████████████████▏   82 B                         [K
pulling f5d6f49c6477: 100% ▕██████████████████▏  486 B                         [K
verifying sha256 digest ⠴ [K[?25h[?2026l[?2026h[?25l[A[A[A[A[A[A[1Gpulling manifest [K
pulling fd7b6731c33c: 100% ▕██████████████████▏ 9.1 GB                         [K
pulling 32695b892af8: 100% ▕██████████████████▏  275 B                         [K
pulling fa8235e5b48f: 100% ▕██████████████████▏ 1.1 KB                         [K
pulling 45a1c652dddc: 100% ▕██████████████████▏   82 B                         [K
pulling f5d6f49c6477: 100% ▕██████████████████▏  486 B                         [K
verifying sha256 digest ⠦ [K[?25h[?2026l[?2026h[?25l[A[A[A[A[A[A[1Gpulling manifest [K
pulling fd7b6731c33c: 100% ▕██████████████████▏ 9.1 GB                         [K
pulling 32695b892af8: 100% ▕██████████████████▏  275 B                         [K
pulling fa8235e5b48f: 100% ▕██████████████████▏ 1.1 KB                         [K
pulling 45a1c652dddc: 100% ▕██████████████████▏   82 B                         [K
pulling f5d6f49c6477: 100% ▕██████████████████▏  486 B                         [K
verifying sha256 digest ⠧ [K[?25h[?2026l[?2026h[?25l[A[A[A[A[A[A[1Gpulling manifest [K
pulling fd7b6731c33c: 100% ▕██████████████████▏ 9.1 GB                         [K
pulling 32695b892af8: 100% ▕██████████████████▏  275 B                         [K
pulling fa8235e5b48f: 100% ▕██████████████████▏ 1.1 KB                         [K
pulling 45a1c652dddc: 100% ▕██████████████████▏   82 B                         [K
pulling f5d6f49c6477: 100% ▕██████████████████▏  486 B                         [K
verifying sha256 digest ⠇ [K[?25h[?2026l[?2026h[?25l[A[A[A[A[A[A[1Gpulling manifest [K
pulling fd7b6731c33c: 100% ▕██████████████████▏ 9.1 GB                         [K
pulling 32695b892af8: 100% ▕██████████████████▏  275 B                         [K
pulling fa8235e5b48f: 100% ▕██████████████████▏ 1.1 KB                         [K
pulling 45a1c652dddc: 100% ▕██████████████████▏   82 B                         [K
pulling f5d6f49c6477: 100% ▕██████████████████▏  486 B                         [K
verifying sha256 digest ⠏ [K[?25h[?2026l[?2026h[?25l[A[A[A[A[A[A[1Gpulling manifest [K
pulling fd7b6731c33c: 100% ▕██████████████████▏ 9.1 GB                         [K
pulling 32695b892af8: 100% ▕██████████████████▏  275 B                         [K
pulling fa8235e5b48f: 100% ▕██████████████████▏ 1.1 KB                         [K
pulling 45a1c652dddc: 100% ▕██████████████████▏   82 B                         [K
pulling f5d6f49c6477: 100% ▕██████████████████▏  486 B                         [K
verifying sha256 digest ⠋ [K[?25h[?2026l[?2026h[?25l[A[A[A[A[A[A[1Gpulling manifest [K
pulling fd7b6731c33c: 100% ▕██████████████████▏ 9.1 GB                         [K
pulling 32695b892af8: 100% ▕██████████████████▏  275 B                         [K
pulling fa8235e5b48f: 100% ▕██████████████████▏ 1.1 KB                         [K
pulling 45a1c652dddc: 100% ▕██████████████████▏   82 B                         [K
pulling f5d6f49c6477: 100% ▕██████████████████▏  486 B                         [K
verifying sha256 digest ⠙ [K[?25h[?2026l[?2026h[?25l[A[A[A[A[A[A[1Gpulling manifest [K
pulling fd7b6731c33c: 100% ▕██████████████████▏ 9.1 GB                         [K
pulling 32695b892af8: 100% ▕██████████████████▏  275 B                         [K
pulling fa8235e5b48f: 100% ▕██████████████████▏ 1.1 KB                         [K
pulling 45a1c652dddc: 100% ▕██████████████████▏   82 B                         [K
pulling f5d6f49c6477: 100% ▕██████████████████▏  486 B                         [K
verifying sha256 digest ⠹ [K[?25h[?2026l[?2026h[?25l[A[A[A[A[A[A[1Gpulling manifest [K
pulling fd7b6731c33c: 100% ▕██████████████████▏ 9.1 GB                         [K
pulling 32695b892af8: 100% ▕██████████████████▏  275 B                         [K
pulling fa8235e5b48f: 100% ▕██████████████████▏ 1.1 KB                         [K
pulling 45a1c652dddc: 100% ▕██████████████████▏   82 B                         [K
pulling f5d6f49c6477: 100% ▕██████████████████▏  486 B                         [K
verifying sha256 digest ⠸ [K[?25h[?2026l[?2026h[?25l[A[A[A[A[A[A[1Gpulling manifest [K
pulling fd7b6731c33c: 100% ▕██████████████████▏ 9.1 GB                         [K
pulling 32695b892af8: 100% ▕██████████████████▏  275 B                         [K
pulling fa8235e5b48f: 100% ▕██████████████████▏ 1.1 KB                         [K
pulling 45a1c652dddc: 100% ▕██████████████████▏   82 B                         [K
pulling f5d6f49c6477: 100% ▕██████████████████▏  486 B                         [K
verifying sha256 digest [K
writing manifest [K
success [K[?25h[?2026l
OK phi4
=== pull gemma3:12b @ 17:14:41 ===
[?2026h[?25l[1Gpulling manifest ⠙ [K[?25h[?2026l[?2026h[?25l[1Gpulling manifest ⠹ [K[?25h[?2026l[?2026h[?25l[1Gpulling manifest ⠸ [K[?25h[?2026l[?2026h[?25l[1Gpulling manifest ⠼ [K[?25h[?2026l[?2026h[?25l[1Gpulling manifest ⠴ [K[?25h[?2026l[?2026h[?25l[1Gpulling manifest ⠦ [K[?25h[?2026l[?2026h[?25l[1Gpulling manifest ⠧ [K[?25h[?2026l[?2026h[?25l[1Gpulling manifest ⠇ [K[?25h[?2026l[?2026h[?25l[1Gpulling manifest ⠏ [K[?25h[?2026l[?2026h[?25l[1Gpulling manifest ⠋ [K[?25h[?2026l[?2026h[?25l[1Gpulling manifest [K
pulling e8ad13eff07a:   0% ▕                  ▏ 4.2 MB/8.1 GB                  [K[?25h[?2026l[?2026h[?25l[A[1Gpulling manifest [K
pulling e8ad13eff07a:   0% ▕                  ▏  19 MB/8.1 GB                  [K[?25h[?2026l[?2026h[?25l[A[1Gpulling manifest [K
pulling e8ad13eff07a:   0% ▕                  ▏  29 MB/8.1 GB                  [K[?25h[?2026l[?2026h[?25l[A[1Gpulling manifest [K
pulling e8ad13eff07a:   1% ▕                  ▏  48 MB/8.1 GB                  [K[?25h[?2026l[?2026h[?25l[A[1Gpulling manifest [K
pulling e8ad13eff07a:   1% ▕                  ▏  67 MB/8.1 GB                  [K[?25h[?2026l[?2026h[?25l[A[1Gpulling manifest [K
pulling e8ad13eff07a:   1% ▕                  ▏  77 MB/8.1 GB                  [K[?25h[?2026l[?2026h[?25l[A[1Gpulling manifest [K
pulling e8ad13eff07a:   1% ▕                  ▏  94 MB/8.1 GB                  [K[?25h[?2026l[?2026h[?25l[A[1Gpulling manifest [K
pulling e8ad13eff07a:   1% ▕                  ▏ 101 MB/8.1 GB                  [K[?25h[?2026l[?2026h[?25l[A[1Gpulling manifest [K
pulling e8ad13eff07a:   1% ▕                  ▏ 119 MB/8.1 GB                  [K[?25h[?2026l[?2026h[?25l[A[1Gpulling manifest [K
pulling e8ad13eff07a:   2% ▕                  ▏ 140 MB/8.1 GB                  [K[?25h[?2026l[?2026h[?25l[A[1Gpulling manifest [K
pulling e8ad13eff07a:   2% ▕                  ▏ 156 MB/8.1 GB  152 MB/s     52s[K[?25h[?2026l[?2026h[?25l[A[1Gpulling manifest [K
pulling e8ad13eff07a:   2% ▕                  ▏ 166 MB/8.1 GB  152 MB/s     52s[K[?25h[?2026l[?2026h[?25l[A[1Gpulling manifest [K
pulling e8ad13eff07a:   2% ▕                  ▏ 183 MB/8.1 GB  152 MB/s     52s[K[?25h[?2026l[?2026h[?25l[A[1Gpulling manifest [K
pulling e8ad13eff07a:   2% ▕                  ▏ 202 MB/8.1 GB  152 MB/s     52s[K[?25h[?2026l[?2026h[?25l[A[1Gpulling manifest [K
pulling e8ad13eff07a:   3% ▕                  ▏ 211 MB/8.1 GB  152 MB/s     52s[K[?25h[?2026l[?2026h[?25l[A[1Gpulling manifest [K
pulling e8ad13eff07a:   3% ▕                  ▏ 229 MB/8.1 GB  152 MB/s     51s[K[?25h[?2026l[?2026h[?25l[A[1Gpulling manifest [K
pulling e8ad13eff07a:   3% ▕                  ▏ 246 MB/8.1 GB  152 MB/s     51s[K[?25h[?2026l[?2026h[?25l[A[1Gpulling manifest [K
pulling e8ad13eff07a:   3% ▕                  ▏ 256 MB/8.1 GB  152 MB/s     51s[K[?25h[?2026l[?2026h[?25l[A[1Gpulling manifest [K
pulling e8ad13eff07a:   3% ▕                  ▏ 273 MB/8.1 GB  152 MB/s     51s[K[?25h[?2026l[?2026h[?25l[A[1Gpulling manifest [K
pulling e8ad13eff07a:   4% ▕                  ▏ 289 MB/8.1 GB  152 MB/s     51s[K[?25h[?2026l[?2026h[?25l[A[1Gpulling manifest [K
pulling e8ad13eff07a:   4% ▕                  ▏ 295 MB/8.1 GB  152 MB/s     51s[K[?25h[?2026l[?2026h[?25l[A[1Gpulling manifest [K
pulling e8ad13eff07a:   4% ▕                  ▏ 318 MB/8.1 GB  149 MB/s     52s[K[?25h[?2026l[?2026h[?25l[A[1Gpulling manifest [K
pulling e8ad13eff07a:   4% ▕                  ▏ 341 MB/8.1 GB  149 MB/s     52s[K[?25h[?2026l[?2026h[?25l[A[1Gpulling manifest [K
pulling e8ad13eff07a:   4% ▕                  ▏ 353 MB/8.1 GB  149 MB/s     52s[K[?25h[?2026l[?2026h[?25l[A[1Gpulling manifest [K
pulling e8ad13eff07a:   5% ▕                  ▏ 373 MB/8.1 GB  149 MB/s     51s[K[?25h[?2026l[?2026h[?25l[A[1Gpulling manifest [K
pulling e8ad13eff07a:   5% ▕                  ▏ 387 MB/8.1 GB  149 MB/s     51s[K[?25h[?2026l[?2026h[?25l[A[1Gpulling manifest [K
pulling e8ad13eff07a:   5% ▕                  ▏ 389 MB/8.1 GB  149 MB/s     51s[K[?25h[?2026l[?2026h[?25l[A[1Gpulling manifest [K
pulling e8ad13eff07a:   5% ▕                  ▏ 415 MB/8.1 GB  149 MB/s     51s[K[?25h[?2026l[?2026h[?25l[A[1Gpulling manifest [K
pulling e8ad13eff07a:   5% ▕                  ▏ 431 MB/8.1 GB  149 MB/s     51s[K[?25h[?2026l[?2026h[?25l[A[1Gpulling manifest [K
pulling e8ad13eff07a:   5% ▕                  ▏ 434 MB/8.1 GB  149 MB/s     51s[K[?25h[?2026l[?2026h[?25l[A[1Gpulling manifest [K
pulling e8ad13eff07a:   6% ▕█                 ▏ 453 MB/8.1 GB  149 MB/s     51s[K[?25h[?2026l[?2026h[?25l[A[1Gpulling manifest [K
pulling e8ad13eff07a:   6% ▕█                 ▏ 469 MB/8.1 GB  151 MB/s     50s[K[?25h[?2026l[?2026h[?25l[A[1Gpulling manifest [K
pulling e8ad13eff07a:   6% ▕█                 ▏ 478 MB/8.1 GB  151 MB/s     50s[K[?25h[?2026l[?2026h[?25l[A[1Gpulling manifest [K
pulling e8ad13eff07a:   6% ▕█                 ▏ 489 MB/8.1 GB  151 MB/s     50s[K[?25h[?2026l[?2026h[?25l[A[1Gpulling manifest [K
pulling e8ad13eff07a:   6% ▕█                 ▏ 519 MB/8.1 GB  151 MB/s     50s[K[?25h[?2026l[?2026h[?25l[A[1Gpulling manifest [K
pulling e8ad13eff07a:   6% ▕█                 ▏ 520 MB/8.1 GB  151 MB/s     50s[K[?25h[?2026l[?2026h[?25l[A[1Gpulling manifest [K
pulling e8ad13eff07a:   6% ▕█                 ▏ 520 MB/8.1 GB  151 MB/s     50s[K[?25h[?2026l[?2026h[?25l[A[1Gpulling manifest [K
pulling e8ad13eff07a:   6% ▕█                 ▏ 520 MB/8.1 GB  151 MB/s     50s[K[?25h[?2026l[?2026h[?25l[A[1Gpulling manifest [K
pulling e8ad13eff07a:   6% ▕█                 ▏ 520 MB/8.1 GB  151 MB/s     50s[K[?25h[?2026l[?2026h[?25l[A[1Gpulling manifest [K
pulling e8ad13eff07a:   6% ▕█                 ▏ 520 MB/8.1 GB  151 MB/s     50s[K[?25h[?2026l[?2026h[?25l[A[1Gpulling manifest [K
pulling e8ad13eff07a:   7% ▕█                 ▏ 533 MB/8.1 GB  151 MB/s     50s[K[?25h[?2026l[?2026h[?25l[A[1Gpulling manifest [K
pulling e8ad13eff07a:   7% ▕█                 ▏ 542 MB/8.1 GB  134 MB/s     56s[K[?25h[?2026l[?2026h[?25l[A[1Gpulling manifest [K
pulling e8ad13eff07a:   7% ▕█                 ▏ 558 MB/8.1 GB  134 MB/s     56s[K[?25h[?2026l[?2026h[?25l[A[1Gpulling manifest [K
pulling e8ad13eff07a:   7% ▕█                 ▏ 573 MB/8.1 GB  134 MB/s     56s[K[?25h[?2026l[?2026h[?25l[A[1Gpulling manifest [K
pulling e8ad13eff07a:   7% ▕█                 ▏ 581 MB/8.1 GB  134 MB/s     56s[K[?25h[?2026l[?2026h[?25l[A[1Gpulling manifest [K
pulling e8ad13eff07a:   7% ▕█                 ▏ 596 MB/8.1 GB  134 MB/s     56s[K[?25h[?2026l[?2026h[?25l[A[1Gpulling manifest [K
pulling e8ad13eff07a:   7% ▕█                 ▏ 606 MB/8.1 GB  134 MB/s     56s[K[?25h[?2026l[?2026h[?25l[A[1Gpulling manifest [K
pulling e8ad13eff07a:   8% ▕█                 ▏ 620 MB/8.1 GB  134 MB/s     55s[K[?25h[?2026l[?2026h[?25l[A[1Gpulling manifest [K
pulling e8ad13eff07a:   8% ▕█                 ▏ 641 MB/8.1 GB  134 MB/s     55s[K[?25h[?2026l[?2026h[?25l[A[1Gpulling manifest [K
pulling e8ad13eff07a:   8% ▕█                 ▏ 660 MB/8.1 GB  134 MB/s     55s[K[?25h[?2026l[?2026h[?25l[A[1Gpulling manifest [K
pulling e8ad13eff07a:   8% ▕█                 ▏ 670 MB/8.1 GB  134 MB/s     55s[K[?25h[?2026l[?2026h[?25l[A[1Gpulling manifest [K
pulling e8ad13eff07a:   8% ▕█                 ▏ 689 MB/8.1 GB  137 MB/s     54s[K[?25h[?2026l[?2026h[?25l[A[1Gpulling manifest [K
pulling e8ad13eff07a:   9% ▕█                 ▏ 707 MB/8.1 GB  137 MB/s     54s[K[?25h[?2026l[?2026h[?25l[A[1Gpulling manifest [K
pulling e8ad13eff07a:   9% ▕█                 ▏ 715 MB/8.1 GB  137 MB/s     54s[K[?25h[?2026l[?2026h[?25l[A[1Gpulling manifest [K
pulling e8ad13eff07a:   9% ▕█                 ▏ 737 MB/8.1 GB  137 MB/s     54s[K[?25h[?2026l[?2026h[?25l[A[1Gpulling manifest [K
pulling e8ad13eff07a:   9% ▕█                 ▏ 756 MB/8.1 GB  137 MB/s     53s[K[?25h[?2026l[?2026h[?25l[A[1Gpulling manifest [K
pulling e8ad13eff07a:   9% ▕█                 ▏ 766 MB/8.1 GB  137 MB/s     53s[K[?25h[?2026l[?2026h[?25l[A[1Gpulling manifest [K
pulling e8ad13eff07a:  10% ▕█                 ▏ 785 MB/8.1 GB  137 MB/s     53s[K[?25h[?2026l[?2026h[?25l[A[1Gpulling manifest [K
pulling e8ad13eff07a:  10% ▕█                 ▏ 803 MB/8.1 GB  137 MB/s     53s[K[?25h[?2026l[?2026h[?25l[A[1Gpulling manifest [K
pulling e8ad13eff07a:  10% ▕█                 ▏ 806 MB/8.1 GB  137 MB/s     53s[K[?25h[?2026l[?2026h[?25l[A[1Gpulling manifest [K
pulling e8ad13eff07a:  10% ▕█                 ▏ 827 MB/8.1 GB  137 MB/s     53s[K[?25h[?2026l[?2026h[?25l[A[1Gpulling manifest [K
pulling e8ad13eff07a:  10% ▕█                 ▏ 845 MB/8.1 GB  140 MB/s     52s[K[?25h[?2026l[?2026h[?25l[A[1Gpulling manifest [K
pulling e8ad13eff07a:  10% ▕█                 ▏ 852 MB/8.1 GB  140 MB/s     52s[K[?25h[?2026l[?2026h[?25l[A[1Gpulling manifest [K
pulling e8ad13eff07a:  11% ▕█                 ▏ 867 MB/8.1 GB  140 MB/s     51s[K[?25h[?2026l[?2026h[?25l[A[1Gpulling manifest [K
pulling e8ad13eff07a:  11% ▕█                 ▏ 882 MB/8.1 GB  140 MB/s     51s[K[?25h[?2026l[?2026h[?25l[A[1Gpulling manifest [K
pulling e8ad13eff07a:  11% ▕█                 ▏ 894 MB/8.1 GB  140 MB/s     51s[K[?25h[?2026l[?2026h[?25l[A[1Gpulling manifest [K
pulling e8ad13eff07a:  11% ▕██                ▏ 909 MB/8.1 GB  140 MB/s     51s[K[?25h[?2026l[?2026h[?25l[A[1Gpulling manifest [K
pulling e8ad13eff07a:  11% ▕██                ▏ 926 MB/8.1 GB  140 MB/s     51s[K[?25h[?2026l[?2026h[?25l[A[1Gpulling manifest [K
pulling e8ad13eff07a:  11% ▕██                ▏ 935 MB/8.1 GB  140 MB/s     51s[K[?25h[?2026l[?2026h[?25l[A[1Gpulling manifest [K
pulling e8ad13eff07a:  12% ▕██                ▏ 942 MB/8.1 GB  140 MB/s     51s[K[?25h[?2026l[?2026h[?25l[A[1Gpulling manifest [K
pulling e8ad13eff07a:  12% ▕██                ▏ 970 MB/8.1 GB  140 MB/s     51s[K[?25h[?2026l[?2026h[?25l[A[1Gpulling manifest [K
pulling e8ad13eff07a:  12% ▕██                ▏ 979 MB/8.1 GB  140 MB/s     51s[K[?25h[?2026l[?2026h[?25l[A[1Gpulling manifest [K
pulling e8ad13eff07a:  12% ▕██                ▏ 989 MB/8.1 GB  140 MB/s     51s[K[?25h[?2026l[?2026h[?25l[A[1Gpulling manifest [K
pulling e8ad13eff07a:  12% ▕██                ▏ 997 MB/8.1 GB  140 MB/s     51s[K[?25h[?2026l[?2026h[?25l[A[1Gpulling manifest [K
pulling e8ad13eff07a:  12% ▕██                ▏ 1.0 GB/8.1 GB  140 MB/s     50s[K[?25h[?2026l[?2026h[?25l[A[1Gpulling manifest [K
pulling e8ad13eff07a:  13% ▕██                ▏ 1.0 GB/8.1 GB  140 MB/s     50s[K[?25h[?2026l[?2026h[?25l[A[1Gpulling manifest [K
pulling e8ad13eff07a:  13% ▕██                ▏ 1.0 GB/8.1 GB  140 MB/s     50s[K[?25h[?2026l[?2026h[?25l[A[1Gpulling manifest [K
pulling e8ad13eff07a:  13% ▕██                ▏ 1.1 GB/8.1 GB  140 MB/s     50s[K[?25h[?2026l[?2026h[?25l[A[1Gpulling manifest [K
pulling e8ad13eff07a:  13% ▕██                ▏ 1.1 GB/8.1 GB  140 MB/s     50s[K[?25h[?2026l[?2026h[?25l[A[1Gpulling manifest [K
pulling e8ad13eff07a:  13% ▕██                ▏ 1.1 GB/8.1 GB  140 MB/s     50s[K[?25h[?2026l[?2026h[?25l[A[1Gpulling manifest [K
pulling e8ad13eff07a:  13% ▕██                ▏ 1.1 GB/8.1 GB  140 MB/s     50s[K[?25h[?2026l[?2026h[?25l[A[1Gpulling manifest [K
pulling e8ad13eff07a:  13% ▕██                ▏ 1.1 GB/8.1 GB  140 MB/s     50s[K[?25h[?2026l[?2026h[?25l[A[1Gpulling manifest [K
pulling e8ad13eff07a:  14% ▕██                ▏ 1.1 GB/8.1 GB  138 MB/s     50s[K[?25h[?2026l[?2026h[?25l[A[1Gpulling manifest [K
pulling e8ad13eff07a:  14% ▕██                ▏ 1.1 GB/8.1 GB  138 MB/s     50s[K[?25h[?2026l[?2026h[?25l[A[1Gpulling manifest [K
pulling e8ad13eff07a:  14% ▕██                ▏ 1.1 GB/8.1 GB  138 MB/s     50s[K[?25h[?2026l[?2026h[?25l[A[1Gpulling manifest [K
pulling e8ad13eff07a:  14% ▕██                ▏ 1.2 GB/8.1 GB  138 MB/s     50s[K[?25h[?2026l[?2026h[?25l[A[1Gpulling manifest [K
pulling e8ad13eff07a:  14% ▕██                ▏ 1.2 GB/8.1 GB  138 MB/s     50s[K[?25h[?2026l[?2026h[?25l[A[1Gpulling manifest [K
pulling e8ad13eff07a:  15% ▕██                ▏ 1.2 GB/8.1 GB  138 MB/s     50s[K[?25h[?2026l[?2026h[?25l[A[1Gpulling manifest [K
pulling e8ad13eff07a:  15% ▕██                ▏ 1.2 GB/8.1 GB  138 MB/s     50s[K[?25h[?2026l[?2026h[?25l[A[1Gpulling manifest [K
pulling e8ad13eff07a:  15% ▕██                ▏ 1.2 GB/8.1 GB  138 MB/s     50s[K[?25h[?2026l[?2026h[?25l[A[1Gpulling manifest [K
pulling e8ad13eff07a:  15% ▕██                ▏ 1.2 GB/8.1 GB  138 MB/s     50s[K[?25h[?2026l[?2026h[?25l[A[1Gpulling manifest [K
pulling e8ad13eff07a:  15% ▕██                ▏ 1.2 GB/8.1 GB  138 MB/s     50s[K[?25h[?2026l[?2026h[?25l[A[1Gpulling manifest [K
pulling e8ad13eff07a:  15% ▕██                ▏ 1.2 GB/8.1 GB  135 MB/s     51s[K[?25h[?2026l[?2026h[?25l[A[1Gpulling manifest [K
pulling e8ad13eff07a:  15% ▕██                ▏ 1.2 GB/8.1 GB  135 MB/s     50s[K[?25h[?2026l[?2026h[?25l[A[1Gpulling manifest [K
pulling e8ad13eff07a:  15% ▕██                ▏ 1.3 GB/8.1 GB  135 MB/s     50s[K[?25h[?2026l[?2026h[?25l[A[1Gpulling manifest [K
pulling e8ad13eff07a:  15% ▕██                ▏ 1.3 GB/8.1 GB  135 MB/s     50s[K[?25h[?2026l[?2026h[?25l[A[1Gpulling manifest [K
pulling e8ad13eff07a:  16% ▕██                ▏ 1.3 GB/8.1 GB  135 MB/s     50s[K[?25h[?2026l[?2026h[?25l[A[1Gpulling manifest [K
pulling e8ad13eff07a:  16% ▕██                ▏ 1.3 GB/8.1 GB  135 MB/s     50s[K[?25h[?2026l[?2026h[?25l[A[1Gpulling manifest [K
pulling e8ad13eff07a:  16% ▕██                ▏ 1.3 GB/8.1 GB  135 MB/s     50s[K[?25h[?2026l[?2026h[?25l[A[1Gpulling manifest [K
pulling e8ad13eff07a:  16% ▕██                ▏ 1.3 GB/8.1 GB  135 MB/s     50s[K[?25h[?2026l[?2026h[?25l[A[1Gpulling manifest [K
pulling e8ad13eff07a:  16% ▕██                ▏ 1.3 GB/8.1 GB  135 MB/s     50s[K[?25h[?2026l[?2026h[?25l[A[1Gpulling manifest [K
pulling e8ad13eff07a:  16% ▕██                ▏ 1.3 GB/8.1 GB  135 MB/s     50s[K[?25h[?2026l[?2026h[?25l[A[1Gpulling manifest [K
pulling e8ad13eff07a:  17% ▕██                ▏ 1.4 GB/8.1 GB  133 MB/s     51s[K[?25h[?2026l[?2026h[?25l[A[1Gpulling manifest [K
pulling e8ad13eff07a:  17% ▕███               ▏ 1.4 GB/8.1 GB  133 MB/s     50s[K[?25h[?2026l[?2026h[?25l[A[1Gpulling manifest [K
pulling e8ad13eff07a:  17% ▕███               ▏ 1.4 GB/8.1 GB  133 MB/s     50s[K[?25h[?2026l[?2026h[?25l[A[1Gpulling manifest [K
pulling e8ad13eff07a:  17% ▕███               ▏ 1.4 GB/8.1 GB  133 MB/s     50s[K[?25h[?2026l[?2026h[?25l[A[1Gpulling manifest [K
pulling e8ad13eff07a:  17% ▕███               ▏ 1.4 GB/8.1 GB  133 MB/s     50s[K[?25h[?2026l[?2026h[?25l[A[1Gpulling manifest [K
pulling e8ad13eff07a:  17% ▕███               ▏ 1.4 GB/8.1 GB  133 MB/s     50s[K[?25h[?2026l[?2026h[?25l[A[1Gpulling manifest [K
pulling e8ad13eff07a:  18% ▕███               ▏ 1.4 GB/8.1 GB  133 MB/s     50s[K[?25h[?2026l[?2026h[?25l[A[1Gpulling manifest [K
pulling e8ad13eff07a:  18% ▕███               ▏ 1.5 GB/8.1 GB  133 MB/s     50s[K[?25h[?2026l[?2026h[?25l[A[1Gpulling manifest [K
pulling e8ad13eff07a:  18% ▕███               ▏ 1.5 GB/8.1 GB  133 MB/s     50s[K[?25h[?2026l[?2026h[?25l[A[1Gpulling manifest [K
pulling e8ad13eff07a:  18% ▕███               ▏ 1.5 GB/8.1 GB  133 MB/s     50s[K[?25h[?2026l[?2026h[?25l[A[1Gpulling manifest [K
pulling e8ad13eff07a:  18% ▕███               ▏ 1.5 GB/8.1 GB  133 MB/s     49s[K[?25h[?2026l[?2026h[?25l[A[1Gpulling manifest [K
pulling e8ad13eff07a:  19% ▕███               ▏ 1.5 GB/8.1 GB  133 MB/s     49s[K[?25h[?2026l[?2026h[?25l[A[1Gpulling manifest [K
pulling e8ad13eff07a:  19% ▕███               ▏ 1.5 GB/8.1 GB  133 MB/s     49s[K[?25h[?2026l[?2026h[?25l[A[1Gpulling manifest [K
pulling e8ad13eff07a:  19% ▕███               ▏ 1.5 GB/8.1 GB  133 MB/s     49s[K[?25h[?2026l[?2026h[?25l[A[1Gpulling manifest [K
pulling e8ad13eff07a:  19% ▕███               ▏ 1.5 GB/8.1 GB  133 MB/s     49s[K[?25h[?2026l[?2026h[?25l[A[1Gpulling manifest [K
pulling e8ad13eff07a:  19% ▕███               ▏ 1.6 GB/8.1 GB  133 MB/s     49s[K[?25h[?2026l[?2026h[?25l[A[1Gpulling manifest [K
pulling e8ad13eff07a:  19% ▕███               ▏ 1.6 GB/8.1 GB  133 MB/s     49s[K[?25h[?2026l[?2026h[?25l[A[1Gpulling manifest [K
pulling e8ad13eff07a:  20% ▕███               ▏ 1.6 GB/8.1 GB  133 MB/s     49s[K[?25h[?2026l[?2026h[?25l[A[1Gpulling manifest [K
pulling e8ad13eff07a:  20% ▕███               ▏ 1.6 GB/8.1 GB  133 MB/s     49s[K[?25h[?2026l[?2026h[?25l[A[1Gpulling manifest [K
pulling e8ad13eff07a:  20% ▕███               ▏ 1.6 GB/8.1 GB  133 MB/s     48s[K[?25h[?2026l[?2026h[?25l[A[1Gpulling manifest [K
pulling e8ad13eff07a:  20% ▕███               ▏ 1.6 GB/8.1 GB  133 MB/s     48s[K[?25h[?2026l[?2026h[?25l[A[1Gpulling manifest [K
pulling e8ad13eff07a:  20% ▕███               ▏ 1.7 GB/8.1 GB  131 MB/s     49s[K[?25h[?2026l[?2026h[?25l[A[1Gpulling manifest [K
pulling e8ad13eff07a:  20% ▕███               ▏ 1.7 GB/8.1 GB  131 MB/s     49s[K[?25h[?2026l[?2026h[?25l[A[1Gpulling manifest [K
pulling e8ad13eff07a:  20% ▕███               ▏ 1.7 GB/8.1 GB  131 MB/s     49s[K[?25h[?2026l[?2026h[?25l[A[1Gpulling manifest [K
pulling e8ad13eff07a:  21% ▕███               ▏ 1.7 GB/8.1 GB  131 MB/s     49s[K[?25h[?2026l[?2026h[?25l[A[1Gpulling manifest [K
pulling e8ad13eff07a:  21% ▕███               ▏ 1.7 GB/8.1 GB  131 MB/s     48s[K[?25h[?2026l[?2026h[?25l[A[1Gpulling manifest [K
pulling e8ad13eff07a:  21% ▕███               ▏ 1.7 GB/8.1 GB  131 MB/s     48s[K[?25h[?2026l[?2026h[?25l[A[1Gpulling manifest [K
pulling e8ad13eff07a:  21% ▕███               ▏ 1.7 GB/8.1 GB  131 MB/s     48s[K[?25h[?2026l[?2026h[?25l[A[1Gpulling manifest [K
pulling e8ad13eff07a:  21% ▕███               ▏ 1.8 GB/8.1 GB  131 MB/s     48s[K[?25h[?2026l[?2026h[?25l[A[1Gpulling manifest [K
pulling e8ad13eff07a:  22% ▕███               ▏ 1.8 GB/8.1 GB  131 MB/s     48s[K[?25h[?2026l[?2026h[?25l[A[1Gpulling manifest [K
pulling e8ad13eff07a:  22% ▕███               ▏ 1.8 GB/8.1 GB  131 MB/s     48s[K[?25h[?2026l[?2026h[?25l[A[1Gpulling manifest [K
pulling e8ad13eff07a:  22% ▕███               ▏ 1.8 GB/8.1 GB  138 MB/s     45s[K[?25h[?2026l[?2026h[?25l[A[1Gpulling manifest [K
pulling e8ad13eff07a:  22% ▕███               ▏ 1.8 GB/8.1 GB  138 MB/s     45s[K[?25h[?2026l[?2026h[?25l[A[1Gpulling manifest [K
pulling e8ad13eff07a:  22% ▕████              ▏ 1.8 GB/8.1 GB  138 MB/s     45s[K[?25h[?2026l[?2026h[?25l[A[1Gpulling manifest [K
pulling e8ad13eff07a:  23% ▕████              ▏ 1.8 GB/8.1 GB  138 MB/s     45s[K[?25h[?2026l[?2026h[?25l[A[1Gpulling manifest [K
pulling e8ad13eff07a:  23% ▕████              ▏ 1.9 GB/8.1 GB  138 MB/s     45s[K[?25h[?2026l[?2026h[?25l[A[1Gpulling manifest [K
pulling e8ad13eff07a:  23% ▕████              ▏ 1.9 GB/8.1 GB  138 MB/s     45s[K[?25h[?2026l[?2026h[?25l[A[1Gpulling manifest [K
pulling e8ad13eff07a:  23% ▕████              ▏ 1.9 GB/8.1 GB  138 MB/s     45s[K[?25h[?2026l[?2026h[?25l[A[1Gpulling manifest [K
pulling e8ad13eff07a:  23% ▕████              ▏ 1.9 GB/8.1 GB  138 MB/s     45s[K[?25h[?2026l[?2026h[?25l[A[1Gpulling manifest [K
pulling e8ad13eff07a:  24% ▕████              ▏ 1.9 GB/8.1 GB  138 MB/s     44s[K[?25h[?2026l[?2026h[?25l[A[1Gpulling manifest [K
pulling e8ad13eff07a:  24% ▕████              ▏ 1.9 GB/8.1 GB  138 MB/s     44s[K[?25h[?2026l[?2026h[?25l[A[1Gpulling manifest [K
pulling e8ad13eff07a:  24% ▕████              ▏ 1.9 GB/8.1 GB  139 MB/s     44s[K[?25h[?2026l[?2026h[?25l[A[1Gpulling manifest [K
pulling e8ad13eff07a:  24% ▕████              ▏ 2.0 GB/8.1 GB  139 MB/s     44s[K[?25h[?2026l[?2026h[?25l[A[1Gpulling manifest [K
pulling e8ad13eff07a:  24% ▕████              ▏ 2.0 GB/8.1 GB  139 MB/s     44s[K[?25h[?2026l[?2026h[?25l[A[1Gpulling manifest [K
pulling e8ad13eff07a:  25% ▕████              ▏ 2.0 GB/8.1 GB  139 MB/s     43s[K[?25h[?2026l[?2026h[?25l[A[1Gpulling manifest [K
pulling e8ad13eff07a:  25% ▕████              ▏ 2.0 GB/8.1 GB  139 MB/s     43s[K[?25h[?2026l[?2026h[?25l[A[1Gpulling manifest [K
pulling e8ad13eff07a:  25% ▕████              ▏ 2.0 GB/8.1 GB  139 MB/s     43s[K[?25h[?2026l[?2026h[?25l[A[1Gpulling manifest [K
pulling e8ad13eff07a:  25% ▕████              ▏ 2.0 GB/8.1 GB  139 MB/s     43s[K[?25h[?2026l[?2026h[?25l[A[1Gpulling manifest [K
pulling e8ad13eff07a:  25% ▕████              ▏ 2.1 GB/8.1 GB  139 MB/s     43s[K[?25h[?2026l[?2026h[?25l[A[1Gpulling manifest [K
pulling e8ad13eff07a:  25% ▕████              ▏ 2.1 GB/8.1 GB  139 MB/s     43s[K[?25h[?2026l[?2026h[?25l[A[1Gpulling manifest [K
pulling e8ad13eff07a:  26% ▕████              ▏ 2.1 GB/8.1 GB  139 MB/s     43s[K[?25h[?2026l[?2026h[?25l[A[1Gpulling manifest [K
pulling e8ad13eff07a:  26% ▕████              ▏ 2.1 GB/8.1 GB  139 MB/s     43s[K[?25h[?2026l[?2026h[?25l[A[1Gpulling manifest [K
pulling e8ad13eff07a:  26% ▕████              ▏ 2.1 GB/8.1 GB  139 MB/s     43s[K[?25h[?2026l[?2026h[?25l[A[1Gpulling manifest [K
pulling e8ad13eff07a:  26% ▕████              ▏ 2.1 GB/8.1 GB  139 MB/s     43s[K[?25h[?2026l[?2026h[?25l[A[1Gpulling manifest [K
pulling e8ad13eff07a:  26% ▕████              ▏ 2.1 GB/8.1 GB  139 MB/s     43s[K[?25h[?2026l[?2026h[?25l[A[1Gpulling manifest [K
pulling e8ad13eff07a:  26% ▕████              ▏ 2.1 GB/8.1 GB  139 MB/s     43s[K[?25h[?2026l[?2026h[?25l[A[1Gpulling manifest [K
pulling e8ad13eff07a:  27% ▕████              ▏ 2.2 GB/8.1 GB  139 MB/s     43s[K[?25h[?2026l[?2026h[?25l[A[1Gpulling manifest [K
pulling e8ad13eff07a:  27% ▕████              ▏ 2.2 GB/8.1 GB  139 MB/s     42s[K[?25h[?2026l[?2026h[?25l[A[1Gpulling manifest [K
pulling e8ad13eff07a:  27% ▕████              ▏ 2.2 GB/8.1 GB  139 MB/s     42s[K[?25h[?2026l[?2026h[?25l[A[1Gpulling manifest [K
pulling e8ad13eff07a:  27% ▕████              ▏ 2.2 GB/8.1 GB  139 MB/s     42s[K[?25h[?2026l[?2026h[?25l[A[1Gpulling manifest [K
pulling e8ad13eff07a:  27% ▕████              ▏ 2.2 GB/8.1 GB  139 MB/s     42s[K[?25h[?2026l[?2026h[?25l[A[1Gpulling manifest [K
pulling e8ad13eff07a:  27% ▕████              ▏ 2.2 GB/8.1 GB  137 MB/s     43s[K[?25h[?2026l[?2026h[?25l[A[1Gpulling manifest [K
pulling e8ad13eff07a:  27% ▕████              ▏ 2.2 GB/8.1 GB  137 MB/s     43s[K[?25h[?2026l[?2026h[?25l[A[1Gpulling manifest [K
pulling e8ad13eff07a:  28% ▕████              ▏ 2.2 GB/8.1 GB  137 MB/s     43s[K[?25h[?2026l[?2026h[?25l[A[1Gpulling manifest [K
pulling e8ad13eff07a:  28% ▕█████             ▏ 2.3 GB/8.1 GB  137 MB/s     42s[K[?25h[?2026l[?2026h[?25l[A[1Gpulling manifest [K
pulling e8ad13eff07a:  28% ▕█████             ▏ 2.3 GB/8.1 GB  137 MB/s     42s[K[?25h[?2026l[?2026h[?25l[A[1Gpulling manifest [K
pulling e8ad13eff07a:  28% ▕█████             ▏ 2.3 GB/8.1 GB  137 MB/s     42s[K[?25h[?2026l[?2026h[?25l[A[1Gpulling manifest [K
pulling e8ad13eff07a:  28% ▕█████             ▏ 2.3 GB/8.1 GB  137 MB/s     42s[K[?25h[?2026l[?2026h[?25l[A[1Gpulling manifest [K
pulling e8ad13eff07a:  28% ▕█████             ▏ 2.3 GB/8.1 GB  137 MB/s     42s[K[?25h[?2026l[?2026h[?25l[A[1Gpulling manifest [K
pulling e8ad13eff07a:  29% ▕█████             ▏ 2.3 GB/8.1 GB  137 MB/s     42s[K[?25h[?2026l[?2026h[?25l[A[1Gpulling manifest [K
pulling e8ad13eff07a:  29% ▕█████             ▏ 2.3 GB/8.1 GB  137 MB/s     42s[K[?25h[?2026l[?2026h[?25l[A[1Gpulling manifest [K
pulling e8ad13eff07a:  29% ▕█████             ▏ 2.4 GB/8.1 GB  137 MB/s     42s[K[?25h[?2026l[?2026h[?25l[A[1Gpulling manifest [K
pulling e8ad13eff07a:  29% ▕█████             ▏ 2.4 GB/8.1 GB  139 MB/s     41s[K[?25h[?2026l[?2026h[?25l[A[1Gpulling manifest [K
pulling e8ad13eff07a:  29% ▕█████             ▏ 2.4 GB/8.1 GB  139 MB/s     41s[K[?25h[?2026l[?2026h[?25l[A[1Gpulling manifest [K
pulling e8ad13eff07a:  29% ▕█████             ▏ 2.4 GB/8.1 GB  139 MB/s     41s[K[?25h[?2026l[?2026h[?25l[A[1Gpulling manifest [K
pulling e8ad13eff07a:  30% ▕█████             ▏ 2.4 GB/8.1 GB  139 MB/s     41s[K[?25h[?2026l[?2026h[?25l[A[1Gpulling manifest [K
pulling e8ad13eff07a:  30% ▕█████             ▏ 2.4 GB/8.1 GB  139 MB/s     40s[K[?25h[?2026l[?2026h[?25l[A[1Gpulling manifest [K
pulling e8ad13eff07a:  30% ▕█████             ▏ 2.4 GB/8.1 GB  139 MB/s     40s[K[?25h[?2026l[?2026h[?25l[A[1Gpulling manifest [K
pulling e8ad13eff07a:  30% ▕█████             ▏ 2.5 GB/8.1 GB  139 MB/s     40s[K[?25h[?2026l[?2026h[?25l[A[1Gpulling manifest [K
pulling e8ad13eff07a:  30% ▕█████             ▏ 2.5 GB/8.1 GB  139 MB/s     40s[K[?25h[?2026l[?2026h[?25l[A[1Gpulling manifest [K
pulling e8ad13eff07a:  31% ▕█████             ▏ 2.5 GB/8.1 GB  139 MB/s     40s[K[?25h[?2026l[?2026h[?25l[A[1Gpulling manifest [K
pulling e8ad13eff07a:  31% ▕█████             ▏ 2.5 GB/8.1 GB  139 MB/s     40s[K[?25h[?2026l[?2026h[?25l[A[1Gpulling manifest [K
pulling e8ad13eff07a:  31% ▕█████             ▏ 2.5 GB/8.1 GB  142 MB/s     39s[K[?25h[?2026l[?2026h[?25l[A[1Gpulling manifest [K
pulling e8ad13eff07a:  31% ▕█████             ▏ 2.5 GB/8.1 GB  142 MB/s     39s[K[?25h[?2026l[?2026h[?25l[A[1Gpulling manifest [K
pulling e8ad13eff07a:  31% ▕█████             ▏ 2.6 GB/8.1 GB  142 MB/s     39s[K[?25h[?2026l[?2026h[?25l[A[1Gpulling manifest [K
pulling e8ad13eff07a:  32% ▕█████             ▏ 2.6 GB/8.1 GB  142 MB/s     39s[K[?25h[?2026l[?2026h[?25l[A[1Gpulling manifest [K
pulling e8ad13eff07a:  32% ▕█████             ▏ 2.6 GB/8.1 GB  142 MB/s     38s[K[?25h[?2026l[?2026h[?25l[A[1Gpulling manifest [K
pulling e8ad13eff07a:  32% ▕█████             ▏ 2.6 GB/8.1 GB  142 MB/s     38s[K[?25h[?2026l[?2026h[?25l[A[1Gpulling manifest [K
pulling e8ad13eff07a:  32% ▕█████             ▏ 2.6 GB/8.1 GB  142 MB/s     38s[K[?25h[?2026l[?2026h[?25l[A[1Gpulling manifest [K
pulling e8ad13eff07a:  32% ▕█████             ▏ 2.6 GB/8.1 GB  142 MB/s     38s[K[?25h[?2026l[?2026h[?25l[A[1Gpulling manifest [K
pulling e8ad13eff07a:  32% ▕█████             ▏ 2.6 GB/8.1 GB  142 MB/s     38s[K[?25h[?2026l[?2026h[?25l[A[1Gpulling manifest [K
pulling e8ad13eff07a:  32% ▕█████             ▏ 2.6 GB/8.1 GB  142 MB/s     38s[K[?25h[?2026l[?2026h[?25l[A[1Gpulling manifest [K
pulling e8ad13eff07a:  32% ▕█████             ▏ 2.6 GB/8.1 GB  143 MB/s     38s[K[?25h[?2026l[?2026h[?25l[A[1Gpulling manifest [K
pulling e8ad13eff07a:  33% ▕█████             ▏ 2.7 GB/8.1 GB  143 MB/s     38s[K[?25h[?2026l[?2026h[?25l[A[1Gpulling manifest [K
pulling e8ad13eff07a:  33% ▕█████             ▏ 2.7 GB/8.1 GB  143 MB/s     38s[K[?25h[?2026l[?2026h[?25l[A[1Gpulling manifest [K
pulling e8ad13eff07a:  33% ▕█████             ▏ 2.7 GB/8.1 GB  143 MB/s     38s[K[?25h[?2026l[?2026h[?25l[A[1Gpulling manifest [K
pulling e8ad13eff07a:  33% ▕█████             ▏ 2.7 GB/8.1 GB  143 MB/s     37s[K[?25h[?2026l[?2026h[?25l[A[1Gpulling manifest [K
pulling e8ad13eff07a:  33% ▕██████            ▏ 2.7 GB/8.1 GB  143 MB/s     37s[K[?25h[?2026l[?2026h[?25l[A[1Gpulling manifest [K
pulling e8ad13eff07a:  34% ▕██████            ▏ 2.7 GB/8.1 GB  143 MB/s     37s[K[?25h[?2026l[?2026h[?25l[A[1Gpulling manifest [K
pulling e8ad13eff07a:  34% ▕██████            ▏ 2.8 GB/8.1 GB  143 MB/s     37s[K[?25h[?2026l[?2026h[?25l[A[1Gpulling manifest [K
pulling e8ad13eff07a:  34% ▕██████            ▏ 2.8 GB/8.1 GB  143 MB/s     37s[K[?25h[?2026l[?2026h[?25l[A[1Gpulling manifest [K
pulling e8ad13eff07a:  34% ▕██████            ▏ 2.8 GB/8.1 GB  143 MB/s     37s[K[?25h[?2026l[?2026h[?25l[A[1Gpulling manifest [K
pulling e8ad13eff07a:  34% ▕██████            ▏ 2.8 GB/8.1 GB  144 MB/s     36s[K[?25h[?2026l[?2026h[?25l[A[1Gpulling manifest [K
pulling e8ad13eff07a:  35% ▕██████            ▏ 2.8 GB/8.1 GB  144 MB/s     36s[K[?25h[?2026l[?2026h[?25l[A[1Gpulling manifest [K
pulling e8ad13eff07a:  35% ▕██████            ▏ 2.8 GB/8.1 GB  144 MB/s     36s[K[?25h[?2026l[?2026h[?25l[A[1Gpulling manifest [K
pulling e8ad13eff07a:  35% ▕██████            ▏ 2.8 GB/8.1 GB  144 MB/s     36s[K[?25h[?2026l[?2026h[?25l[A[1Gpulling manifest [K
pulling e8ad13eff07a:  35% ▕██████            ▏ 2.9 GB/8.1 GB  144 MB/s     36s[K[?25h[?2026l[?2026h[?25l[A[1Gpulling manifest [K
pulling e8ad13eff07a:  35% ▕██████            ▏ 2.9 GB/8.1 GB  144 MB/s     36s[K[?25h[?2026l[?2026h[?25l[A[1Gpulling manifest [K
pulling e8ad13eff07a:  35% ▕██████            ▏ 2.9 GB/8.1 GB  144 MB/s     36s[K[?25h[?2026l[?2026h[?25l[A[1Gpulling manifest [K
pulling e8ad13eff07a:  35% ▕██████            ▏ 2.9 GB/8.1 GB  144 MB/s     36s[K[?25h[?2026l[?2026h[?25l[A[1Gpulling manifest [K
pulling e8ad13eff07a:  36% ▕██████            ▏ 2.9 GB/8.1 GB  144 MB/s     36s[K[?25h[?2026l[?2026h[?25l[A[1Gpulling manifest [K
pulling e8ad13eff07a:  36% ▕██████            ▏ 2.9 GB/8.1 GB  144 MB/s     36s[K[?25h[?2026l[?2026h[?25l[A[1Gpulling manifest [K
pulling e8ad13eff07a:  36% ▕██████            ▏ 2.9 GB/8.1 GB  143 MB/s     36s[K[?25h[?2026l[?2026h[?25l[A[1Gpulling manifest [K
pulling e8ad13eff07a:  36% ▕██████            ▏ 2.9 GB/8.1 GB  143 MB/s     36s[K[?25h[?2026l[?2026h[?25l[A[1Gpulling manifest [K
pulling e8ad13eff07a:  36% ▕██████            ▏ 3.0 GB/8.1 GB  143 MB/s     36s[K[?25h[?2026l[?2026h[?25l[A[1Gpulling manifest [K
pulling e8ad13eff07a:  36% ▕██████            ▏ 3.0 GB/8.1 GB  143 MB/s     36s[K[?25h[?2026l[?2026h[?25l[A[1Gpulling manifest [K
pulling e8ad13eff07a:  37% ▕██████            ▏ 3.0 GB/8.1 GB  143 MB/s     35s[K[?25h[?2026l[?2026h[?25l[A[1Gpulling manifest [K
pulling e8ad13eff07a:  37% ▕██████            ▏ 3.0 GB/8.1 GB  143 MB/s     35s[K[?25h[?2026l[?2026h[?25l[A[1Gpulling manifest [K
pulling e8ad13eff07a:  37% ▕██████            ▏ 3.0 GB/8.1 GB  143 MB/s     35s[K[?25h[?2026l[?2026h[?25l[A[1Gpulling manifest [K
pulling e8ad13eff07a:  37% ▕██████            ▏ 3.0 GB/8.1 GB  143 MB/s     35s[K[?25h[?2026l[?2026h[?25l[A[1Gpulling manifest [K
pulling e8ad13eff07a:  37% ▕██████            ▏ 3.0 GB/8.1 GB  143 MB/s     35s[K[?25h[?2026l[?2026h[?25l[A[1Gpulling manifest [K
pulling e8ad13eff07a:  37% ▕██████            ▏ 3.0 GB/8.1 GB  143 MB/s     35s[K[?25h[?2026l[?2026h[?25l[A[1Gpulling manifest [K
pulling e8ad13eff07a:  38% ▕██████            ▏ 3.1 GB/8.1 GB  143 MB/s     35s[K[?25h[?2026l[?2026h[?25l[A[1Gpulling manifest [K
pulling e8ad13eff07a:  38% ▕██████            ▏ 3.1 GB/8.1 GB  141 MB/s     35s[K[?25h[?2026l[?2026h[?25l[A[1Gpulling manifest [K
pulling e8ad13eff07a:  38% ▕██████            ▏ 3.1 GB/8.1 GB  141 MB/s     35s[K[?25h[?2026l[?2026h[?25l[A[1Gpulling manifest [K
pulling e8ad13eff07a:  38% ▕██████            ▏ 3.1 GB/8.1 GB  141 MB/s     35s[K[?25h[?2026l[?2026h[?25l[A[1Gpulling manifest [K
pulling e8ad13eff07a:  38% ▕██████            ▏ 3.1 GB/8.1 GB  141 MB/s     35s[K[?25h[?2026l[?2026h[?25l[A[1Gpulling manifest [K
pulling e8ad13eff07a:  38% ▕██████            ▏ 3.1 GB/8.1 GB  141 MB/s     35s[K[?25h[?2026l[?2026h[?25l[A[1Gpulling manifest [K
pulling e8ad13eff07a:  39% ▕██████            ▏ 3.1 GB/8.1 GB  141 MB/s     35s[K[?25h[?2026l[?2026h[?25l[A[1Gpulling manifest [K
pulling e8ad13eff07a:  39% ▕██████            ▏ 3.2 GB/8.1 GB  141 MB/s     35s[K[?25h[?2026l[?2026h[?25l[A[1Gpulling manifest [K
pulling e8ad13eff07a:  39% ▕███████           ▏ 3.2 GB/8.1 GB  141 MB/s     35s[K[?25h[?2026l[?2026h[?25l[A[1Gpulling manifest [K
pulling e8ad13eff07a:  39% ▕███████           ▏ 3.2 GB/8.1 GB  141 MB/s     35s[K[?25h[?2026l[?2026h[?25l[A[1Gpulling manifest [K
pulling e8ad13eff07a:  39% ▕███████           ▏ 3.2 GB/8.1 GB  141 MB/s     34s[K[?25h[?2026l[?2026h[?25l[A[1Gpulling manifest [K
pulling e8ad13eff07a:  40% ▕███████           ▏ 3.2 GB/8.1 GB  140 MB/s     35s[K[?25h[?2026l[?2026h[?25l[A[1Gpulling manifest [K
pulling e8ad13eff07a:  40% ▕███████           ▏ 3.2 GB/8.1 GB  140 MB/s     35s[K[?25h[?2026l[?2026h[?25l[A[1Gpulling manifest [K
pulling e8ad13eff07a:  40% ▕███████           ▏ 3.2 GB/8.1 GB  140 MB/s     35s[K[?25h[?2026l[?2026h[?25l[A[1Gpulling manifest [K
pulling e8ad13eff07a:  40% ▕███████           ▏ 3.3 GB/8.1 GB  140 MB/s     34s[K[?25h[?2026l[?2026h[?25l[A[1Gpulling manifest [K
pulling e8ad13eff07a:  40% ▕███████           ▏ 3.3 GB/8.1 GB  140 MB/s     34s[K[?25h[?2026l[?2026h[?25l[A[1Gpulling manifest [K
pulling e8ad13eff07a:  40% ▕███████           ▏ 3.3 GB/8.1 GB  140 MB/s     34s[K[?25h[?2026l[?2026h[?25l[A[1Gpulling manifest [K
pulling e8ad13eff07a:  41% ▕███████           ▏ 3.3 GB/8.1 GB  140 MB/s     34s[K[?25h[?2026l[?2026h[?25l[A[1Gpulling manifest [K
pulling e8ad13eff07a:  41% ▕███████           ▏ 3.3 GB/8.1 GB  140 MB/s     34s[K[?25h[?2026l[?2026h[?25l[A[1Gpulling manifest [K
pulling e8ad13eff07a:  41% ▕███████           ▏ 3.3 GB/8.1 GB  140 MB/s     34s[K[?25h[?2026l[?2026h[?25l[A[1Gpulling manifest [K
pulling e8ad13eff07a:  41% ▕███████           ▏ 3.4 GB/8.1 GB  140 MB/s     34s[K[?25h[?2026l[?2026h[?25l[A[1Gpulling manifest [K
pulling e8ad13eff07a:  41% ▕███████           ▏ 3.4 GB/8.1 GB  140 MB/s     33s[K[?25h[?2026l[?2026h[?25l[A[1Gpulling manifest [K
pulling e8ad13eff07a:  41% ▕███████           ▏ 3.4 GB/8.1 GB  140 MB/s     33s[K[?25h[?2026l[?2026h[?25l[A[1Gpulling manifest [K
pulling e8ad13eff07a:  42% ▕███████           ▏ 3.4 GB/8.1 GB  140 MB/s     33s[K[?25h[?2026l[?2026h[?25l[A[1Gpulling manifest [K
pulling e8ad13eff07a:  42% ▕███████           ▏ 3.4 GB/8.1 GB  140 MB/s     33s[K[?25h[?2026l[?2026h[?25l[A[1Gpulling manifest [K
pulling e8ad13eff07a:  42% ▕███████           ▏ 3.4 GB/8.1 GB  140 MB/s     33s[K[?25h[?2026l[?2026h[?25l[A[1Gpulling manifest [K
pulling e8ad13eff07a:  42% ▕███████           ▏ 3.5 GB/8.1 GB  140 MB/s     33s[K[?25h[?2026l[?2026h[?25l[A[1Gpulling manifest [K
pulling e8ad13eff07a:  42% ▕███████           ▏ 3.5 GB/8.1 GB  140 MB/s     33s[K[?25h[?2026l[?2026h[?25l[A[1Gpulling manifest [K
pulling e8ad13eff07a:  43% ▕███████           ▏ 3.5 GB/8.1 GB  140 MB/s     33s[K[?25h[?2026l[?2026h[?25l[A[1Gpulling manifest [K
pulling e8ad13eff07a:  43% ▕███████           ▏ 3.5 GB/8.1 GB  140 MB/s     33s[K[?25h[?2026l[?2026h[?25l[A[1Gpulling manifest [K
pulling e8ad13eff07a:  43% ▕███████           ▏ 3.5 GB/8.1 GB  140 MB/s     32s[K[?25h[?2026l[?2026h[?25l[A[1Gpulling manifest [K
pulling e8ad13eff07a:  43% ▕███████           ▏ 3.5 GB/8.1 GB  145 MB/s     31s[K[?25h[?2026l[?2026h[?25l[A[1Gpulling manifest [K
pulling e8ad13eff07a:  44% ▕███████           ▏ 3.5 GB/8.1 GB  145 MB/s     31s[K[?25h[?2026l[?2026h[?25l[A[1Gpulling manifest [K
pulling e8ad13eff07a:  44% ▕███████           ▏ 3.6 GB/8.1 GB  145 MB/s     31s[K[?25h[?2026l[?2026h[?25l[A[1Gpulling manifest [K
pulling e8ad13eff07a:  44% ▕███████           ▏ 3.6 GB/8.1 GB  145 MB/s     31s[K[?25h[?2026l[?2026h[?25l[A[1Gpulling manifest [K
pulling e8ad13eff07a:  44% ▕███████           ▏ 3.6 GB/8.1 GB  145 MB/s     31s[K[?25h[?2026l[?2026h[?25l[A[1Gpulling manifest [K
pulling e8ad13eff07a:  44% ▕███████           ▏ 3.6 GB/8.1 GB  145 MB/s     31s[K[?25h[?2026l[?2026h[?25l[A[1Gpulling manifest [K
pulling e8ad13eff07a:  44% ▕███████           ▏ 3.6 GB/8.1 GB  145 MB/s     31s[K[?25h[?2026l[?2026h[?25l[A[1Gpulling manifest [K
pulling e8ad13eff07a:  45% ▕████████          ▏ 3.6 GB/8.1 GB  145 MB/s     31s[K[?25h[?2026l[?2026h[?25l[A[1Gpulling manifest [K
pulling e8ad13eff07a:  45% ▕████████          ▏ 3.6 GB/8.1 GB  145 MB/s     31s[K[?25h[?2026l[?2026h[?25l[A[1Gpulling manifest [K
pulling e8ad13eff07a:  45% ▕████████          ▏ 3.7 GB/8.1 GB  145 MB/s     30s[K[?25h[?2026l[?2026h[?25l[A[1Gpulling manifest [K
pulling e8ad13eff07a:  45% ▕████████          ▏ 3.7 GB/8.1 GB  145 MB/s     30s[K[?25h[?2026l[?2026h[?25l[A[1Gpulling manifest [K
pulling e8ad13eff07a:  45% ▕████████          ▏ 3.7 GB/8.1 GB  145 MB/s     30s[K[?25h[?2026l[?2026h[?25l[A[1Gpulling manifest [K
pulling e8ad13eff07a:  45% ▕████████          ▏ 3.7 GB/8.1 GB  145 MB/s     30s[K[?25h[?2026l[?2026h[?25l[A[1Gpulling manifest [K
pulling e8ad13eff07a:  46% ▕████████          ▏ 3.7 GB/8.1 GB  145 MB/s     30s[K[?25h[?2026l[?2026h[?25l[A[1Gpulling manifest [K
pulling e8ad13eff07a:  46% ▕████████          ▏ 3.7 GB/8.1 GB  145 MB/s     30s[K[?25h[?2026l[?2026h[?25l[A[1Gpulling manifest [K
pulling e8ad13eff07a:  46% ▕████████          ▏ 3.8 GB/8.1 GB  145 MB/s     30s[K[?25h[?2026l[?2026h[?25l[A[1Gpulling manifest [K
pulling e8ad13eff07a:  46% ▕████████          ▏ 3.8 GB/8.1 GB  145 MB/s     30s[K[?25h[?2026l[?2026h[?25l[A[1Gpulling manifest [K
pulling e8ad13eff07a:  46% ▕████████          ▏ 3.8 GB/8.1 GB  145 MB/s     29s[K[?25h[?2026l[?2026h[?25l[A[1Gpulling manifest [K
pulling e8ad13eff07a:  46% ▕████████          ▏ 3.8 GB/8.1 GB  145 MB/s     29s[K[?25h[?2026l[?2026h[?25l[A[1Gpulling manifest [K
pulling e8ad13eff07a:  47% ▕████████          ▏ 3.8 GB/8.1 GB  145 MB/s     29s[K[?25h[?2026l[?2026h[?25l[A[1Gpulling manifest [K
pulling e8ad13eff07a:  47% ▕████████          ▏ 3.8 GB/8.1 GB  145 MB/s     29s[K[?25h[?2026l[?2026h[?25l[A[1Gpulling manifest [K
pulling e8ad13eff07a:  47% ▕████████          ▏ 3.8 GB/8.1 GB  145 MB/s     29s[K[?25h[?2026l[?2026h[?25l[A[1Gpulling manifest [K
pulling e8ad13eff07a:  47% ▕████████          ▏ 3.8 GB/8.1 GB  145 MB/s     29s[K[?25h[?2026l[?2026h[?25l[A[1Gpulling manifest [K
pulling e8ad13eff07a:  47% ▕████████          ▏ 3.8 GB/8.1 GB  145 MB/s     29s[K[?25h[?2026l[?2026h[?25l[A[1Gpulling manifest [K
pulling e8ad13eff07a:  47% ▕████████          ▏ 3.9 GB/8.1 GB  145 MB/s     29s[K[?25h[?2026l[?2026h[?25l[A[1Gpulling manifest [K
pulling e8ad13eff07a:  48% ▕████████          ▏ 3.9 GB/8.1 GB  145 MB/s     29s[K[?25h[?2026l[?2026h[?25l[A[1Gpulling manifest [K
pulling e8ad13eff07a:  48% ▕████████          ▏ 3.9 GB/8.1 GB  145 MB/s     29s[K[?25h[?2026l[?2026h[?25l[A[1Gpulling manifest [K
pulling e8ad13eff07a:  48% ▕████████          ▏ 3.9 GB/8.1 GB  145 MB/s     29s[K[?25h[?2026l[?2026h[?25l[A[1Gpulling manifest [K
pulling e8ad13eff07a:  48% ▕████████          ▏ 3.9 GB/8.1 GB  145 MB/s     29s[K[?25h[?2026l[?2026h[?25l[A[1Gpulling manifest [K
pulling e8ad13eff07a:  48% ▕████████          ▏ 3.9 GB/8.1 GB  145 MB/s     28s[K[?25h[?2026l[?2026h[?25l[A[1Gpulling manifest [K
pulling e8ad13eff07a:  49% ▕████████          ▏ 4.0 GB/8.1 GB  145 MB/s     28s[K[?25h[?2026l[?2026h[?25l[A[1Gpulling manifest [K
pulling e8ad13eff07a:  49% ▕████████          ▏ 4.0 GB/8.1 GB  147 MB/s     28s[K[?25h[?2026l[?2026h[?25l[A[1Gpulling manifest [K
pulling e8ad13eff07a:  49% ▕████████          ▏ 4.0 GB/8.1 GB  147 MB/s     28s[K[?25h[?2026l[?2026h[?25l[A[1Gpulling manifest [K
pulling e8ad13eff07a:  49% ▕████████          ▏ 4.0 GB/8.1 GB  147 MB/s     28s[K[?25h[?2026l[?2026h[?25l[A[1Gpulling manifest [K
pulling e8ad13eff07a:  49% ▕████████          ▏ 4.0 GB/8.1 GB  147 MB/s     28s[K[?25h[?2026l[?2026h[?25l[A[1Gpulling manifest [K
pulling e8ad13eff07a:  49% ▕████████          ▏ 4.0 GB/8.1 GB  147 MB/s     28s[K[?25h[?2026l[?2026h[?25l[A[1Gpulling manifest [K
pulling e8ad13eff07a:  49% ▕████████          ▏ 4.0 GB/8.1 GB  147 MB/s     27s[K[?25h[?2026l[?2026h[?25l[A[1Gpulling manifest [K
pulling e8ad13eff07a:  50% ▕████████          ▏ 4.1 GB/8.1 GB  147 MB/s     27s[K[?25h[?2026l[?2026h[?25l[A[1Gpulling manifest [K
pulling e8ad13eff07a:  50% ▕████████          ▏ 4.1 GB/8.1 GB  147 MB/s     27s[K[?25h[?2026l[?2026h[?25l[A[1Gpulling manifest [K
pulling e8ad13eff07a:  50% ▕█████████         ▏ 4.1 GB/8.1 GB  147 MB/s     27s[K[?25h[?2026l[?2026h[?25l[A[1Gpulling manifest [K
pulling e8ad13eff07a:  50% ▕█████████         ▏ 4.1 GB/8.1 GB  147 MB/s     27s[K[?25h[?2026l[?2026h[?25l[A[1Gpulling manifest [K
pulling e8ad13eff07a:  50% ▕█████████         ▏ 4.1 GB/8.1 GB  145 MB/s     27s[K[?25h[?2026l[?2026h[?25l[A[1Gpulling manifest [K
pulling e8ad13eff07a:  51% ▕█████████         ▏ 4.1 GB/8.1 GB  145 MB/s     27s[K[?25h[?2026l[?2026h[?25l[A[1Gpulling manifest [K
pulling e8ad13eff07a:  51% ▕█████████         ▏ 4.1 GB/8.1 GB  145 MB/s     27s[K[?25h[?2026l[?2026h[?25l[A[1Gpulling manifest [K
pulling e8ad13eff07a:  51% ▕█████████         ▏ 4.2 GB/8.1 GB  145 MB/s     27s[K[?25h[?2026l[?2026h[?25l[A[1Gpulling manifest [K
pulling e8ad13eff07a:  51% ▕█████████         ▏ 4.2 GB/8.1 GB  145 MB/s     27s[K[?25h[?2026l[?2026h[?25l[A[1Gpulling manifest [K
pulling e8ad13eff07a:  51% ▕█████████         ▏ 4.2 GB/8.1 GB  145 MB/s     27s[K[?25h[?2026l[?2026h[?25l[A[1Gpulling manifest [K
pulling e8ad13eff07a:  52% ▕█████████         ▏ 4.2 GB/8.1 GB  145 MB/s     27s[K[?25h[?2026l[?2026h[?25l[A[1Gpulling manifest [K
pulling e8ad13eff07a:  52% ▕█████████         ▏ 4.2 GB/8.1 GB  145 MB/s     27s[K[?25h[?2026l[?2026h[?25l[A[1Gpulling manifest [K
pulling e8ad13eff07a:  52% ▕█████████         ▏ 4.2 GB/8.1 GB  145 MB/s     26s[K[?25h[?2026l[?2026h[?25l[A[1Gpulling manifest [K
pulling e8ad13eff07a:  52% ▕█████████         ▏ 4.2 GB/8.1 GB  145 MB/s     26s[K[?25h[?2026l[?2026h[?25l[A[1Gpulling manifest [K
pulling e8ad13eff07a:  52% ▕█████████         ▏ 4.3 GB/8.1 GB  148 MB/s     26s[K[?25h[?2026l[?2026h[?25l[A[1Gpulling manifest [K
pulling e8ad13eff07a:  53% ▕█████████         ▏ 4.3 GB/8.1 GB  148 MB/s     26s[K[?25h[?2026l[?2026h[?25l[A[1Gpulling manifest [K
pulling e8ad13eff07a:  53% ▕█████████         ▏ 4.3 GB/8.1 GB  148 MB/s     25s[K[?25h[?2026l[?2026h[?25l[A[1Gpulling manifest [K
pulling e8ad13eff07a:  53% ▕█████████         ▏ 4.3 GB/8.1 GB  148 MB/s     25s[K[?25h[?2026l[?2026h[?25l[A[1Gpulling manifest [K
pulling e8ad13eff07a:  53% ▕█████████         ▏ 4.3 GB/8.1 GB  148 MB/s     25s[K[?25h[?2026l[?2026h[?25l[A[1Gpulling manifest [K
pulling e8ad13eff07a:  53% ▕█████████         ▏ 4.3 GB/8.1 GB  148 MB/s     25s[K[?25h[?2026l[?2026h[?25l[A[1Gpulling manifest [K
pulling e8ad13eff07a:  53% ▕█████████         ▏ 4.4 GB/8.1 GB  148 MB/s     25s[K[?25h[?2026l[?2026h[?25l[A[1Gpulling manifest [K
pulling e8ad13eff07a:  54% ▕█████████         ▏ 4.4 GB/8.1 GB  148 MB/s     25s[K[?25h[?2026l[?2026h[?25l[A[1Gpulling manifest [K
pulling e8ad13eff07a:  54% ▕█████████         ▏ 4.4 GB/8.1 GB  148 MB/s     25s[K[?25h[?2026l[?2026h[?25l[A[1Gpulling manifest [K
pulling e8ad13eff07a:  54% ▕█████████         ▏ 4.4 GB/8.1 GB  148 MB/s     25s[K[?25h[?2026l[?2026h[?25l[A[1Gpulling manifest [K
pulling e8ad13eff07a:  54% ▕█████████         ▏ 4.4 GB/8.1 GB  148 MB/s     25s[K[?25h[?2026l[?2026h[?25l[A[1Gpulling manifest [K
pulling e8ad13eff07a:  54% ▕█████████         ▏ 4.4 GB/8.1 GB  148 MB/s     25s[K[?25h[?2026l[?2026h[?25l[A[1Gpulling manifest [K
pulling e8ad13eff07a:  54% ▕█████████         ▏ 4.4 GB/8.1 GB  148 MB/s     25s[K[?25h[?2026l[?2026h[?25l[A[1Gpulling manifest [K
pulling e8ad13eff07a:  55% ▕█████████         ▏ 4.4 GB/8.1 GB  148 MB/s     24s[K[?25h[?2026l[?2026h[?25l[A[1Gpulling manifest [K
pulling e8ad13eff07a:  55% ▕█████████         ▏ 4.4 GB/8.1 GB  148 MB/s     24s[K[?25h[?2026l[?2026h[?25l[A[1Gpulling manifest [K
pulling e8ad13eff07a:  55% ▕█████████         ▏ 4.5 GB/8.1 GB  148 MB/s     24s[K[?25h[?2026l[?2026h[?25l[A[1Gpulling manifest [K
pulling e8ad13eff07a:  55% ▕█████████         ▏ 4.5 GB/8.1 GB  148 MB/s     24s[K[?25h[?2026l[?2026h[?25l[A[1Gpulling manifest [K
pulling e8ad13eff07a:  55% ▕█████████         ▏ 4.5 GB/8.1 GB  148 MB/s     24s[K[?25h[?2026l[?2026h[?25l[A[1Gpulling manifest [K
pulling e8ad13eff07a:  55% ▕█████████         ▏ 4.5 GB/8.1 GB  148 MB/s     24s[K[?25h[?2026l[?2026h[?25l[A[1Gpulling manifest [K
pulling e8ad13eff07a:  56% ▕██████████        ▏ 4.5 GB/8.1 GB  148 MB/s     24s[K[?25h[?2026l[?2026h[?25l[A[1Gpulling manifest [K
pulling e8ad13eff07a:  56% ▕██████████        ▏ 4.5 GB/8.1 GB  148 MB/s     24s[K[?25h[?2026l[?2026h[?25l[A[1Gpulling manifest [K
pulling e8ad13eff07a:  56% ▕██████████        ▏ 4.6 GB/8.1 GB  149 MB/s     23s[K[?25h[?2026l[?2026h[?25l[A[1Gpulling manifest [K
pulling e8ad13eff07a:  56% ▕██████████        ▏ 4.6 GB/8.1 GB  149 MB/s     23s[K[?25h[?2026l[?2026h[?25l[A[1Gpulling manifest [K
pulling e8ad13eff07a:  56% ▕██████████        ▏ 4.6 GB/8.1 GB  149 MB/s     23s[K[?25h[?2026l[?2026h[?25l[A[1Gpulling manifest [K
pulling e8ad13eff07a:  56% ▕██████████        ▏ 4.6 GB/8.1 GB  149 MB/s     23s[K[?25h[?2026l[?2026h[?25l[A[1Gpulling manifest [K
pulling e8ad13eff07a:  56% ▕██████████        ▏ 4.6 GB/8.1 GB  149 MB/s     23s[K[?25h[?2026l[?2026h[?25l[A[1Gpulling manifest [K
pulling e8ad13eff07a:  57% ▕██████████        ▏ 4.6 GB/8.1 GB  149 MB/s     23s[K[?25h[?2026l[?2026h[?25l[A[1Gpulling manifest [K
pulling e8ad13eff07a:  57% ▕██████████        ▏ 4.6 GB/8.1 GB  149 MB/s     23s[K[?25h[?2026l[?2026h[?25l[A[1Gpulling manifest [K
pulling e8ad13eff07a:  57% ▕██████████        ▏ 4.6 GB/8.1 GB  149 MB/s     23s[K[?25h[?2026l[?2026h[?25l[A[1Gpulling manifest [K
pulling e8ad13eff07a:  57% ▕██████████        ▏ 4.7 GB/8.1 GB  149 MB/s     23s[K[?25h[?2026l[?2026h[?25l[A[1Gpulling manifest [K
pulling e8ad13eff07a:  57% ▕██████████        ▏ 4.7 GB/8.1 GB  149 MB/s     23s[K[?25h[?2026l[?2026h[?25l[A[1Gpulling manifest [K
pulling e8ad13eff07a:  57% ▕██████████        ▏ 4.7 GB/8.1 GB  144 MB/s     24s[K[?25h[?2026l[?2026h[?25l[A[1Gpulling manifest [K
pulling e8ad13eff07a:  57% ▕██████████        ▏ 4.7 GB/8.1 GB  144 MB/s     23s[K[?25h[?2026l[?2026h[?25l[A[1Gpulling manifest [K
pulling e8ad13eff07a:  58% ▕██████████        ▏ 4.7 GB/8.1 GB  144 MB/s     23s[K[?25h[?2026l[?2026h[?25l[A[1Gpulling manifest [K
pulling e8ad13eff07a:  58% ▕██████████        ▏ 4.7 GB/8.1 GB  144 MB/s     23s[K[?25h[?2026l[?2026h[?25l[A[1Gpulling manifest [K
pulling e8ad13eff07a:  58% ▕██████████        ▏ 4.7 GB/8.1 GB  144 MB/s     23s[K[?25h[?2026l[?2026h[?25l[A[1Gpulling manifest [K
pulling e8ad13eff07a:  58% ▕██████████        ▏ 4.7 GB/8.1 GB  144 MB/s     23s[K[?25h[?2026l[?2026h[?25l[A[1Gpulling manifest [K
pulling e8ad13eff07a:  58% ▕██████████        ▏ 4.7 GB/8.1 GB  144 MB/s     23s[K[?25h[?2026l[?2026h[?25l[A[1Gpulling manifest [K
pulling e8ad13eff07a:  58% ▕██████████        ▏ 4.8 GB/8.1 GB  144 MB/s     23s[K[?25h[?2026l[?2026h[?25l[A[1Gpulling manifest [K
pulling e8ad13eff07a:  58% ▕██████████        ▏ 4.8 GB/8.1 GB  144 MB/s     23s[K[?25h[?2026l[?2026h[?25l[A[1Gpulling manifest [K
pulling e8ad13eff07a:  59% ▕██████████        ▏ 4.8 GB/8.1 GB  144 MB/s     23s[K[?25h[?2026l[?2026h[?25l[A[1Gpulling manifest [K
pulling e8ad13eff07a:  59% ▕██████████        ▏ 4.8 GB/8.1 GB  140 MB/s     23s[K[?25h[?2026l[?2026h[?25l[A[1Gpulling manifest [K
pulling e8ad13eff07a:  59% ▕██████████        ▏ 4.8 GB/8.1 GB  140 MB/s     23s[K[?25h[?2026l[?2026h[?25l[A[1Gpulling manifest [K
pulling e8ad13eff07a:  59% ▕██████████        ▏ 4.8 GB/8.1 GB  140 MB/s     23s[K[?25h[?2026l[?2026h[?25l[A[1Gpulling manifest [K
pulling e8ad13eff07a:  59% ▕██████████        ▏ 4.8 GB/8.1 GB  140 MB/s     23s[K[?25h[?2026l[?2026h[?25l[A[1Gpulling manifest [K
pulling e8ad13eff07a:  59% ▕██████████        ▏ 4.8 GB/8.1 GB  140 MB/s     23s[K[?25h[?2026l[?2026h[?25l[A[1Gpulling manifest [K
pulling e8ad13eff07a:  60% ▕██████████        ▏ 4.9 GB/8.1 GB  140 MB/s     23s[K[?25h[?2026l[?2026h[?25l[A[1Gpulling manifest [K
pulling e8ad13eff07a:  60% ▕██████████        ▏ 4.9 GB/8.1 GB  140 MB/s     23s[K[?25h[?2026l[?2026h[?25l[A[1Gpulling manifest [K
pulling e8ad13eff07a:  60% ▕██████████        ▏ 4.9 GB/8.1 GB  140 MB/s     23s[K[?25h[?2026l[?2026h[?25l[A[1Gpulling manifest [K
pulling e8ad13eff07a:  60% ▕██████████        ▏ 4.9 GB/8.1 GB  140 MB/s     23s[K[?25h[?2026l[?2026h[?25l[A[1Gpulling manifest [K
pulling e8ad13eff07a:  60% ▕██████████        ▏ 4.9 GB/8.1 GB  140 MB/s     23s[K[?25h[?2026l[?2026h[?25l[A[1Gpulling manifest [K
pulling e8ad13eff07a:  60% ▕██████████        ▏ 4.9 GB/8.1 GB  137 MB/s     23s[K[?25h[?2026l[?2026h[?25l[A[1Gpulling manifest [K
pulling e8ad13eff07a:  61% ▕██████████        ▏ 4.9 GB/8.1 GB  137 MB/s     23s[K[?25h[?2026l[?2026h[?25l[A[1Gpulling manifest [K
pulling e8ad13eff07a:  61% ▕██████████        ▏ 4.9 GB/8.1 GB  137 MB/s     23s[K[?25h[?2026l[?2026h[?25l[A[1Gpulling manifest [K
pulling e8ad13eff07a:  61% ▕██████████        ▏ 5.0 GB/8.1 GB  137 MB/s     23s[K[?25h[?2026l[?2026h[?25l[A[1Gpulling manifest [K
pulling e8ad13eff07a:  61% ▕██████████        ▏ 5.0 GB/8.1 GB  137 MB/s     23s[K[?25h[?2026l[?2026h[?25l[A[1Gpulling manifest [K
pulling e8ad13eff07a:  61% ▕███████████       ▏ 5.0 GB/8.1 GB  137 MB/s     22s[K[?25h[?2026l[?2026h[?25l[A[1Gpulling manifest [K
pulling e8ad13eff07a:  61% ▕███████████       ▏ 5.0 GB/8.1 GB  137 MB/s     22s[K[?25h[?2026l[?2026h[?25l[A[1Gpulling manifest [K
pulling e8ad13eff07a:  62% ▕███████████       ▏ 5.0 GB/8.1 GB  137 MB/s     22s[K[?25h[?2026l[?2026h[?25l[A[1Gpulling manifest [K
pulling e8ad13eff07a:  62% ▕███████████       ▏ 5.0 GB/8.1 GB  137 MB/s     22s[K[?25h[?2026l[?2026h[?25l[A[1Gpulling manifest [K
pulling e8ad13eff07a:  62% ▕███████████       ▏ 5.0 GB/8.1 GB  137 MB/s     22s[K[?25h[?2026l[?2026h[?25l[A[1Gpulling manifest [K
pulling e8ad13eff07a:  62% ▕███████████       ▏ 5.1 GB/8.1 GB  137 MB/s     22s[K[?25h[?2026l[?2026h[?25l[A[1Gpulling manifest [K
pulling e8ad13eff07a:  62% ▕███████████       ▏ 5.1 GB/8.1 GB  137 MB/s     22s[K[?25h[?2026l[?2026h[?25l[A[1Gpulling manifest [K
pulling e8ad13eff07a:  62% ▕███████████       ▏ 5.1 GB/8.1 GB  137 MB/s     22s[K[?25h[?2026l[?2026h[?25l[A[1Gpulling manifest [K
pulling e8ad13eff07a:  62% ▕███████████       ▏ 5.1 GB/8.1 GB  137 MB/s     22s[K[?25h[?2026l[?2026h[?25l[A[1Gpulling manifest [K
pulling e8ad13eff07a:  63% ▕███████████       ▏ 5.1 GB/8.1 GB  137 MB/s     22s[K[?25h[?2026l[?2026h[?25l[A[1Gpulling manifest [K
pulling e8ad13eff07a:  63% ▕███████████       ▏ 5.1 GB/8.1 GB  137 MB/s     22s[K[?25h[?2026l[?2026h[?25l[A[1Gpulling manifest [K
pulling e8ad13eff07a:  63% ▕███████████       ▏ 5.1 GB/8.1 GB  137 MB/s     22s[K[?25h[?2026l[?2026h[?25l[A[1Gpulling manifest [K
pulling e8ad13eff07a:  63% ▕███████████       ▏ 5.1 GB/8.1 GB  137 MB/s     21s[K[?25h[?2026l[?2026h[?25l[A[1Gpulling manifest [K
pulling e8ad13eff07a:  63% ▕███████████       ▏ 5.1 GB/8.1 GB  137 MB/s     21s[K[?25h[?2026l[?2026h[?25l[A[1Gpulling manifest [K
pulling e8ad13eff07a:  63% ▕███████████       ▏ 5.2 GB/8.1 GB  137 MB/s     21s[K[?25h[?2026l[?2026h[?25l[A[1Gpulling manifest [K
pulling e8ad13eff07a:  63% ▕███████████       ▏ 5.2 GB/8.1 GB  137 MB/s     21s[K[?25h[?2026l[?2026h[?25l[A[1Gpulling manifest [K
pulling e8ad13eff07a:  64% ▕███████████       ▏ 5.2 GB/8.1 GB  134 MB/s     22s[K[?25h[?2026l[?2026h[?25l[A[1Gpulling manifest [K
pulling e8ad13eff07a:  64% ▕███████████       ▏ 5.2 GB/8.1 GB  134 MB/s     21s[K[?25h[?2026l[?2026h[?25l[A[1Gpulling manifest [K
pulling e8ad13eff07a:  64% ▕███████████       ▏ 5.2 GB/8.1 GB  134 MB/s     21s[K[?25h[?2026l[?2026h[?25l[A[1Gpulling manifest [K
pulling e8ad13eff07a:  64% ▕███████████       ▏ 5.2 GB/8.1 GB  134 MB/s     21s[K[?25h[?2026l[?2026h[?25l[A[1Gpulling manifest [K
pulling e8ad13eff07a:  64% ▕███████████       ▏ 5.2 GB/8.1 GB  134 MB/s     21s[K[?25h[?2026l[?2026h[?25l[A[1Gpulling manifest [K
pulling e8ad13eff07a:  64% ▕███████████       ▏ 5.2 GB/8.1 GB  134 MB/s     21s[K[?25h[?2026l[?2026h[?25l[A[1Gpulling manifest [K
pulling e8ad13eff07a:  64% ▕███████████       ▏ 5.3 GB/8.1 GB  134 MB/s     21s[K[?25h[?2026l[?2026h[?25l[A[1Gpulling manifest [K
pulling e8ad13eff07a:  65% ▕███████████       ▏ 5.3 GB/8.1 GB  134 MB/s     21s[K[?25h[?2026l[?2026h[?25l[A[1Gpulling manifest [K
pulling e8ad13eff07a:  65% ▕███████████       ▏ 5.3 GB/8.1 GB  134 MB/s     21s[K[?25h[?2026l[?2026h[?25l[A[1Gpulling manifest [K
pulling e8ad13eff07a:  65% ▕███████████       ▏ 5.3 GB/8.1 GB  134 MB/s     21s[K[?25h[?2026l[?2026h[?25l[A[1Gpulling manifest [K
pulling e8ad13eff07a:  65% ▕███████████       ▏ 5.3 GB/8.1 GB  133 MB/s     21s[K[?25h[?2026l[?2026h[?25l[A[1Gpulling manifest [K
pulling e8ad13eff07a:  65% ▕███████████       ▏ 5.3 GB/8.1 GB  133 MB/s     21s[K[?25h[?2026l[?2026h[?25l[A[1Gpulling manifest [K
pulling e8ad13eff07a:  65% ▕███████████       ▏ 5.3 GB/8.1 GB  133 MB/s     21s[K[?25h[?2026l[?2026h[?25l[A[1Gpulling manifest [K
pulling e8ad13eff07a:  66% ▕███████████       ▏ 5.3 GB/8.1 GB  133 MB/s     21s[K[?25h[?2026l[?2026h[?25l[A[1Gpulling manifest [K
pulling e8ad13eff07a:  66% ▕███████████       ▏ 5.3 GB/8.1 GB  133 MB/s     21s[K[?25h[?2026l[?2026h[?25l[A[1Gpulling manifest [K
pulling e8ad13eff07a:  66% ▕███████████       ▏ 5.4 GB/8.1 GB  133 MB/s     20s[K[?25h[?2026l[?2026h[?25l[A[1Gpulling manifest [K
pulling e8ad13eff07a:  66% ▕███████████       ▏ 5.4 GB/8.1 GB  133 MB/s     20s[K[?25h[?2026l[?2026h[?25l[A[1Gpulling manifest [K
pulling e8ad13eff07a:  66% ▕███████████       ▏ 5.4 GB/8.1 GB  133 MB/s     20s[K[?25h[?2026l[?2026h[?25l[A[1Gpulling manifest [K
pulling e8ad13eff07a:  66% ▕███████████       ▏ 5.4 GB/8.1 GB  133 MB/s     20s[K[?25h[?2026l[?2026h[?25l[A[1Gpulling manifest [K
pulling e8ad13eff07a:  67% ▕███████████       ▏ 5.4 GB/8.1 GB  133 MB/s     20s[K[?25h[?2026l[?2026h[?25l[A[1Gpulling manifest [K
pulling e8ad13eff07a:  67% ▕███████████       ▏ 5.4 GB/8.1 GB  128 MB/s     21s[K[?25h[?2026l[?2026h[?25l[A[1Gpulling manifest [K
pulling e8ad13eff07a:  67% ▕████████████      ▏ 5.4 GB/8.1 GB  128 MB/s     21s[K[?25h[?2026l[?2026h[?25l[A[1Gpulling manifest [K
pulling e8ad13eff07a:  67% ▕████████████      ▏ 5.5 GB/8.1 GB  128 MB/s     20s[K[?25h[?2026l[?2026h[?25l[A[1Gpulling manifest [K
pulling e8ad13eff07a:  67% ▕████████████      ▏ 5.5 GB/8.1 GB  128 MB/s     20s[K[?25h[?2026l[?2026h[?25l[A[1Gpulling manifest [K
pulling e8ad13eff07a:  67% ▕████████████      ▏ 5.5 GB/8.1 GB  128 MB/s     20s[K[?25h[?2026l[?2026h[?25l[A[1Gpulling manifest [K
pulling e8ad13eff07a:  68% ▕████████████      ▏ 5.5 GB/8.1 GB  128 MB/s     20s[K[?25h[?2026l[?2026h[?25l[A[1Gpulling manifest [K
pulling e8ad13eff07a:  68% ▕████████████      ▏ 5.5 GB/8.1 GB  128 MB/s     20s[K[?25h[?2026l[?2026h[?25l[A[1Gpulling manifest [K
pulling e8ad13eff07a:  68% ▕████████████      ▏ 5.5 GB/8.1 GB  128 MB/s     20s[K[?25h[?2026l[?2026h[?25l[A[1Gpulling manifest [K
pulling e8ad13eff07a:  68% ▕████████████      ▏ 5.6 GB/8.1 GB  128 MB/s     20s[K[?25h[?2026l[?2026h[?25l[A[1Gpulling manifest [K
pulling e8ad13eff07a:  68% ▕████████████      ▏ 5.6 GB/8.1 GB  128 MB/s     20s[K[?25h[?2026l[?2026h[?25l[A[1Gpulling manifest [K
pulling e8ad13eff07a:  68% ▕████████████      ▏ 5.6 GB/8.1 GB  130 MB/s     19s[K[?25h[?2026l[?2026h[?25l[A[1Gpulling manifest [K
pulling e8ad13eff07a:  69% ▕████████████      ▏ 5.6 GB/8.1 GB  130 MB/s     19s[K[?25h[?2026l[?2026h[?25l[A[1Gpulling manifest [K
pulling e8ad13eff07a:  69% ▕████████████      ▏ 5.6 GB/8.1 GB  130 MB/s     19s[K[?25h[?2026l[?2026h[?25l[A[1Gpulling manifest [K
pulling e8ad13eff07a:  69% ▕████████████      ▏ 5.6 GB/8.1 GB  130 MB/s     19s[K[?25h[?2026l[?2026h[?25l[A[1Gpulling manifest [K
pulling e8ad13eff07a:  69% ▕████████████      ▏ 5.6 GB/8.1 GB  130 MB/s     19s[K[?25h[?2026l[?2026h[?25l[A[1Gpulling manifest [K
pulling e8ad13eff07a:  69% ▕████████████      ▏ 5.6 GB/8.1 GB  130 MB/s     19s[K[?25h[?2026l[?2026h[?25l[A[1Gpulling manifest [K
pulling e8ad13eff07a:  69% ▕████████████      ▏ 5.7 GB/8.1 GB  130 MB/s     19s[K[?25h[?2026l[?2026h[?25l[A[1Gpulling manifest [K
pulling e8ad13eff07a:  70% ▕████████████      ▏ 5.7 GB/8.1 GB  130 MB/s     18s[K[?25h[?2026l[?2026h[?25l[A[1Gpulling manifest [K
pulling e8ad13eff07a:  70% ▕████████████      ▏ 5.7 GB/8.1 GB  130 MB/s     18s[K[?25h[?2026l[?2026h[?25l[A[1Gpulling manifest [K
pulling e8ad13eff07a:  70% ▕████████████      ▏ 5.7 GB/8.1 GB  130 MB/s     18s[K[?25h[?2026l[?2026h[?25l[A[1Gpulling manifest [K
pulling e8ad13eff07a:  70% ▕████████████      ▏ 5.7 GB/8.1 GB  129 MB/s     18s[K[?25h[?2026l[?2026h[?25l[A[1Gpulling manifest [K
pulling e8ad13eff07a:  70% ▕████████████      ▏ 5.7 GB/8.1 GB  129 MB/s     18s[K[?25h[?2026l[?2026h[?25l[A[1Gpulling manifest [K
pulling e8ad13eff07a:  71% ▕████████████      ▏ 5.7 GB/8.1 GB  129 MB/s     18s[K[?25h[?2026l[?2026h[?25l[A[1Gpulling manifest [K
pulling e8ad13eff07a:  71% ▕████████████      ▏ 5.8 GB/8.1 GB  129 MB/s     18s[K[?25h[?2026l[?2026h[?25l[A[1Gpulling manifest [K
pulling e8ad13eff07a:  71% ▕████████████      ▏ 5.8 GB/8.1 GB  129 MB/s     18s[K[?25h[?2026l[?2026h[?25l[A[1Gpulling manifest [K
pulling e8ad13eff07a:  71% ▕████████████      ▏ 5.8 GB/8.1 GB  129 MB/s     18s[K[?25h[?2026l[?2026h[?25l[A[1Gpulling manifest [K
pulling e8ad13eff07a:  71% ▕████████████      ▏ 5.8 GB/8.1 GB  129 MB/s     18s[K[?25h[?2026l[?2026h[?25l[A[1Gpulling manifest [K
pulling e8ad13eff07a:  71% ▕████████████      ▏ 5.8 GB/8.1 GB  129 MB/s     18s[K[?25h[?2026l[?2026h[?25l[A[1Gpulling manifest [K
pulling e8ad13eff07a:  72% ▕████████████      ▏ 5.8 GB/8.1 GB  129 MB/s     17s[K[?25h[?2026l[?2026h[?25l[A[1Gpulling manifest [K
pulling e8ad13eff07a:  72% ▕████████████      ▏ 5.9 GB/8.1 GB  129 MB/s     17s[K[?25h[?2026l[?2026h[?25l[A[1Gpulling manifest [K
pulling e8ad13eff07a:  72% ▕████████████      ▏ 5.9 GB/8.1 GB  129 MB/s     17s[K[?25h[?2026l[?2026h[?25l[A[1Gpulling manifest [K
pulling e8ad13eff07a:  72% ▕████████████      ▏ 5.9 GB/8.1 GB  134 MB/s     16s[K[?25h[?2026l[?2026h[?25l[A[1Gpulling manifest [K
pulling e8ad13eff07a:  72% ▕█████████████     ▏ 5.9 GB/8.1 GB  134 MB/s     16s[K[?25h[?2026l[?2026h[?25l[A[1Gpulling manifest [K
pulling e8ad13eff07a:  72% ▕█████████████     ▏ 5.9 GB/8.1 GB  134 MB/s     16s[K[?25h[?2026l[?2026h[?25l[A[1Gpulling manifest [K
pulling e8ad13eff07a:  73% ▕█████████████     ▏ 5.9 GB/8.1 GB  134 MB/s     16s[K[?25h[?2026l[?2026h[?25l[A[1Gpulling manifest [K
pulling e8ad13eff07a:  73% ▕█████████████     ▏ 5.9 GB/8.1 GB  134 MB/s     16s[K[?25h[?2026l[?2026h[?25l[A[1Gpulling manifest [K
pulling e8ad13eff07a:  73% ▕█████████████     ▏ 5.9 GB/8.1 GB  134 MB/s     16s[K[?25h[?2026l[?2026h[?25l[A[1Gpulling manifest [K
pulling e8ad13eff07a:  73% ▕█████████████     ▏ 6.0 GB/8.1 GB  134 MB/s     16s[K[?25h[?2026l[?2026h[?25l[A[1Gpulling manifest [K
pulling e8ad13eff07a:  73% ▕█████████████     ▏ 6.0 GB/8.1 GB  134 MB/s     16s[K[?25h[?2026l[?2026h[?25l[A[1Gpulling manifest [K
pulling e8ad13eff07a:  73% ▕█████████████     ▏ 6.0 GB/8.1 GB  134 MB/s     16s[K[?25h[?2026l[?2026h[?25l[A[1Gpulling manifest [K
pulling e8ad13eff07a:  74% ▕█████████████     ▏ 6.0 GB/8.1 GB  134 MB/s     16s[K[?25h[?2026l[?2026h[?25l[A[1Gpulling manifest [K
pulling e8ad13eff07a:  74% ▕█████████████     ▏ 6.0 GB/8.1 GB  134 MB/s     15s[K[?25h[?2026l[?2026h[?25l[A[1Gpulling manifest [K
pulling e8ad13eff07a:  74% ▕█████████████     ▏ 6.0 GB/8.1 GB  134 MB/s     15s[K[?25h[?2026l[?2026h[?25l[A[1Gpulling manifest [K
pulling e8ad13eff07a:  74% ▕█████████████     ▏ 6.0 GB/8.1 GB  134 MB/s     15s[K[?25h[?2026l[?2026h[?25l[A[1Gpulling manifest [K
pulling e8ad13eff07a:  74% ▕█████████████     ▏ 6.0 GB/8.1 GB  134 MB/s     15s[K[?25h[?2026l[?2026h[?25l[A[1Gpulling manifest [K
pulling e8ad13eff07a:  74% ▕█████████████     ▏ 6.1 GB/8.1 GB  134 MB/s     15s[K[?25h[?2026l[?2026h[?25l[A[1Gpulling manifest [K
pulling e8ad13eff07a:  75% ▕█████████████     ▏ 6.1 GB/8.1 GB  134 MB/s     15s[K[?25h[?2026l[?2026h[?25l[A[1Gpulling manifest [K
pulling e8ad13eff07a:  75% ▕█████████████     ▏ 6.1 GB/8.1 GB  134 MB/s     15s[K[?25h[?2026l[?2026h[?25l[A[1Gpulling manifest [K
pulling e8ad13eff07a:  75% ▕█████████████     ▏ 6.1 GB/8.1 GB  134 MB/s     15s[K[?25h[?2026l[?2026h[?25l[A[1Gpulling manifest [K
pulling e8ad13eff07a:  75% ▕█████████████     ▏ 6.1 GB/8.1 GB  134 MB/s     15s[K[?25h[?2026l[?2026h[?25l[A[1Gpulling manifest [K
pulling e8ad13eff07a:  75% ▕█████████████     ▏ 6.1 GB/8.1 GB  134 MB/s     14s[K[?25h[?2026l[?2026h[?25l[A[1Gpulling manifest [K
pulling e8ad13eff07a:  75% ▕█████████████     ▏ 6.1 GB/8.1 GB  136 MB/s     14s[K[?25h[?2026l[?2026h[?25l[A[1Gpulling manifest [K
pulling e8ad13eff07a:  76% ▕█████████████     ▏ 6.2 GB/8.1 GB  136 MB/s     14s[K[?25h[?2026l[?2026h[?25l[A[1Gpulling manifest [K
pulling e8ad13eff07a:  76% ▕█████████████     ▏ 6.2 GB/8.1 GB  136 MB/s     14s[K[?25h[?2026l[?2026h[?25l[A[1Gpulling manifest [K
pulling e8ad13eff07a:  76% ▕█████████████     ▏ 6.2 GB/8.1 GB  136 MB/s     14s[K[?25h[?2026l[?2026h[?25l[A[1Gpulling manifest [K
pulling e8ad13eff07a:  76% ▕█████████████     ▏ 6.2 GB/8.1 GB  136 MB/s     14s[K[?25h[?2026l[?2026h[?25l[A[1Gpulling manifest [K
pulling e8ad13eff07a:  76% ▕█████████████     ▏ 6.2 GB/8.1 GB  136 MB/s     14s[K[?25h[?2026l[?2026h[?25l[A[1Gpulling manifest [K
pulling e8ad13eff07a:  76% ▕█████████████     ▏ 6.2 GB/8.1 GB  136 MB/s     14s[K[?25h[?2026l[?2026h[?25l[A[1Gpulling manifest [K
pulling e8ad13eff07a:  76% ▕█████████████     ▏ 6.2 GB/8.1 GB  136 MB/s     14s[K[?25h[?2026l[?2026h[?25l[A[1Gpulling manifest [K
pulling e8ad13eff07a:  77% ▕█████████████     ▏ 6.2 GB/8.1 GB  136 MB/s     13s[K[?25h[?2026l[?2026h[?25l[A[1Gpulling manifest [K
pulling e8ad13eff07a:  77% ▕█████████████     ▏ 6.3 GB/8.1 GB  136 MB/s     13s[K[?25h[?2026l[?2026h[?25l[A[1Gpulling manifest [K
pulling e8ad13eff07a:  77% ▕█████████████     ▏ 6.3 GB/8.1 GB  134 MB/s     14s[K[?25h[?2026l[?2026h[?25l[A[1Gpulling manifest [K
pulling e8ad13eff07a:  77% ▕█████████████     ▏ 6.3 GB/8.1 GB  134 MB/s     13s[K[?25h[?2026l[?2026h[?25l[A[1Gpulling manifest [K
pulling e8ad13eff07a:  77% ▕█████████████     ▏ 6.3 GB/8.1 GB  134 MB/s     13s[K[?25h[?2026l[?2026h[?25l[A[1Gpulling manifest [K
pulling e8ad13eff07a:  77% ▕█████████████     ▏ 6.3 GB/8.1 GB  134 MB/s     13s[K[?25h[?2026l[?2026h[?25l[A[1Gpulling manifest [K
pulling e8ad13eff07a:  78% ▕█████████████     ▏ 6.3 GB/8.1 GB  134 MB/s     13s[K[?25h[?2026l[?2026h[?25l[A[1Gpulling manifest [K
pulling e8ad13eff07a:  78% ▕█████████████     ▏ 6.3 GB/8.1 GB  134 MB/s     13s[K[?25h[?2026l[?2026h[?25l[A[1Gpulling manifest [K
pulling e8ad13eff07a:  78% ▕██████████████    ▏ 6.3 GB/8.1 GB  134 MB/s     13s[K[?25h[?2026l[?2026h[?25l[A[1Gpulling manifest [K
pulling e8ad13eff07a:  78% ▕██████████████    ▏ 6.4 GB/8.1 GB  134 MB/s     13s[K[?25h[?2026l[?2026h[?25l[A[1Gpulling manifest [K
pulling e8ad13eff07a:  78% ▕██████████████    ▏ 6.4 GB/8.1 GB  134 MB/s     13s[K[?25h[?2026l[?2026h[?25l[A[1Gpulling manifest [K
pulling e8ad13eff07a:  78% ▕██████████████    ▏ 6.4 GB/8.1 GB  134 MB/s     13s[K[?25h[?2026l[?2026h[?25l[A[1Gpulling manifest [K
pulling e8ad13eff07a:  79% ▕██████████████    ▏ 6.4 GB/8.1 GB  135 MB/s     12s[K[?25h[?2026l[?2026h[?25l[A[1Gpulling manifest [K
pulling e8ad13eff07a:  79% ▕██████████████    ▏ 6.4 GB/8.1 GB  135 MB/s     12s[K[?25h[?2026l[?2026h[?25l[A[1Gpulling manifest [K
pulling e8ad13eff07a:  79% ▕██████████████    ▏ 6.4 GB/8.1 GB  135 MB/s     12s[K[?25h[?2026l[?2026h[?25l[A[1Gpulling manifest [K
pulling e8ad13eff07a:  79% ▕██████████████    ▏ 6.4 GB/8.1 GB  135 MB/s     12s[K[?25h[?2026l[?2026h[?25l[A[1Gpulling manifest [K
pulling e8ad13eff07a:  79% ▕██████████████    ▏ 6.4 GB/8.1 GB  135 MB/s     12s[K[?25h[?2026l[?2026h[?25l[A[1Gpulling manifest [K
pulling e8ad13eff07a:  79% ▕██████████████    ▏ 6.5 GB/8.1 GB  135 MB/s     12s[K[?25h[?2026l[?2026h[?25l[A[1Gpulling manifest [K
pulling e8ad13eff07a:  79% ▕██████████████    ▏ 6.5 GB/8.1 GB  135 MB/s     12s[K[?25h[?2026l[?2026h[?25l[A[1Gpulling manifest [K
pulling e8ad13eff07a:  80% ▕██████████████    ▏ 6.5 GB/8.1 GB  135 MB/s     12s[K[?25h[?2026l[?2026h[?25l[A[1Gpulling manifest [K
pulling e8ad13eff07a:  80% ▕██████████████    ▏ 6.5 GB/8.1 GB  135 MB/s     12s[K[?25h[?2026l[?2026h[?25l[A[1Gpulling manifest [K
pulling e8ad13eff07a:  80% ▕██████████████    ▏ 6.5 GB/8.1 GB  135 MB/s     11s[K[?25h[?2026l[?2026h[?25l[A[1Gpulling manifest [K
pulling e8ad13eff07a:  80% ▕██████████████    ▏ 6.5 GB/8.1 GB  135 MB/s     11s[K[?25h[?2026l[?2026h[?25l[A[1Gpulling manifest [K
pulling e8ad13eff07a:  80% ▕██████████████    ▏ 6.5 GB/8.1 GB  135 MB/s     11s[K[?25h[?2026l[?2026h[?25l[A[1Gpulling manifest [K
pulling e8ad13eff07a:  80% ▕██████████████    ▏ 6.6 GB/8.1 GB  135 MB/s     11s[K[?25h[?2026l[?2026h[?25l[A[1Gpulling manifest [K
pulling e8ad13eff07a:  80% ▕██████████████    ▏ 6.6 GB/8.1 GB  135 MB/s     11s[K[?25h[?2026l[?2026h[?25l[A[1Gpulling manifest [K
pulling e8ad13eff07a:  81% ▕██████████████    ▏ 6.6 GB/8.1 GB  135 MB/s     11s[K[?25h[?2026l[?2026h[?25l[A[1Gpulling manifest [K
pulling e8ad13eff07a:  81% ▕██████████████    ▏ 6.6 GB/8.1 GB  135 MB/s     11s[K[?25h[?2026l[?2026h[?25l[A[1Gpulling manifest [K
pulling e8ad13eff07a:  81% ▕██████████████    ▏ 6.6 GB/8.1 GB  135 MB/s     11s[K[?25h[?2026l[?2026h[?25l[A[1Gpulling manifest [K
pulling e8ad13eff07a:  81% ▕██████████████    ▏ 6.6 GB/8.1 GB  135 MB/s     11s[K[?25h[?2026l[?2026h[?25l[A[1Gpulling manifest [K
pulling e8ad13eff07a:  81% ▕██████████████    ▏ 6.6 GB/8.1 GB  135 MB/s     11s[K[?25h[?2026l[?2026h[?25l[A[1Gpulling manifest [K
pulling e8ad13eff07a:  81% ▕██████████████    ▏ 6.6 GB/8.1 GB  135 MB/s     11s[K[?25h[?2026l[?2026h[?25l[A[1Gpulling manifest [K
pulling e8ad13eff07a:  82% ▕██████████████    ▏ 6.6 GB/8.1 GB  135 MB/s     11s[K[?25h[?2026l[?2026h[?25l[A[1Gpulling manifest [K
pulling e8ad13eff07a:  82% ▕██████████████    ▏ 6.7 GB/8.1 GB  135 MB/s     11s[K[?25h[?2026l[?2026h[?25l[A[1Gpulling manifest [K
pulling e8ad13eff07a:  82% ▕██████████████    ▏ 6.7 GB/8.1 GB  135 MB/s     11s[K[?25h[?2026l[?2026h[?25l[A[1Gpulling manifest [K
pulling e8ad13eff07a:  82% ▕██████████████    ▏ 6.7 GB/8.1 GB  135 MB/s     10s[K[?25h[?2026l[?2026h[?25l[A[1Gpulling manifest [K
pulling e8ad13eff07a:  82% ▕██████████████    ▏ 6.7 GB/8.1 GB  135 MB/s     10s[K[?25h[?2026l[?2026h[?25l[A[1Gpulling manifest [K
pulling e8ad13eff07a:  82% ▕██████████████    ▏ 6.7 GB/8.1 GB  135 MB/s     10s[K[?25h[?2026l[?2026h[?25l[A[1Gpulling manifest [K
pulling e8ad13eff07a:  83% ▕██████████████    ▏ 6.7 GB/8.1 GB  135 MB/s     10s[K[?25h[?2026l[?2026h[?25l[A[1Gpulling manifest [K
pulling e8ad13eff07a:  83% ▕██████████████    ▏ 6.7 GB/8.1 GB  135 MB/s     10s[K[?25h[?2026l[?2026h[?25l[A[1Gpulling manifest [K
pulling e8ad13eff07a:  83% ▕██████████████    ▏ 6.8 GB/8.1 GB  135 MB/s     10s[K[?25h[?2026l[?2026h[?25l[A[1Gpulling manifest [K
pulling e8ad13eff07a:  83% ▕██████████████    ▏ 6.8 GB/8.1 GB  135 MB/s     10s[K[?25h[?2026l[?2026h[?25l[A[1Gpulling manifest [K
pulling e8ad13eff07a:  83% ▕██████████████    ▏ 6.8 GB/8.1 GB  135 MB/s     10s[K[?25h[?2026l[?2026h[?25l[A[1Gpulling manifest [K
pulling e8ad13eff07a:  83% ▕███████████████   ▏ 6.8 GB/8.1 GB  135 MB/s      9s[K[?25h[?2026l[?2026h[?25l[A[1Gpulling manifest [K
pulling e8ad13eff07a:  84% ▕███████████████   ▏ 6.8 GB/8.1 GB  135 MB/s      9s[K[?25h[?2026l[?2026h[?25l[A[1Gpulling manifest [K
pulling e8ad13eff07a:  84% ▕███████████████   ▏ 6.8 GB/8.1 GB  135 MB/s      9s[K[?25h[?2026l[?2026h[?25l[A[1Gpulling manifest [K
pulling e8ad13eff07a:  84% ▕███████████████   ▏ 6.8 GB/8.1 GB  135 MB/s      9s[K[?25h[?2026l[?2026h[?25l[A[1Gpulling manifest [K
pulling e8ad13eff07a:  84% ▕███████████████   ▏ 6.9 GB/8.1 GB  135 MB/s      9s[K[?25h[?2026l[?2026h[?25l[A[1Gpulling manifest [K
pulling e8ad13eff07a:  84% ▕███████████████   ▏ 6.9 GB/8.1 GB  135 MB/s      9s[K[?25h[?2026l[?2026h[?25l[A[1Gpulling manifest [K
pulling e8ad13eff07a:  85% ▕███████████████   ▏ 6.9 GB/8.1 GB  135 MB/s      9s[K[?25h[?2026l[?2026h[?25l[A[1Gpulling manifest [K
pulling e8ad13eff07a:  85% ▕███████████████   ▏ 6.9 GB/8.1 GB  135 MB/s      9s[K[?25h[?2026l[?2026h[?25l[A[1Gpulling manifest [K
pulling e8ad13eff07a:  85% ▕███████████████   ▏ 6.9 GB/8.1 GB  135 MB/s      9s[K[?25h[?2026l[?2026h[?25l[A[1Gpulling manifest [K
pulling e8ad13eff07a:  85% ▕███████████████   ▏ 6.9 GB/8.1 GB  135 MB/s      8s[K[?25h[?2026l[?2026h[?25l[A[1Gpulling manifest [K
pulling e8ad13eff07a:  85% ▕███████████████   ▏ 7.0 GB/8.1 GB  137 MB/s      8s[K[?25h[?2026l[?2026h[?25l[A[1Gpulling manifest [K
pulling e8ad13eff07a:  86% ▕███████████████   ▏ 7.0 GB/8.1 GB  137 MB/s      8s[K[?25h[?2026l[?2026h[?25l[A[1Gpulling manifest [K
pulling e8ad13eff07a:  86% ▕███████████████   ▏ 7.0 GB/8.1 GB  137 MB/s      8s[K[?25h[?2026l[?2026h[?25l[A[1Gpulling manifest [K
pulling e8ad13eff07a:  86% ▕███████████████   ▏ 7.0 GB/8.1 GB  137 MB/s      8s[K[?25h[?2026l[?2026h[?25l[A[1Gpulling manifest [K
pulling e8ad13eff07a:  86% ▕███████████████   ▏ 7.0 GB/8.1 GB  137 MB/s      8s[K[?25h[?2026l[?2026h[?25l[A[1Gpulling manifest [K
pulling e8ad13eff07a:  86% ▕███████████████   ▏ 7.0 GB/8.1 GB  137 MB/s      8s[K[?25h[?2026l[?2026h[?25l[A[1Gpulling manifest [K
pulling e8ad13eff07a:  86% ▕███████████████   ▏ 7.0 GB/8.1 GB  137 MB/s      8s[K[?25h[?2026l[?2026h[?25l[A[1Gpulling manifest [K
pulling e8ad13eff07a:  87% ▕███████████████   ▏ 7.1 GB/8.1 GB  137 MB/s      7s[K[?25h[?2026l[?2026h[?25l[A[1Gpulling manifest [K
pulling e8ad13eff07a:  87% ▕███████████████   ▏ 7.1 GB/8.1 GB  137 MB/s      7s[K[?25h[?2026l[?2026h[?25l[A[1Gpulling manifest [K
pulling e8ad13eff07a:  87% ▕███████████████   ▏ 7.1 GB/8.1 GB  137 MB/s      7s[K[?25h[?2026l[?2026h[?25l[A[1Gpulling manifest [K
pulling e8ad13eff07a:  87% ▕███████████████   ▏ 7.1 GB/8.1 GB  136 MB/s      7s[K[?25h[?2026l[?2026h[?25l[A[1Gpulling manifest [K
pulling e8ad13eff07a:  87% ▕███████████████   ▏ 7.1 GB/8.1 GB  136 MB/s      7s[K[?25h[?2026l[?2026h[?25l[A[1Gpulling manifest [K
pulling e8ad13eff07a:  87% ▕███████████████   ▏ 7.1 GB/8.1 GB  136 MB/s      7s[K[?25h[?2026l[?2026h[?25l[A[1Gpulling manifest [K
pulling e8ad13eff07a:  88% ▕███████████████   ▏ 7.1 GB/8.1 GB  136 MB/s      7s[K[?25h[?2026l[?2026h[?25l[A[1Gpulling manifest [K
pulling e8ad13eff07a:  88% ▕███████████████   ▏ 7.1 GB/8.1 GB  136 MB/s      7s[K[?25h[?2026l[?2026h[?25l[A[1Gpulling manifest [K
pulling e8ad13eff07a:  88% ▕███████████████   ▏ 7.2 GB/8.1 GB  136 MB/s      7s[K[?25h[?2026l[?2026h[?25l[A[1Gpulling manifest [K
pulling e8ad13eff07a:  88% ▕███████████████   ▏ 7.2 GB/8.1 GB  136 MB/s      7s[K[?25h[?2026l[?2026h[?25l[A[1Gpulling manifest [K
pulling e8ad13eff07a:  88% ▕███████████████   ▏ 7.2 GB/8.1 GB  136 MB/s      7s[K[?25h[?2026l[?2026h[?25l[A[1Gpulling manifest [K
pulling e8ad13eff07a:  88% ▕███████████████   ▏ 7.2 GB/8.1 GB  136 MB/s      6s[K[?25h[?2026l[?2026h[?25l[A[1Gpulling manifest [K
pulling e8ad13eff07a:  89% ▕███████████████   ▏ 7.2 GB/8.1 GB  136 MB/s      6s[K[?25h[?2026l[?2026h[?25l[A[1Gpulling manifest [K
pulling e8ad13eff07a:  89% ▕███████████████   ▏ 7.2 GB/8.1 GB  136 MB/s      6s[K[?25h[?2026l[?2026h[?25l[A[1Gpulling manifest [K
pulling e8ad13eff07a:  89% ▕████████████████  ▏ 7.3 GB/8.1 GB  137 MB/s      6s[K[?25h[?2026l[?2026h[?25l[A[1Gpulling manifest [K
pulling e8ad13eff07a:  89% ▕████████████████  ▏ 7.3 GB/8.1 GB  137 MB/s      6s[K[?25h[?2026l[?2026h[?25l[A[1Gpulling manifest [K
pulling e8ad13eff07a:  89% ▕████████████████  ▏ 7.3 GB/8.1 GB  137 MB/s      6s[K[?25h[?2026l[?2026h[?25l[A[1Gpulling manifest [K
pulling e8ad13eff07a:  90% ▕████████████████  ▏ 7.3 GB/8.1 GB  137 MB/s      6s[K[?25h[?2026l[?2026h[?25l[A[1Gpulling manifest [K
pulling e8ad13eff07a:  90% ▕████████████████  ▏ 7.3 GB/8.1 GB  137 MB/s      6s[K[?25h[?2026l[?2026h[?25l[A[1Gpulling manifest [K
pulling e8ad13eff07a:  90% ▕████████████████  ▏ 7.3 GB/8.1 GB  137 MB/s      6s[K[?25h[?2026l[?2026h[?25l[A[1Gpulling manifest [K
pulling e8ad13eff07a:  90% ▕████████████████  ▏ 7.3 GB/8.1 GB  137 MB/s      6s[K[?25h[?2026l[?2026h[?25l[A[1Gpulling manifest [K
pulling e8ad13eff07a:  90% ▕████████████████  ▏ 7.3 GB/8.1 GB  137 MB/s      5s[K[?25h[?2026l[?2026h[?25l[A[1Gpulling manifest [K
pulling e8ad13eff07a:  90% ▕████████████████  ▏ 7.3 GB/8.1 GB  137 MB/s      5s[K[?25h[?2026l[?2026h[?25l[A[1Gpulling manifest [K
pulling e8ad13eff07a:  90% ▕████████████████  ▏ 7.3 GB/8.1 GB  137 MB/s      5s[K[?25h[?2026l[?2026h[?25l[A[1Gpulling manifest [K
pulling e8ad13eff07a:  90% ▕████████████████  ▏ 7.4 GB/8.1 GB  134 MB/s      5s[K[?25h[?2026l[?2026h[?25l[A[1Gpulling manifest [K
pulling e8ad13eff07a:  90% ▕████████████████  ▏ 7.4 GB/8.1 GB  134 MB/s      5s[K[?25h[?2026l[?2026h[?25l[A[1Gpulling manifest [K
pulling e8ad13eff07a:  90% ▕████████████████  ▏ 7.4 GB/8.1 GB  134 MB/s      5s[K[?25h[?2026l[?2026h[?25l[A[1Gpulling manifest [K
pulling e8ad13eff07a:  91% ▕████████████████  ▏ 7.4 GB/8.1 GB  134 MB/s      5s[K[?25h[?2026l[?2026h[?25l[A[1Gpulling manifest [K
pulling e8ad13eff07a:  91% ▕████████████████  ▏ 7.4 GB/8.1 GB  134 MB/s      5s[K[?25h[?2026l[?2026h[?25l[A[1Gpulling manifest [K
pulling e8ad13eff07a:  91% ▕████████████████  ▏ 7.4 GB/8.1 GB  134 MB/s      5s[K[?25h[?2026l[?2026h[?25l[A[1Gpulling manifest [K
pulling e8ad13eff07a:  91% ▕████████████████  ▏ 7.4 GB/8.1 GB  134 MB/s      5s[K[?25h[?2026l[?2026h[?25l[A[1Gpulling manifest [K
pulling e8ad13eff07a:  91% ▕████████████████  ▏ 7.4 GB/8.1 GB  134 MB/s      5s[K[?25h[?2026l[?2026h[?25l[A[1Gpulling manifest [K
pulling e8ad13eff07a:  91% ▕████████████████  ▏ 7.4 GB/8.1 GB  134 MB/s      5s[K[?25h[?2026l[?2026h[?25l[A[1Gpulling manifest [K
pulling e8ad13eff07a:  91% ▕████████████████  ▏ 7.4 GB/8.1 GB  134 MB/s      5s[K[?25h[?2026l[?2026h[?25l[A[1Gpulling manifest [K
pulling e8ad13eff07a:  91% ▕████████████████  ▏ 7.4 GB/8.1 GB  131 MB/s      5s[K[?25h[?2026l[?2026h[?25l[A[1Gpulling manifest [K
pulling e8ad13eff07a:  92% ▕████████████████  ▏ 7.5 GB/8.1 GB  131 MB/s      5s[K[?25h[?2026l[?2026h[?25l[A[1Gpulling manifest [K
pulling e8ad13eff07a:  92% ▕████████████████  ▏ 7.5 GB/8.1 GB  131 MB/s      5s[K[?25h[?2026l[?2026h[?25l[A[1Gpulling manifest [K
pulling e8ad13eff07a:  92% ▕████████████████  ▏ 7.5 GB/8.1 GB  131 MB/s      5s[K[?25h[?2026l[?2026h[?25l[A[1Gpulling manifest [K
pulling e8ad13eff07a:  92% ▕████████████████  ▏ 7.5 GB/8.1 GB  131 MB/s      4s[K[?25h[?2026l[?2026h[?25l[A[1Gpulling manifest [K
pulling e8ad13eff07a:  92% ▕████████████████  ▏ 7.5 GB/8.1 GB  131 MB/s      4s[K[?25h[?2026l[?2026h[?25l[A[1Gpulling manifest [K
pulling e8ad13eff07a:  92% ▕████████████████  ▏ 7.5 GB/8.1 GB  131 MB/s      4s[K[?25h[?2026l[?2026h[?25l[A[1Gpulling manifest [K
pulling e8ad13eff07a:  93% ▕████████████████  ▏ 7.5 GB/8.1 GB  131 MB/s      4s[K[?25h[?2026l[?2026h[?25l[A[1Gpulling manifest [K
pulling e8ad13eff07a:  93% ▕████████████████  ▏ 7.6 GB/8.1 GB  131 MB/s      4s[K[?25h[?2026l[?2026h[?25l[A[1Gpulling manifest [K
pulling e8ad13eff07a:  93% ▕████████████████  ▏ 7.6 GB/8.1 GB  131 MB/s      4s[K[?25h[?2026l[?2026h[?25l[A[1Gpulling manifest [K
pulling e8ad13eff07a:  93% ▕████████████████  ▏ 7.6 GB/8.1 GB  130 MB/s      4s[K[?25h[?2026l[?2026h[?25l[A[1Gpulling manifest [K
pulling e8ad13eff07a:  93% ▕████████████████  ▏ 7.6 GB/8.1 GB  130 MB/s      4s[K[?25h[?2026l[?2026h[?25l[A[1Gpulling manifest [K
pulling e8ad13eff07a:  93% ▕████████████████  ▏ 7.6 GB/8.1 GB  130 MB/s      4s[K[?25h[?2026l[?2026h[?25l[A[1Gpulling manifest [K
pulling e8ad13eff07a:  94% ▕████████████████  ▏ 7.6 GB/8.1 GB  130 MB/s      4s[K[?25h[?2026l[?2026h[?25l[A[1Gpulling manifest [K
pulling e8ad13eff07a:  94% ▕████████████████  ▏ 7.6 GB/8.1 GB  130 MB/s      3s[K[?25h[?2026l[?2026h[?25l[A[1Gpulling manifest [K
pulling e8ad13eff07a:  94% ▕████████████████  ▏ 7.6 GB/8.1 GB  130 MB/s      3s[K[?25h[?2026l[?2026h[?25l[A[1Gpulling manifest [K
pulling e8ad13eff07a:  94% ▕████████████████  ▏ 7.7 GB/8.1 GB  130 MB/s      3s[K[?25h[?2026l[?2026h[?25l[A[1Gpulling manifest [K
pulling e8ad13eff07a:  94% ▕████████████████  ▏ 7.7 GB/8.1 GB  130 MB/s      3s[K[?25h[?2026l[?2026h[?25l[A[1Gpulling manifest [K
pulling e8ad13eff07a:  94% ▕████████████████  ▏ 7.7 GB/8.1 GB  130 MB/s      3s[K[?25h[?2026l[?2026h[?25l[A[1Gpulling manifest [K
pulling e8ad13eff07a:  95% ▕█████████████████ ▏ 7.7 GB/8.1 GB  130 MB/s      3s[K[?25h[?2026l[?2026h[?25l[A[1Gpulling manifest [K
pulling e8ad13eff07a:  95% ▕█████████████████ ▏ 7.7 GB/8.1 GB  132 MB/s      3s[K[?25h[?2026l[?2026h[?25l[A[1Gpulling manifest [K
pulling e8ad13eff07a:  95% ▕█████████████████ ▏ 7.7 GB/8.1 GB  132 MB/s      3s[K[?25h[?2026l[?2026h[?25l[A[1Gpulling manifest [K
pulling e8ad13eff07a:  95% ▕█████████████████ ▏ 7.7 GB/8.1 GB  132 MB/s      3s[K[?25h[?2026l[?2026h[?25l[A[1Gpulling manifest [K
pulling e8ad13eff07a:  95% ▕█████████████████ ▏ 7.8 GB/8.1 GB  132 MB/s      2s[K[?25h[?2026l[?2026h[?25l[A[1Gpulling manifest [K
pulling e8ad13eff07a:  95% ▕█████████████████ ▏ 7.8 GB/8.1 GB  132 MB/s      2s[K[?25h[?2026l[?2026h[?25l[A[1Gpulling manifest [K
pulling e8ad13eff07a:  96% ▕█████████████████ ▏ 7.8 GB/8.1 GB  132 MB/s      2s[K[?25h[?2026l[?2026h[?25l[A[1Gpulling manifest [K
pulling e8ad13eff07a:  96% ▕█████████████████ ▏ 7.8 GB/8.1 GB  132 MB/s      2s[K[?25h[?2026l[?2026h[?25l[A[1Gpulling manifest [K
pulling e8ad13eff07a:  96% ▕█████████████████ ▏ 7.8 GB/8.1 GB  132 MB/s      2s[K[?25h[?2026l[?2026h[?25l[A[1Gpulling manifest [K
pulling e8ad13eff07a:  96% ▕█████████████████ ▏ 7.8 GB/8.1 GB  132 MB/s      2s[K[?25h[?2026l[?2026h[?25l[A[1Gpulling manifest [K
pulling e8ad13eff07a:  96% ▕█████████████████ ▏ 7.9 GB/8.1 GB  132 MB/s      2s[K[?25h[?2026l[?2026h[?25l[A[1Gpulling manifest [K
pulling e8ad13eff07a:  96% ▕█████████████████ ▏ 7.9 GB/8.1 GB  132 MB/s      2s[K[?25h[?2026l[?2026h[?25l[A[1Gpulling manifest [K
pulling e8ad13eff07a:  97% ▕█████████████████ ▏ 7.9 GB/8.1 GB  135 MB/s      1s[K[?25h[?2026l[?2026h[?25l[A[1Gpulling manifest [K
pulling e8ad13eff07a:  97% ▕█████████████████ ▏ 7.9 GB/8.1 GB  135 MB/s      1s[K[?25h[?2026l[?2026h[?25l[A[1Gpulling manifest [K
pulling e8ad13eff07a:  97% ▕█████████████████ ▏ 7.9 GB/8.1 GB  135 MB/s      1s[K[?25h[?2026l[?2026h[?25l[A[1Gpulling manifest [K
pulling e8ad13eff07a:  97% ▕█████████████████ ▏ 7.9 GB/8.1 GB  135 MB/s      1s[K[?25h[?2026l[?2026h[?25l[A[1Gpulling manifest [K
pulling e8ad13eff07a:  97% ▕█████████████████ ▏ 7.9 GB/8.1 GB  135 MB/s      1s[K[?25h[?2026l[?2026h[?25l[A[1Gpulling manifest [K
pulling e8ad13eff07a:  98% ▕█████████████████ ▏ 8.0 GB/8.1 GB  135 MB/s      1s[K[?25h[?2026l[?2026h[?25l[A[1Gpulling manifest [K
pulling e8ad13eff07a:  98% ▕█████████████████ ▏ 8.0 GB/8.1 GB  135 MB/s      1s[K[?25h[?2026l[?2026h[?25l[A[1Gpulling manifest [K
pulling e8ad13eff07a:  98% ▕█████████████████ ▏ 8.0 GB/8.1 GB  135 MB/s      1s[K[?25h[?2026l[?2026h[?25l[A[1Gpulling manifest [K
pulling e8ad13eff07a:  98% ▕█████████████████ ▏ 8.0 GB/8.1 GB  135 MB/s      1s[K[?25h[?2026l[?2026h[?25l[A[1Gpulling manifest [K
pulling e8ad13eff07a:  98% ▕█████████████████ ▏ 8.0 GB/8.1 GB  135 MB/s      1s[K[?25h[?2026l[?2026h[?25l[A[1Gpulling manifest [K
pulling e8ad13eff07a:  98% ▕█████████████████ ▏ 8.0 GB/8.1 GB  133 MB/s      1s[K[?25h[?2026l[?2026h[?25l[A[1Gpulling manifest [K
pulling e8ad13eff07a:  98% ▕█████████████████ ▏ 8.0 GB/8.1 GB  133 MB/s      0s[K[?25h[?2026l[?2026h[?25l[A[1Gpulling manifest [K
pulling e8ad13eff07a:  99% ▕█████████████████ ▏ 8.0 GB/8.1 GB  133 MB/s      0s[K[?25h[?2026l[?2026h[?25l[A[1Gpulling manifest [K
pulling e8ad13eff07a:  99% ▕█████████████████ ▏ 8.1 GB/8.1 GB  133 MB/s      0s[K[?25h[?2026l[?2026h[?25l[A[1Gpulling manifest [K
pulling e8ad13eff07a:  99% ▕█████████████████ ▏ 8.1 GB/8.1 GB  133 MB/s      0s[K[?25h[?2026l[?2026h[?25l[A[1Gpulling manifest [K
pulling e8ad13eff07a:  99% ▕█████████████████ ▏ 8.1 GB/8.1 GB  133 MB/s      0s[K[?25h[?2026l[?2026h[?25l[A[1Gpulling manifest [K
pulling e8ad13eff07a:  99% ▕█████████████████ ▏ 8.1 GB/8.1 GB  133 MB/s      0s[K[?25h[?2026l[?2026h[?25l[A[1Gpulling manifest [K
pulling e8ad13eff07a:  99% ▕█████████████████ ▏ 8.1 GB/8.1 GB  133 MB/s      0s[K[?25h[?2026l[?2026h[?25l[A[1Gpulling manifest [K
pulling e8ad13eff07a:  99% ▕█████████████████ ▏ 8.1 GB/8.1 GB  133 MB/s      0s[K[?25h[?2026l[?2026h[?25l[A[1Gpulling manifest [K
pulling e8ad13eff07a: 100% ▕█████████████████ ▏ 8.1 GB/8.1 GB  133 MB/s      0s[K[?25h[?2026l[?2026h[?25l[A[1Gpulling manifest [K
pulling e8ad13eff07a: 100% ▕█████████████████ ▏ 8.1 GB/8.1 GB  129 MB/s      0s[K[?25h[?2026l[?2026h[?25l[A[1Gpulling manifest [K
pulling e8ad13eff07a: 100% ▕█████████████████ ▏ 8.1 GB/8.1 GB  129 MB/s      0s[K[?25h[?2026l[?2026h[?25l[A[1Gpulling manifest [K
pulling e8ad13eff07a: 100% ▕█████████████████ ▏ 8.1 GB/8.1 GB  129 MB/s      0s[K[?25h[?2026l[?2026h[?25l[A[1Gpulling manifest [K
pulling e8ad13eff07a: 100% ▕█████████████████ ▏ 8.1 GB/8.1 GB  129 MB/s      0s[K[?25h[?2026l[?2026h[?25l[A[1Gpulling manifest [K
pulling e8ad13eff07a: 100% ▕██████████████████▏ 8.1 GB                         [K[?25h[?2026l[?2026h[?25l[A[1Gpulling manifest [K
pulling e8ad13eff07a: 100% ▕██████████████████▏ 8.1 GB                         [K[?25h[?2026l[?2026h[?25l[A[1Gpulling manifest [K
pulling e8ad13eff07a: 100% ▕██████████████████▏ 8.1 GB                         [K[?25h[?2026l[?2026h[?25l[A[1Gpulling manifest [K
pulling e8ad13eff07a: 100% ▕██████████████████▏ 8.1 GB                         [K[?25h[?2026l[?2026h[?25l[A[1Gpulling manifest [K
pulling e8ad13eff07a: 100% ▕██████████████████▏ 8.1 GB                         [K[?25h[?2026l[?2026h[?25l[A[1Gpulling manifest [K
pulling e8ad13eff07a: 100% ▕██████████████████▏ 8.1 GB                         [K[?25h[?2026l[?2026h[?25l[A[1Gpulling manifest [K
pulling e8ad13eff07a: 100% ▕██████████████████▏ 8.1 GB                         [K[?25h[?2026l[?2026h[?25l[A[1Gpulling manifest [K
pulling e8ad13eff07a: 100% ▕██████████████████▏ 8.1 GB                         [K[?25h[?2026l[?2026h[?25l[A[1Gpulling manifest [K
pulling e8ad13eff07a: 100% ▕██████████████████▏ 8.1 GB                         [K[?25h[?2026l[?2026h[?25l[A[1Gpulling manifest [K
pulling e8ad13eff07a: 100% ▕██████████████████▏ 8.1 GB                         [K
pulling e0a42594d802: 100% ▕██████████████████▏  358 B                         [K[?25h[?2026l[?2026h[?25l[A[A[1Gpulling manifest [K
pulling e8ad13eff07a: 100% ▕██████████████████▏ 8.1 GB                         [K
pulling e0a42594d802: 100% ▕██████████████████▏  358 B                         [K[?25h[?2026l[?2026h[?25l[A[A[1Gpulling manifest [K
pulling e8ad13eff07a: 100% ▕██████████████████▏ 8.1 GB                         [K
pulling e0a42594d802: 100% ▕██████████████████▏  358 B                         [K[?25h[?2026l[?2026h[?25l[A[A[1Gpulling manifest [K
pulling e8ad13eff07a: 100% ▕██████████████████▏ 8.1 GB                         [K
pulling e0a42594d802: 100% ▕██████████████████▏  358 B                         [K[?25h[?2026l[?2026h[?25l[A[A[1Gpulling manifest [K
pulling e8ad13eff07a: 100% ▕██████████████████▏ 8.1 GB                         [K
pulling e0a42594d802: 100% ▕██████████████████▏  358 B                         [K[?25h[?2026l[?2026h[?25l[A[A[1Gpulling manifest [K
pulling e8ad13eff07a: 100% ▕██████████████████▏ 8.1 GB                         [K
pulling e0a42594d802: 100% ▕██████████████████▏  358 B                         [K[?25h[?2026l[?2026h[?25l[A[A[1Gpulling manifest [K
pulling e8ad13eff07a: 100% ▕██████████████████▏ 8.1 GB                         [K
pulling e0a42594d802: 100% ▕██████████████████▏  358 B                         [K[?25h[?2026l[?2026h[?25l[A[A[1Gpulling manifest [K
pulling e8ad13eff07a: 100% ▕██████████████████▏ 8.1 GB                         [K
pulling e0a42594d802: 100% ▕██████████████████▏  358 B                         [K[?25h[?2026l[?2026h[?25l[A[A[1Gpulling manifest [K
pulling e8ad13eff07a: 100% ▕██████████████████▏ 8.1 GB                         [K
pulling e0a42594d802: 100% ▕██████████████████▏  358 B                         [K[?25h[?2026l[?2026h[?25l[A[A[1Gpulling manifest [K
pulling e8ad13eff07a: 100% ▕██████████████████▏ 8.1 GB                         [K
pulling e0a42594d802: 100% ▕██████████████████▏  358 B                         [K[?25h[?2026l[?2026h[?25l[A[A[1Gpulling manifest [K
pulling e8ad13eff07a: 100% ▕██████████████████▏ 8.1 GB                         [K
pulling e0a42594d802: 100% ▕██████████████████▏  358 B                         [K[?25h[?2026l[?2026h[?25l[A[A[1Gpulling manifest [K
pulling e8ad13eff07a: 100% ▕██████████████████▏ 8.1 GB                         [K
pulling e0a42594d802: 100% ▕██████████████████▏  358 B                         [K[?25h[?2026l[?2026h[?25l[A[A[1Gpulling manifest [K
pulling e8ad13eff07a: 100% ▕██████████████████▏ 8.1 GB                         [K
pulling e0a42594d802: 100% ▕██████████████████▏  358 B                         [K[?25h[?2026l[?2026h[?25l[A[A[1Gpulling manifest [K
pulling e8ad13eff07a: 100% ▕██████████████████▏ 8.1 GB                         [K
pulling e0a42594d802: 100% ▕██████████████████▏  358 B                         [K[?25h[?2026l[?2026h[?25l[A[A[1Gpulling manifest [K
pulling e8ad13eff07a: 100% ▕██████████████████▏ 8.1 GB                         [K
pulling e0a42594d802: 100% ▕██████████████████▏  358 B                         [K
pulling dd084c7d92a3: 100% ▕██████████████████▏ 8.4 KB                         [K[?25h[?2026l[?2026h[?25l[A[A[A[1Gpulling manifest [K
pulling e8ad13eff07a: 100% ▕██████████████████▏ 8.1 GB                         [K
pulling e0a42594d802: 100% ▕██████████████████▏  358 B                         [K
pulling dd084c7d92a3: 100% ▕██████████████████▏ 8.4 KB                         [K[?25h[?2026l[?2026h[?25l[A[A[A[1Gpulling manifest [K
pulling e8ad13eff07a: 100% ▕██████████████████▏ 8.1 GB                         [K
pulling e0a42594d802: 100% ▕██████████████████▏  358 B                         [K
pulling dd084c7d92a3: 100% ▕██████████████████▏ 8.4 KB                         [K[?25h[?2026l[?2026h[?25l[A[A[A[1Gpulling manifest [K
pulling e8ad13eff07a: 100% ▕██████████████████▏ 8.1 GB                         [K
pulling e0a42594d802: 100% ▕██████████████████▏  358 B                         [K
pulling dd084c7d92a3: 100% ▕██████████████████▏ 8.4 KB                         [K[?25h[?2026l[?2026h[?25l[A[A[A[1Gpulling manifest [K
pulling e8ad13eff07a: 100% ▕██████████████████▏ 8.1 GB                         [K
pulling e0a42594d802: 100% ▕██████████████████▏  358 B                         [K
pulling dd084c7d92a3: 100% ▕██████████████████▏ 8.4 KB                         [K[?25h[?2026l[?2026h[?25l[A[A[A[1Gpulling manifest [K
pulling e8ad13eff07a: 100% ▕██████████████████▏ 8.1 GB                         [K
pulling e0a42594d802: 100% ▕██████████████████▏  358 B                         [K
pulling dd084c7d92a3: 100% ▕██████████████████▏ 8.4 KB                         [K[?25h[?2026l[?2026h[?25l[A[A[A[1Gpulling manifest [K
pulling e8ad13eff07a: 100% ▕██████████████████▏ 8.1 GB                         [K
pulling e0a42594d802: 100% ▕██████████████████▏  358 B                         [K
pulling dd084c7d92a3: 100% ▕██████████████████▏ 8.4 KB                         [K[?25h[?2026l[?2026h[?25l[A[A[A[1Gpulling manifest [K
pulling e8ad13eff07a: 100% ▕██████████████████▏ 8.1 GB                         [K
pulling e0a42594d802: 100% ▕██████████████████▏  358 B                         [K
pulling dd084c7d92a3: 100% ▕██████████████████▏ 8.4 KB                         [K[?25h[?2026l[?2026h[?25l[A[A[A[1Gpulling manifest [K
pulling e8ad13eff07a: 100% ▕██████████████████▏ 8.1 GB                         [K
pulling e0a42594d802: 100% ▕██████████████████▏  358 B                         [K
pulling dd084c7d92a3: 100% ▕██████████████████▏ 8.4 KB                         [K[?25h[?2026l[?2026h[?25l[A[A[A[1Gpulling manifest [K
pulling e8ad13eff07a: 100% ▕██████████████████▏ 8.1 GB                         [K
pulling e0a42594d802: 100% ▕██████████████████▏  358 B                         [K
pulling dd084c7d92a3: 100% ▕██████████████████▏ 8.4 KB                         [K[?25h[?2026l[?2026h[?25l[A[A[A[1Gpulling manifest [K
pulling e8ad13eff07a: 100% ▕██████████████████▏ 8.1 GB                         [K
pulling e0a42594d802: 100% ▕██████████████████▏  358 B                         [K
pulling dd084c7d92a3: 100% ▕██████████████████▏ 8.4 KB                         [K[?25h[?2026l[?2026h[?25l[A[A[A[1Gpulling manifest [K
pulling e8ad13eff07a: 100% ▕██████████████████▏ 8.1 GB                         [K
pulling e0a42594d802: 100% ▕██████████████████▏  358 B                         [K
pulling dd084c7d92a3: 100% ▕██████████████████▏ 8.4 KB                         [K[?25h[?2026l[?2026h[?25l[A[A[A[1Gpulling manifest [K
pulling e8ad13eff07a: 100% ▕██████████████████▏ 8.1 GB                         [K
pulling e0a42594d802: 100% ▕██████████████████▏  358 B                         [K
pulling dd084c7d92a3: 100% ▕██████████████████▏ 8.4 KB                         [K
pulling 3116c5225075: 100% ▕██████████████████▏   77 B                         [K[?25h[?2026l[?2026h[?25l[A[A[A[A[1Gpulling manifest [K
pulling e8ad13eff07a: 100% ▕██████████████████▏ 8.1 GB                         [K
pulling e0a42594d802: 100% ▕██████████████████▏  358 B                         [K
pulling dd084c7d92a3: 100% ▕██████████████████▏ 8.4 KB                         [K
pulling 3116c5225075: 100% ▕██████████████████▏   77 B                         [K[?25h[?2026l[?2026h[?25l[A[A[A[A[1Gpulling manifest [K
pulling e8ad13eff07a: 100% ▕██████████████████▏ 8.1 GB                         [K
pulling e0a42594d802: 100% ▕██████████████████▏  358 B                         [K
pulling dd084c7d92a3: 100% ▕██████████████████▏ 8.4 KB                         [K
pulling 3116c5225075: 100% ▕██████████████████▏   77 B                         [K[?25h[?2026l[?2026h[?25l[A[A[A[A[1Gpulling manifest [K
pulling e8ad13eff07a: 100% ▕██████████████████▏ 8.1 GB                         [K
pulling e0a42594d802: 100% ▕██████████████████▏  358 B                         [K
pulling dd084c7d92a3: 100% ▕██████████████████▏ 8.4 KB                         [K
pulling 3116c5225075: 100% ▕██████████████████▏   77 B                         [K[?25h[?2026l[?2026h[?25l[A[A[A[A[1Gpulling manifest [K
pulling e8ad13eff07a: 100% ▕██████████████████▏ 8.1 GB                         [K
pulling e0a42594d802: 100% ▕██████████████████▏  358 B                         [K
pulling dd084c7d92a3: 100% ▕██████████████████▏ 8.4 KB                         [K
pulling 3116c5225075: 100% ▕██████████████████▏   77 B                         [K[?25h[?2026l[?2026h[?25l[A[A[A[A[1Gpulling manifest [K
pulling e8ad13eff07a: 100% ▕██████████████████▏ 8.1 GB                         [K
pulling e0a42594d802: 100% ▕██████████████████▏  358 B                         [K
pulling dd084c7d92a3: 100% ▕██████████████████▏ 8.4 KB                         [K
pulling 3116c5225075: 100% ▕██████████████████▏   77 B                         [K[?25h[?2026l[?2026h[?25l[A[A[A[A[1Gpulling manifest [K
pulling e8ad13eff07a: 100% ▕██████████████████▏ 8.1 GB                         [K
pulling e0a42594d802: 100% ▕██████████████████▏  358 B                         [K
pulling dd084c7d92a3: 100% ▕██████████████████▏ 8.4 KB                         [K
pulling 3116c5225075: 100% ▕██████████████████▏   77 B                         [K[?25h[?2026l[?2026h[?25l[A[A[A[A[1Gpulling manifest [K
pulling e8ad13eff07a: 100% ▕██████████████████▏ 8.1 GB                         [K
pulling e0a42594d802: 100% ▕██████████████████▏  358 B                         [K
pulling dd084c7d92a3: 100% ▕██████████████████▏ 8.4 KB                         [K
pulling 3116c5225075: 100% ▕██████████████████▏   77 B                         [K[?25h[?2026l[?2026h[?25l[A[A[A[A[1Gpulling manifest [K
pulling e8ad13eff07a: 100% ▕██████████████████▏ 8.1 GB                         [K
pulling e0a42594d802: 100% ▕██████████████████▏  358 B                         [K
pulling dd084c7d92a3: 100% ▕██████████████████▏ 8.4 KB                         [K
pulling 3116c5225075: 100% ▕██████████████████▏   77 B                         [K[?25h[?2026l[?2026h[?25l[A[A[A[A[1Gpulling manifest [K
pulling e8ad13eff07a: 100% ▕██████████████████▏ 8.1 GB                         [K
pulling e0a42594d802: 100% ▕██████████████████▏  358 B                         [K
pulling dd084c7d92a3: 100% ▕██████████████████▏ 8.4 KB                         [K
pulling 3116c5225075: 100% ▕██████████████████▏   77 B                         [K[?25h[?2026l[?2026h[?25l[A[A[A[A[1Gpulling manifest [K
pulling e8ad13eff07a: 100% ▕██████████████████▏ 8.1 GB                         [K
pulling e0a42594d802: 100% ▕██████████████████▏  358 B                         [K
pulling dd084c7d92a3: 100% ▕██████████████████▏ 8.4 KB                         [K
pulling 3116c5225075: 100% ▕██████████████████▏   77 B                         [K[?25h[?2026l[?2026h[?25l[A[A[A[A[1Gpulling manifest [K
pulling e8ad13eff07a: 100% ▕██████████████████▏ 8.1 GB                         [K
pulling e0a42594d802: 100% ▕██████████████████▏  358 B                         [K
pulling dd084c7d92a3: 100% ▕██████████████████▏ 8.4 KB                         [K
pulling 3116c5225075: 100% ▕██████████████████▏   77 B                         [K[?25h[?2026l[?2026h[?25l[A[A[A[A[1Gpulling manifest [K
pulling e8ad13eff07a: 100% ▕██████████████████▏ 8.1 GB                         [K
pulling e0a42594d802: 100% ▕██████████████████▏  358 B                         [K
pulling dd084c7d92a3: 100% ▕██████████████████▏ 8.4 KB                         [K
pulling 3116c5225075: 100% ▕██████████████████▏   77 B                         [K[?25h[?2026l[?2026h[?25l[A[A[A[A[1Gpulling manifest [K
pulling e8ad13eff07a: 100% ▕██████████████████▏ 8.1 GB                         [K
pulling e0a42594d802: 100% ▕██████████████████▏  358 B                         [K
pulling dd084c7d92a3: 100% ▕██████████████████▏ 8.4 KB                         [K
pulling 3116c5225075: 100% ▕██████████████████▏   77 B                         [K[?25h[?2026l[?2026h[?25l[A[A[A[A[1Gpulling manifest [K
pulling e8ad13eff07a: 100% ▕██████████████████▏ 8.1 GB                         [K
pulling e0a42594d802: 100% ▕██████████████████▏  358 B                         [K
pulling dd084c7d92a3: 100% ▕██████████████████▏ 8.4 KB                         [K
pulling 3116c5225075: 100% ▕██████████████████▏   77 B                         [K
pulling 6819964c2bcf: 100% ▕██████████████████▏  490 B                         [K[?25h[?2026l[?2026h[?25l[A[A[A[A[A[1Gpulling manifest [K
pulling e8ad13eff07a: 100% ▕██████████████████▏ 8.1 GB                         [K
pulling e0a42594d802: 100% ▕██████████████████▏  358 B                         [K
pulling dd084c7d92a3: 100% ▕██████████████████▏ 8.4 KB                         [K
pulling 3116c5225075: 100% ▕██████████████████▏   77 B                         [K
pulling 6819964c2bcf: 100% ▕██████████████████▏  490 B                         [K[?25h[?2026l[?2026h[?25l[A[A[A[A[A[1Gpulling manifest [K
pulling e8ad13eff07a: 100% ▕██████████████████▏ 8.1 GB                         [K
pulling e0a42594d802: 100% ▕██████████████████▏  358 B                         [K
pulling dd084c7d92a3: 100% ▕██████████████████▏ 8.4 KB                         [K
pulling 3116c5225075: 100% ▕██████████████████▏   77 B                         [K
pulling 6819964c2bcf: 100% ▕██████████████████▏  490 B                         [K[?25h[?2026l[?2026h[?25l[A[A[A[A[A[1Gpulling manifest [K
pulling e8ad13eff07a: 100% ▕██████████████████▏ 8.1 GB                         [K
pulling e0a42594d802: 100% ▕██████████████████▏  358 B                         [K
pulling dd084c7d92a3: 100% ▕██████████████████▏ 8.4 KB                         [K
pulling 3116c5225075: 100% ▕██████████████████▏   77 B                         [K
pulling 6819964c2bcf: 100% ▕██████████████████▏  490 B                         [K[?25h[?2026l[?2026h[?25l[A[A[A[A[A[1Gpulling manifest [K
pulling e8ad13eff07a: 100% ▕██████████████████▏ 8.1 GB                         [K
pulling e0a42594d802: 100% ▕██████████████████▏  358 B                         [K
pulling dd084c7d92a3: 100% ▕██████████████████▏ 8.4 KB                         [K
pulling 3116c5225075: 100% ▕██████████████████▏   77 B                         [K
pulling 6819964c2bcf: 100% ▕██████████████████▏  490 B                         [K[?25h[?2026l[?2026h[?25l[A[A[A[A[A[1Gpulling manifest [K
pulling e8ad13eff07a: 100% ▕██████████████████▏ 8.1 GB                         [K
pulling e0a42594d802: 100% ▕██████████████████▏  358 B                         [K
pulling dd084c7d92a3: 100% ▕██████████████████▏ 8.4 KB                         [K
pulling 3116c5225075: 100% ▕██████████████████▏   77 B                         [K
pulling 6819964c2bcf: 100% ▕██████████████████▏  490 B                         [K[?25h[?2026l[?2026h[?25l[A[A[A[A[A[1Gpulling manifest [K
pulling e8ad13eff07a: 100% ▕██████████████████▏ 8.1 GB                         [K
pulling e0a42594d802: 100% ▕██████████████████▏  358 B                         [K
pulling dd084c7d92a3: 100% ▕██████████████████▏ 8.4 KB                         [K
pulling 3116c5225075: 100% ▕██████████████████▏   77 B                         [K
pulling 6819964c2bcf: 100% ▕██████████████████▏  490 B                         [K[?25h[?2026l[?2026h[?25l[A[A[A[A[A[1Gpulling manifest [K
pulling e8ad13eff07a: 100% ▕██████████████████▏ 8.1 GB                         [K
pulling e0a42594d802: 100% ▕██████████████████▏  358 B                         [K
pulling dd084c7d92a3: 100% ▕██████████████████▏ 8.4 KB                         [K
pulling 3116c5225075: 100% ▕██████████████████▏   77 B                         [K
pulling 6819964c2bcf: 100% ▕██████████████████▏  490 B                         [K[?25h[?2026l[?2026h[?25l[A[A[A[A[A[1Gpulling manifest [K
pulling e8ad13eff07a: 100% ▕██████████████████▏ 8.1 GB                         [K
pulling e0a42594d802: 100% ▕██████████████████▏  358 B                         [K
pulling dd084c7d92a3: 100% ▕██████████████████▏ 8.4 KB                         [K
pulling 3116c5225075: 100% ▕██████████████████▏   77 B                         [K
pulling 6819964c2bcf: 100% ▕██████████████████▏  490 B                         [K
verifying sha256 digest ⠋ [K[?25h[?2026l[?2026h[?25l[A[A[A[A[A[A[1Gpulling manifest [K
pulling e8ad13eff07a: 100% ▕██████████████████▏ 8.1 GB                         [K
pulling e0a42594d802: 100% ▕██████████████████▏  358 B                         [K
pulling dd084c7d92a3: 100% ▕██████████████████▏ 8.4 KB                         [K
pulling 3116c5225075: 100% ▕██████████████████▏   77 B                         [K
pulling 6819964c2bcf: 100% ▕██████████████████▏  490 B                         [K
verifying sha256 digest ⠙ [K[?25h[?2026l[?2026h[?25l[A[A[A[A[A[A[1Gpulling manifest [K
pulling e8ad13eff07a: 100% ▕██████████████████▏ 8.1 GB                         [K
pulling e0a42594d802: 100% ▕██████████████████▏  358 B                         [K
pulling dd084c7d92a3: 100% ▕██████████████████▏ 8.4 KB                         [K
pulling 3116c5225075: 100% ▕██████████████████▏   77 B                         [K
pulling 6819964c2bcf: 100% ▕██████████████████▏  490 B                         [K
verifying sha256 digest ⠹ [K[?25h[?2026l[?2026h[?25l[A[A[A[A[A[A[1Gpulling manifest [K
pulling e8ad13eff07a: 100% ▕██████████████████▏ 8.1 GB                         [K
pulling e0a42594d802: 100% ▕██████████████████▏  358 B                         [K
pulling dd084c7d92a3: 100% ▕██████████████████▏ 8.4 KB                         [K
pulling 3116c5225075: 100% ▕██████████████████▏   77 B                         [K
pulling 6819964c2bcf: 100% ▕██████████████████▏  490 B                         [K
verifying sha256 digest ⠸ [K[?25h[?2026l[?2026h[?25l[A[A[A[A[A[A[1Gpulling manifest [K
pulling e8ad13eff07a: 100% ▕██████████████████▏ 8.1 GB                         [K
pulling e0a42594d802: 100% ▕██████████████████▏  358 B                         [K
pulling dd084c7d92a3: 100% ▕██████████████████▏ 8.4 KB                         [K
pulling 3116c5225075: 100% ▕██████████████████▏   77 B                         [K
pulling 6819964c2bcf: 100% ▕██████████████████▏  490 B                         [K
verifying sha256 digest ⠼ [K[?25h[?2026l[?2026h[?25l[A[A[A[A[A[A[1Gpulling manifest [K
pulling e8ad13eff07a: 100% ▕██████████████████▏ 8.1 GB                         [K
pulling e0a42594d802: 100% ▕██████████████████▏  358 B                         [K
pulling dd084c7d92a3: 100% ▕██████████████████▏ 8.4 KB                         [K
pulling 3116c5225075: 100% ▕██████████████████▏   77 B                         [K
pulling 6819964c2bcf: 100% ▕██████████████████▏  490 B                         [K
verifying sha256 digest ⠴ [K[?25h[?2026l[?2026h[?25l[A[A[A[A[A[A[1Gpulling manifest [K
pulling e8ad13eff07a: 100% ▕██████████████████▏ 8.1 GB                         [K
pulling e0a42594d802: 100% ▕██████████████████▏  358 B                         [K
pulling dd084c7d92a3: 100% ▕██████████████████▏ 8.4 KB                         [K
pulling 3116c5225075: 100% ▕██████████████████▏   77 B                         [K
pulling 6819964c2bcf: 100% ▕██████████████████▏  490 B                         [K
verifying sha256 digest ⠦ [K[?25h[?2026l[?2026h[?25l[A[A[A[A[A[A[1Gpulling manifest [K
pulling e8ad13eff07a: 100% ▕██████████████████▏ 8.1 GB                         [K
pulling e0a42594d802: 100% ▕██████████████████▏  358 B                         [K
pulling dd084c7d92a3: 100% ▕██████████████████▏ 8.4 KB                         [K
pulling 3116c5225075: 100% ▕██████████████████▏   77 B                         [K
pulling 6819964c2bcf: 100% ▕██████████████████▏  490 B                         [K
verifying sha256 digest ⠧ [K[?25h[?2026l[?2026h[?25l[A[A[A[A[A[A[1Gpulling manifest [K
pulling e8ad13eff07a: 100% ▕██████████████████▏ 8.1 GB                         [K
pulling e0a42594d802: 100% ▕██████████████████▏  358 B                         [K
pulling dd084c7d92a3: 100% ▕██████████████████▏ 8.4 KB                         [K
pulling 3116c5225075: 100% ▕██████████████████▏   77 B                         [K
pulling 6819964c2bcf: 100% ▕██████████████████▏  490 B                         [K
verifying sha256 digest ⠇ [K[?25h[?2026l[?2026h[?25l[A[A[A[A[A[A[1Gpulling manifest [K
pulling e8ad13eff07a: 100% ▕██████████████████▏ 8.1 GB                         [K
pulling e0a42594d802: 100% ▕██████████████████▏  358 B                         [K
pulling dd084c7d92a3: 100% ▕██████████████████▏ 8.4 KB                         [K
pulling 3116c5225075: 100% ▕██████████████████▏   77 B                         [K
pulling 6819964c2bcf: 100% ▕██████████████████▏  490 B                         [K
verifying sha256 digest ⠏ [K[?25h[?2026l[?2026h[?25l[A[A[A[A[A[A[1Gpulling manifest [K
pulling e8ad13eff07a: 100% ▕██████████████████▏ 8.1 GB                         [K
pulling e0a42594d802: 100% ▕██████████████████▏  358 B                         [K
pulling dd084c7d92a3: 100% ▕██████████████████▏ 8.4 KB                         [K
pulling 3116c5225075: 100% ▕██████████████████▏   77 B                         [K
pulling 6819964c2bcf: 100% ▕██████████████████▏  490 B                         [K
verifying sha256 digest ⠋ [K[?25h[?2026l[?2026h[?25l[A[A[A[A[A[A[1Gpulling manifest [K
pulling e8ad13eff07a: 100% ▕██████████████████▏ 8.1 GB                         [K
pulling e0a42594d802: 100% ▕██████████████████▏  358 B                         [K
pulling dd084c7d92a3: 100% ▕██████████████████▏ 8.4 KB                         [K
pulling 3116c5225075: 100% ▕██████████████████▏   77 B                         [K
pulling 6819964c2bcf: 100% ▕██████████████████▏  490 B                         [K
verifying sha256 digest ⠙ [K[?25h[?2026l[?2026h[?25l[A[A[A[A[A[A[1Gpulling manifest [K
pulling e8ad13eff07a: 100% ▕██████████████████▏ 8.1 GB                         [K
pulling e0a42594d802: 100% ▕██████████████████▏  358 B                         [K
pulling dd084c7d92a3: 100% ▕██████████████████▏ 8.4 KB                         [K
pulling 3116c5225075: 100% ▕██████████████████▏   77 B                         [K
pulling 6819964c2bcf: 100% ▕██████████████████▏  490 B                         [K
verifying sha256 digest ⠹ [K[?25h[?2026l[?2026h[?25l[A[A[A[A[A[A[1Gpulling manifest [K
pulling e8ad13eff07a: 100% ▕██████████████████▏ 8.1 GB                         [K
pulling e0a42594d802: 100% ▕██████████████████▏  358 B                         [K
pulling dd084c7d92a3: 100% ▕██████████████████▏ 8.4 KB                         [K
pulling 3116c5225075: 100% ▕██████████████████▏   77 B                         [K
pulling 6819964c2bcf: 100% ▕██████████████████▏  490 B                         [K
verifying sha256 digest ⠸ [K[?25h[?2026l[?2026h[?25l[A[A[A[A[A[A[1Gpulling manifest [K
pulling e8ad13eff07a: 100% ▕██████████████████▏ 8.1 GB                         [K
pulling e0a42594d802: 100% ▕██████████████████▏  358 B                         [K
pulling dd084c7d92a3: 100% ▕██████████████████▏ 8.4 KB                         [K
pulling 3116c5225075: 100% ▕██████████████████▏   77 B                         [K
pulling 6819964c2bcf: 100% ▕██████████████████▏  490 B                         [K
verifying sha256 digest ⠼ [K[?25h[?2026l[?2026h[?25l[A[A[A[A[A[A[1Gpulling manifest [K
pulling e8ad13eff07a: 100% ▕██████████████████▏ 8.1 GB                         [K
pulling e0a42594d802: 100% ▕██████████████████▏  358 B                         [K
pulling dd084c7d92a3: 100% ▕██████████████████▏ 8.4 KB                         [K
pulling 3116c5225075: 100% ▕██████████████████▏   77 B                         [K
pulling 6819964c2bcf: 100% ▕██████████████████▏  490 B                         [K
verifying sha256 digest ⠴ [K[?25h[?2026l[?2026h[?25l[A[A[A[A[A[A[1Gpulling manifest [K
pulling e8ad13eff07a: 100% ▕██████████████████▏ 8.1 GB                         [K
pulling e0a42594d802: 100% ▕██████████████████▏  358 B                         [K
pulling dd084c7d92a3: 100% ▕██████████████████▏ 8.4 KB                         [K
pulling 3116c5225075: 100% ▕██████████████████▏   77 B                         [K
pulling 6819964c2bcf: 100% ▕██████████████████▏  490 B                         [K
verifying sha256 digest ⠦ [K[?25h[?2026l[?2026h[?25l[A[A[A[A[A[A[1Gpulling manifest [K
pulling e8ad13eff07a: 100% ▕██████████████████▏ 8.1 GB                         [K
pulling e0a42594d802: 100% ▕██████████████████▏  358 B                         [K
pulling dd084c7d92a3: 100% ▕██████████████████▏ 8.4 KB                         [K
pulling 3116c5225075: 100% ▕██████████████████▏   77 B                         [K
pulling 6819964c2bcf: 100% ▕██████████████████▏  490 B                         [K
verifying sha256 digest ⠧ [K[?25h[?2026l[?2026h[?25l[A[A[A[A[A[A[1Gpulling manifest [K
pulling e8ad13eff07a: 100% ▕██████████████████▏ 8.1 GB                         [K
pulling e0a42594d802: 100% ▕██████████████████▏  358 B                         [K
pulling dd084c7d92a3: 100% ▕██████████████████▏ 8.4 KB                         [K
pulling 3116c5225075: 100% ▕██████████████████▏   77 B                         [K
pulling 6819964c2bcf: 100% ▕██████████████████▏  490 B                         [K
verifying sha256 digest ⠇ [K[?25h[?2026l[?2026h[?25l[A[A[A[A[A[A[1Gpulling manifest [K
pulling e8ad13eff07a: 100% ▕██████████████████▏ 8.1 GB                         [K
pulling e0a42594d802: 100% ▕██████████████████▏  358 B                         [K
pulling dd084c7d92a3: 100% ▕██████████████████▏ 8.4 KB                         [K
pulling 3116c5225075: 100% ▕██████████████████▏   77 B                         [K
pulling 6819964c2bcf: 100% ▕██████████████████▏  490 B                         [K
verifying sha256 digest ⠏ [K[?25h[?2026l[?2026h[?25l[A[A[A[A[A[A[1Gpulling manifest [K
pulling e8ad13eff07a: 100% ▕██████████████████▏ 8.1 GB                         [K
pulling e0a42594d802: 100% ▕██████████████████▏  358 B                         [K
pulling dd084c7d92a3: 100% ▕██████████████████▏ 8.4 KB                         [K
pulling 3116c5225075: 100% ▕██████████████████▏   77 B                         [K
pulling 6819964c2bcf: 100% ▕██████████████████▏  490 B                         [K
verifying sha256 digest ⠋ [K[?25h[?2026l[?2026h[?25l[A[A[A[A[A[A[1Gpulling manifest [K
pulling e8ad13eff07a: 100% ▕██████████████████▏ 8.1 GB                         [K
pulling e0a42594d802: 100% ▕██████████████████▏  358 B                         [K
pulling dd084c7d92a3: 100% ▕██████████████████▏ 8.4 KB                         [K
pulling 3116c5225075: 100% ▕██████████████████▏   77 B                         [K
pulling 6819964c2bcf: 100% ▕██████████████████▏  490 B                         [K
verifying sha256 digest ⠙ [K[?25h[?2026l[?2026h[?25l[A[A[A[A[A[A[1Gpulling manifest [K
pulling e8ad13eff07a: 100% ▕██████████████████▏ 8.1 GB                         [K
pulling e0a42594d802: 100% ▕██████████████████▏  358 B                         [K
pulling dd084c7d92a3: 100% ▕██████████████████▏ 8.4 KB                         [K
pulling 3116c5225075: 100% ▕██████████████████▏   77 B                         [K
pulling 6819964c2bcf: 100% ▕██████████████████▏  490 B                         [K
verifying sha256 digest ⠹ [K[?25h[?2026l[?2026h[?25l[A[A[A[A[A[A[1Gpulling manifest [K
pulling e8ad13eff07a: 100% ▕██████████████████▏ 8.1 GB                         [K
pulling e0a42594d802: 100% ▕██████████████████▏  358 B                         [K
pulling dd084c7d92a3: 100% ▕██████████████████▏ 8.4 KB                         [K
pulling 3116c5225075: 100% ▕██████████████████▏   77 B                         [K
pulling 6819964c2bcf: 100% ▕██████████████████▏  490 B                         [K
verifying sha256 digest ⠸ [K[?25h[?2026l[?2026h[?25l[A[A[A[A[A[A[1Gpulling manifest [K
pulling e8ad13eff07a: 100% ▕██████████████████▏ 8.1 GB                         [K
pulling e0a42594d802: 100% ▕██████████████████▏  358 B                         [K
pulling dd084c7d92a3: 100% ▕██████████████████▏ 8.4 KB                         [K
pulling 3116c5225075: 100% ▕██████████████████▏   77 B                         [K
pulling 6819964c2bcf: 100% ▕██████████████████▏  490 B                         [K
verifying sha256 digest ⠼ [K[?25h[?2026l[?2026h[?25l[A[A[A[A[A[A[1Gpulling manifest [K
pulling e8ad13eff07a: 100% ▕██████████████████▏ 8.1 GB                         [K
pulling e0a42594d802: 100% ▕██████████████████▏  358 B                         [K
pulling dd084c7d92a3: 100% ▕██████████████████▏ 8.4 KB                         [K
pulling 3116c5225075: 100% ▕██████████████████▏   77 B                         [K
pulling 6819964c2bcf: 100% ▕██████████████████▏  490 B                         [K
verifying sha256 digest ⠴ [K[?25h[?2026l[?2026h[?25l[A[A[A[A[A[A[1Gpulling manifest [K
pulling e8ad13eff07a: 100% ▕██████████████████▏ 8.1 GB                         [K
pulling e0a42594d802: 100% ▕██████████████████▏  358 B                         [K
pulling dd084c7d92a3: 100% ▕██████████████████▏ 8.4 KB                         [K
pulling 3116c5225075: 100% ▕██████████████████▏   77 B                         [K
pulling 6819964c2bcf: 100% ▕██████████████████▏  490 B                         [K
verifying sha256 digest ⠦ [K[?25h[?2026l[?2026h[?25l[A[A[A[A[A[A[1Gpulling manifest [K
pulling e8ad13eff07a: 100% ▕██████████████████▏ 8.1 GB                         [K
pulling e0a42594d802: 100% ▕██████████████████▏  358 B                         [K
pulling dd084c7d92a3: 100% ▕██████████████████▏ 8.4 KB                         [K
pulling 3116c5225075: 100% ▕██████████████████▏   77 B                         [K
pulling 6819964c2bcf: 100% ▕██████████████████▏  490 B                         [K
verifying sha256 digest ⠧ [K[?25h[?2026l[?2026h[?25l[A[A[A[A[A[A[1Gpulling manifest [K
pulling e8ad13eff07a: 100% ▕██████████████████▏ 8.1 GB                         [K
pulling e0a42594d802: 100% ▕██████████████████▏  358 B                         [K
pulling dd084c7d92a3: 100% ▕██████████████████▏ 8.4 KB                         [K
pulling 3116c5225075: 100% ▕██████████████████▏   77 B                         [K
pulling 6819964c2bcf: 100% ▕██████████████████▏  490 B                         [K
verifying sha256 digest ⠇ [K[?25h[?2026l[?2026h[?25l[A[A[A[A[A[A[1Gpulling manifest [K
pulling e8ad13eff07a: 100% ▕██████████████████▏ 8.1 GB                         [K
pulling e0a42594d802: 100% ▕██████████████████▏  358 B                         [K
pulling dd084c7d92a3: 100% ▕██████████████████▏ 8.4 KB                         [K
pulling 3116c5225075: 100% ▕██████████████████▏   77 B                         [K
pulling 6819964c2bcf: 100% ▕██████████████████▏  490 B                         [K
verifying sha256 digest ⠏ [K[?25h[?2026l[?2026h[?25l[A[A[A[A[A[A[1Gpulling manifest [K
pulling e8ad13eff07a: 100% ▕██████████████████▏ 8.1 GB                         [K
pulling e0a42594d802: 100% ▕██████████████████▏  358 B                         [K
pulling dd084c7d92a3: 100% ▕██████████████████▏ 8.4 KB                         [K
pulling 3116c5225075: 100% ▕██████████████████▏   77 B                         [K
pulling 6819964c2bcf: 100% ▕██████████████████▏  490 B                         [K
verifying sha256 digest ⠋ [K[?25h[?2026l[?2026h[?25l[A[A[A[A[A[A[1Gpulling manifest [K
pulling e8ad13eff07a: 100% ▕██████████████████▏ 8.1 GB                         [K
pulling e0a42594d802: 100% ▕██████████████████▏  358 B                         [K
pulling dd084c7d92a3: 100% ▕██████████████████▏ 8.4 KB                         [K
pulling 3116c5225075: 100% ▕██████████████████▏   77 B                         [K
pulling 6819964c2bcf: 100% ▕██████████████████▏  490 B                         [K
verifying sha256 digest [K
writing manifest [K
success [K[?25h[?2026l
OK gemma3:12b
=== pull llama3.1:8b @ 17:15:51 ===
[?2026h[?25l[1Gpulling manifest ⠙ [K[?25h[?2026l[?2026h[?25l[1Gpulling manifest ⠹ [K[?25h[?2026l[?2026h[?25l[1Gpulling manifest ⠹ [K[?25h[?2026l[?2026h[?25l[1Gpulling manifest ⠼ [K[?25h[?2026l[?2026h[?25l[1Gpulling manifest ⠴ [K[?25h[?2026l[?2026h[?25l[1Gpulling manifest ⠦ [K[?25h[?2026l[?2026h[?25l[1Gpulling manifest ⠦ [K[?25h[?2026l[?2026h[?25l[1Gpulling manifest ⠇ [K[?25h[?2026l[?2026h[?25l[1Gpulling manifest ⠇ [K[?25h[?2026l[?2026h[?25l[1Gpulling manifest ⠏ [K[?25h[?2026l[?2026h[?25l[1Gpulling manifest ⠋ [K[?25h[?2026l[?2026h[?25l[1Gpulling manifest [K
pulling 667b0c1932bc:   0% ▕                  ▏ 2.7 MB/4.9 GB                  [K[?25h[?2026l[?2026h[?25l[A[1Gpulling manifest [K
pulling 667b0c1932bc:   0% ▕                  ▏  10 MB/4.9 GB                  [K[?25h[?2026l[?2026h[?25l[A[1Gpulling manifest [K
pulling 667b0c1932bc:   0% ▕                  ▏  16 MB/4.9 GB                  [K[?25h[?2026l[?2026h[?25l[A[1Gpulling manifest [K
pulling 667b0c1932bc:   1% ▕                  ▏  34 MB/4.9 GB                  [K[?25h[?2026l[?2026h[?25l[A[1Gpulling manifest [K
pulling 667b0c1932bc:   1% ▕                  ▏  45 MB/4.9 GB                  [K[?25h[?2026l[?2026h[?25l[A[1Gpulling manifest [K
pulling 667b0c1932bc:   1% ▕                  ▏  50 MB/4.9 GB                  [K[?25h[?2026l[?2026h[?25l[A[1Gpulling manifest [K
pulling 667b0c1932bc:   1% ▕                  ▏  66 MB/4.9 GB                  [K[?25h[?2026l[?2026h[?25l[A[1Gpulling manifest [K
pulling 667b0c1932bc:   1% ▕                  ▏  73 MB/4.9 GB                  [K[?25h[?2026l[?2026h[?25l[A[1Gpulling manifest [K
pulling 667b0c1932bc:   2% ▕                  ▏  79 MB/4.9 GB                  [K[?25h[?2026l[?2026h[?25l[A[1Gpulling manifest [K
pulling 667b0c1932bc:   2% ▕                  ▏  97 MB/4.9 GB                  [K[?25h[?2026l[?2026h[?25l[A[1Gpulling manifest [K
pulling 667b0c1932bc:   2% ▕                  ▏ 109 MB/4.9 GB  105 MB/s     45s[K[?25h[?2026l[?2026h[?25l[A[1Gpulling manifest [K
pulling 667b0c1932bc:   2% ▕                  ▏ 109 MB/4.9 GB  105 MB/s     45s[K[?25h[?2026l[?2026h[?25l[A[1Gpulling manifest [K
pulling 667b0c1932bc:   3% ▕                  ▏ 127 MB/4.9 GB  105 MB/s     45s[K[?25h[?2026l[?2026h[?25l[A[1Gpulling manifest [K
pulling 667b0c1932bc:   3% ▕                  ▏ 141 MB/4.9 GB  105 MB/s     45s[K[?25h[?2026l[?2026h[?25l[A[1Gpulling manifest [K
pulling 667b0c1932bc:   3% ▕                  ▏ 149 MB/4.9 GB  105 MB/s     45s[K[?25h[?2026l[?2026h[?25l[A[1Gpulling manifest [K
pulling 667b0c1932bc:   3% ▕                  ▏ 162 MB/4.9 GB  105 MB/s     45s[K[?25h[?2026l[?2026h[?25l[A[1Gpulling manifest [K
pulling 667b0c1932bc:   4% ▕                  ▏ 178 MB/4.9 GB  105 MB/s     45s[K[?25h[?2026l[?2026h[?25l[A[1Gpulling manifest [K
pulling 667b0c1932bc:   4% ▕                  ▏ 187 MB/4.9 GB  105 MB/s     45s[K[?25h[?2026l[?2026h[?25l[A[1Gpulling manifest [K
pulling 667b0c1932bc:   4% ▕                  ▏ 205 MB/4.9 GB  105 MB/s     44s[K[?25h[?2026l[?2026h[?25l[A[1Gpulling manifest [K
pulling 667b0c1932bc:   5% ▕                  ▏ 222 MB/4.9 GB  105 MB/s     44s[K[?25h[?2026l[?2026h[?25l[A[1Gpulling manifest [K
pulling 667b0c1932bc:   5% ▕                  ▏ 229 MB/4.9 GB  114 MB/s     40s[K[?25h[?2026l[?2026h[?25l[A[1Gpulling manifest [K
pulling 667b0c1932bc:   5% ▕                  ▏ 243 MB/4.9 GB  114 MB/s     40s[K[?25h[?2026l[?2026h[?25l[A[1Gpulling manifest [K
pulling 667b0c1932bc:   5% ▕                  ▏ 258 MB/4.9 GB  114 MB/s     40s[K[?25h[?2026l[?2026h[?25l[A[1Gpulling manifest [K
pulling 667b0c1932bc:   5% ▕                  ▏ 262 MB/4.9 GB  114 MB/s     40s[K[?25h[?2026l[?2026h[?25l[A[1Gpulling manifest [K
pulling 667b0c1932bc:   6% ▕█                 ▏ 285 MB/4.9 GB  114 MB/s     40s[K[?25h[?2026l[?2026h[?25l[A[1Gpulling manifest [K
pulling 667b0c1932bc:   6% ▕█                 ▏ 300 MB/4.9 GB  114 MB/s     40s[K[?25h[?2026l[?2026h[?25l[A[1Gpulling manifest [K
pulling 667b0c1932bc:   6% ▕█                 ▏ 308 MB/4.9 GB  114 MB/s     40s[K[?25h[?2026l[?2026h[?25l[A[1Gpulling manifest [K
pulling 667b0c1932bc:   6% ▕█                 ▏ 313 MB/4.9 GB  114 MB/s     40s[K[?25h[?2026l[?2026h[?25l[A[1Gpulling manifest [K
pulling 667b0c1932bc:   7% ▕█                 ▏ 334 MB/4.9 GB  114 MB/s     39s[K[?25h[?2026l[?2026h[?25l[A[1Gpulling manifest [K
pulling 667b0c1932bc:   7% ▕█                 ▏ 335 MB/4.9 GB  114 MB/s     39s[K[?25h[?2026l[?2026h[?25l[A[1Gpulling manifest [K
pulling 667b0c1932bc:   7% ▕█                 ▏ 352 MB/4.9 GB  117 MB/s     38s[K[?25h[?2026l[?2026h[?25l[A[1Gpulling manifest [K
pulling 667b0c1932bc:   7% ▕█                 ▏ 363 MB/4.9 GB  117 MB/s     38s[K[?25h[?2026l[?2026h[?25l[A[1Gpulling manifest [K
pulling 667b0c1932bc:   8% ▕█                 ▏ 373 MB/4.9 GB  117 MB/s     38s[K[?25h[?2026l[?2026h[?25l[A[1Gpulling manifest [K
pulling 667b0c1932bc:   8% ▕█                 ▏ 379 MB/4.9 GB  117 MB/s     38s[K[?25h[?2026l[?2026h[?25l[A[1Gpulling manifest [K
pulling 667b0c1932bc:   8% ▕█                 ▏ 394 MB/4.9 GB  117 MB/s     38s[K[?25h[?2026l[?2026h[?25l[A[1Gpulling manifest [K
pulling 667b0c1932bc:   8% ▕█                 ▏ 397 MB/4.9 GB  117 MB/s     38s[K[?25h[?2026l[?2026h[?25l[A[1Gpulling manifest [K
pulling 667b0c1932bc:   8% ▕█                 ▏ 407 MB/4.9 GB  117 MB/s     38s[K[?25h[?2026l[?2026h[?25l[A[1Gpulling manifest [K
pulling 667b0c1932bc:   9% ▕█                 ▏ 424 MB/4.9 GB  117 MB/s     38s[K[?25h[?2026l[?2026h[?25l[A[1Gpulling manifest [K
pulling 667b0c1932bc:   9% ▕█                 ▏ 429 MB/4.9 GB  117 MB/s     38s[K[?25h[?2026l[?2026h[?25l[A[1Gpulling manifest [K
pulling 667b0c1932bc:   9% ▕█                 ▏ 440 MB/4.9 GB  117 MB/s     38s[K[?25h[?2026l[?2026h[?25l[A[1Gpulling manifest [K
pulling 667b0c1932bc:   9% ▕█                 ▏ 454 MB/4.9 GB  113 MB/s     39s[K[?25h[?2026l[?2026h[?25l[A[1Gpulling manifest [K
pulling 667b0c1932bc:   9% ▕█                 ▏ 462 MB/4.9 GB  113 MB/s     39s[K[?25h[?2026l[?2026h[?25l[A[1Gpulling manifest [K
pulling 667b0c1932bc:  10% ▕█                 ▏ 475 MB/4.9 GB  113 MB/s     39s[K[?25h[?2026l[?2026h[?25l[A[1Gpulling manifest [K
pulling 667b0c1932bc:  10% ▕█                 ▏ 482 MB/4.9 GB  113 MB/s     39s[K[?25h[?2026l[?2026h[?25l[A[1Gpulling manifest [K
pulling 667b0c1932bc:  10% ▕█                 ▏ 495 MB/4.9 GB  113 MB/s     38s[K[?25h[?2026l[?2026h[?25l[A[1Gpulling manifest [K
pulling 667b0c1932bc:  10% ▕█                 ▏ 508 MB/4.9 GB  113 MB/s     38s[K[?25h[?2026l[?2026h[?25l[A[1Gpulling manifest [K
pulling 667b0c1932bc:  11% ▕█                 ▏ 520 MB/4.9 GB  113 MB/s     38s[K[?25h[?2026l[?2026h[?25l[A[1Gpulling manifest [K
pulling 667b0c1932bc:  11% ▕█                 ▏ 529 MB/4.9 GB  113 MB/s     38s[K[?25h[?2026l[?2026h[?25l[A[1Gpulling manifest [K
pulling 667b0c1932bc:  11% ▕█                 ▏ 544 MB/4.9 GB  113 MB/s     38s[K[?25h[?2026l[?2026h[?25l[A[1Gpulling manifest [K
pulling 667b0c1932bc:  11% ▕██                ▏ 552 MB/4.9 GB  113 MB/s     38s[K[?25h[?2026l[?2026h[?25l[A[1Gpulling manifest [K
pulling 667b0c1932bc:  11% ▕██                ▏ 565 MB/4.9 GB  113 MB/s     38s[K[?25h[?2026l[?2026h[?25l[A[1Gpulling manifest [K
pulling 667b0c1932bc:  12% ▕██                ▏ 585 MB/4.9 GB  115 MB/s     37s[K[?25h[?2026l[?2026h[?25l[A[1Gpulling manifest [K
pulling 667b0c1932bc:  12% ▕██                ▏ 601 MB/4.9 GB  115 MB/s     37s[K[?25h[?2026l[?2026h[?25l[A[1Gpulling manifest [K
pulling 667b0c1932bc:  12% ▕██                ▏ 608 MB/4.9 GB  115 MB/s     37s[K[?25h[?2026l[?2026h[?25l[A[1Gpulling manifest [K
pulling 667b0c1932bc:  13% ▕██                ▏ 625 MB/4.9 GB  115 MB/s     37s[K[?25h[?2026l[?2026h[?25l[A[1Gpulling manifest [K
pulling 667b0c1932bc:  13% ▕██                ▏ 641 MB/4.9 GB  115 MB/s     37s[K[?25h[?2026l[?2026h[?25l[A[1Gpulling manifest [K
pulling 667b0c1932bc:  13% ▕██                ▏ 649 MB/4.9 GB  115 MB/s     36s[K[?25h[?2026l[?2026h[?25l[A[1Gpulling manifest [K
pulling 667b0c1932bc:  13% ▕██                ▏ 664 MB/4.9 GB  115 MB/s     36s[K[?25h[?2026l[?2026h[?25l[A[1Gpulling manifest [K
pulling 667b0c1932bc:  14% ▕██                ▏ 680 MB/4.9 GB  115 MB/s     36s[K[?25h[?2026l[?2026h[?25l[A[1Gpulling manifest [K
pulling 667b0c1932bc:  14% ▕██                ▏ 689 MB/4.9 GB  115 MB/s     36s[K[?25h[?2026l[?2026h[?25l[A[1Gpulling manifest [K
pulling 667b0c1932bc:  14% ▕██                ▏ 706 MB/4.9 GB  115 MB/s     36s[K[?25h[?2026l[?2026h[?25l[A[1Gpulling manifest [K
pulling 667b0c1932bc:  15% ▕██                ▏ 715 MB/4.9 GB  119 MB/s     35s[K[?25h[?2026l[?2026h[?25l[A[1Gpulling manifest [K
pulling 667b0c1932bc:  15% ▕██                ▏ 724 MB/4.9 GB  119 MB/s     35s[K[?25h[?2026l[?2026h[?25l[A[1Gpulling manifest [K
pulling 667b0c1932bc:  15% ▕██                ▏ 741 MB/4.9 GB  119 MB/s     35s[K[?25h[?2026l[?2026h[?25l[A[1Gpulling manifest [K
pulling 667b0c1932bc:  15% ▕██                ▏ 744 MB/4.9 GB  119 MB/s     35s[K[?25h[?2026l[?2026h[?25l[A[1Gpulling manifest [K
pulling 667b0c1932bc:  15% ▕██                ▏ 759 MB/4.9 GB  119 MB/s     34s[K[?25h[?2026l[?2026h[?25l[A[1Gpulling manifest [K
pulling 667b0c1932bc:  16% ▕██                ▏ 770 MB/4.9 GB  119 MB/s     34s[K[?25h[?2026l[?2026h[?25l[A[1Gpulling manifest [K
pulling 667b0c1932bc:  16% ▕██                ▏ 783 MB/4.9 GB  119 MB/s     34s[K[?25h[?2026l[?2026h[?25l[A[1Gpulling manifest [K
pulling 667b0c1932bc:  16% ▕██                ▏ 789 MB/4.9 GB  119 MB/s     34s[K[?25h[?2026l[?2026h[?25l[A[1Gpulling manifest [K
pulling 667b0c1932bc:  16% ▕██                ▏ 797 MB/4.9 GB  119 MB/s     34s[K[?25h[?2026l[?2026h[?25l[A[1Gpulling manifest [K
pulling 667b0c1932bc:  17% ▕██                ▏ 814 MB/4.9 GB  119 MB/s     34s[K[?25h[?2026l[?2026h[?25l[A[1Gpulling manifest [K
pulling 667b0c1932bc:  17% ▕██                ▏ 815 MB/4.9 GB  116 MB/s     35s[K[?25h[?2026l[?2026h[?25l[A[1Gpulling manifest [K
pulling 667b0c1932bc:  17% ▕███               ▏ 823 MB/4.9 GB  116 MB/s     35s[K[?25h[?2026l[?2026h[?25l[A[1Gpulling manifest [K
pulling 667b0c1932bc:  17% ▕███               ▏ 835 MB/4.9 GB  116 MB/s     35s[K[?25h[?2026l[?2026h[?25l[A[1Gpulling manifest [K
pulling 667b0c1932bc:  17% ▕███               ▏ 848 MB/4.9 GB  116 MB/s     34s[K[?25h[?2026l[?2026h[?25l[A[1Gpulling manifest [K
pulling 667b0c1932bc:  18% ▕███               ▏ 866 MB/4.9 GB  116 MB/s     34s[K[?25h[?2026l[?2026h[?25l[A[1Gpulling manifest [K
pulling 667b0c1932bc:  18% ▕███               ▏ 875 MB/4.9 GB  116 MB/s     34s[K[?25h[?2026l[?2026h[?25l[A[1Gpulling manifest [K
pulling 667b0c1932bc:  18% ▕███               ▏ 891 MB/4.9 GB  116 MB/s     34s[K[?25h[?2026l[?2026h[?25l[A[1Gpulling manifest [K
pulling 667b0c1932bc:  18% ▕███               ▏ 907 MB/4.9 GB  116 MB/s     34s[K[?25h[?2026l[?2026h[?25l[A[1Gpulling manifest [K
pulling 667b0c1932bc:  19% ▕███               ▏ 918 MB/4.9 GB  116 MB/s     34s[K[?25h[?2026l[?2026h[?25l[A[1Gpulling manifest [K
pulling 667b0c1932bc:  19% ▕███               ▏ 921 MB/4.9 GB  116 MB/s     34s[K[?25h[?2026l[?2026h[?25l[A[1Gpulling manifest [K
pulling 667b0c1932bc:  19% ▕███               ▏ 947 MB/4.9 GB  118 MB/s     33s[K[?25h[?2026l[?2026h[?25l[A[1Gpulling manifest [K
pulling 667b0c1932bc:  19% ▕███               ▏ 955 MB/4.9 GB  118 MB/s     33s[K[?25h[?2026l[?2026h[?25l[A[1Gpulling manifest [K
pulling 667b0c1932bc:  19% ▕███               ▏ 957 MB/4.9 GB  118 MB/s     33s[K[?25h[?2026l[?2026h[?25l[A[1Gpulling manifest [K
pulling 667b0c1932bc:  19% ▕███               ▏ 959 MB/4.9 GB  118 MB/s     33s[K[?25h[?2026l[?2026h[?25l[A[1Gpulling manifest [K
pulling 667b0c1932bc:  20% ▕███               ▏ 977 MB/4.9 GB  118 MB/s     33s[K[?25h[?2026l[?2026h[?25l[A[1Gpulling manifest [K
pulling 667b0c1932bc:  20% ▕███               ▏ 994 MB/4.9 GB  118 MB/s     33s[K[?25h[?2026l[?2026h[?25l[A[1Gpulling manifest [K
pulling 667b0c1932bc:  21% ▕███               ▏ 1.0 GB/4.9 GB  118 MB/s     32s[K[?25h[?2026l[?2026h[?25l[A[1Gpulling manifest [K
pulling 667b0c1932bc:  21% ▕███               ▏ 1.0 GB/4.9 GB  118 MB/s     32s[K[?25h[?2026l[?2026h[?25l[A[1Gpulling manifest [K
pulling 667b0c1932bc:  21% ▕███               ▏ 1.0 GB/4.9 GB  118 MB/s     32s[K[?25h[?2026l[?2026h[?25l[A[1Gpulling manifest [K
pulling 667b0c1932bc:  21% ▕███               ▏ 1.1 GB/4.9 GB  118 MB/s     32s[K[?25h[?2026l[?2026h[?25l[A[1Gpulling manifest [K
pulling 667b0c1932bc:  22% ▕███               ▏ 1.1 GB/4.9 GB  118 MB/s     32s[K[?25h[?2026l[?2026h[?25l[A[1Gpulling manifest [K
pulling 667b0c1932bc:  22% ▕███               ▏ 1.1 GB/4.9 GB  118 MB/s     32s[K[?25h[?2026l[?2026h[?25l[A[1Gpulling manifest [K
pulling 667b0c1932bc:  22% ▕███               ▏ 1.1 GB/4.9 GB  118 MB/s     32s[K[?25h[?2026l[?2026h[?25l[A[1Gpulling manifest [K
pulling 667b0c1932bc:  22% ▕████              ▏ 1.1 GB/4.9 GB  118 MB/s     32s[K[?25h[?2026l[?2026h[?25l[A[1Gpulling manifest [K
pulling 667b0c1932bc:  22% ▕████              ▏ 1.1 GB/4.9 GB  118 MB/s     32s[K[?25h[?2026l[?2026h[?25l[A[1Gpulling manifest [K
pulling 667b0c1932bc:  23% ▕████              ▏ 1.1 GB/4.9 GB  118 MB/s     32s[K[?25h[?2026l[?2026h[?25l[A[1Gpulling manifest [K
pulling 667b0c1932bc:  23% ▕████              ▏ 1.1 GB/4.9 GB  118 MB/s     31s[K[?25h[?2026l[?2026h[?25l[A[1Gpulling manifest [K
pulling 667b0c1932bc:  23% ▕████              ▏ 1.1 GB/4.9 GB  118 MB/s     31s[K[?25h[?2026l[?2026h[?25l[A[1Gpulling manifest [K
pulling 667b0c1932bc:  23% ▕████              ▏ 1.2 GB/4.9 GB  118 MB/s     31s[K[?25h[?2026l[?2026h[?25l[A[1Gpulling manifest [K
pulling 667b0c1932bc:  24% ▕████              ▏ 1.2 GB/4.9 GB  118 MB/s     31s[K[?25h[?2026l[?2026h[?25l[A[1Gpulling manifest [K
pulling 667b0c1932bc:  24% ▕████              ▏ 1.2 GB/4.9 GB  118 MB/s     31s[K[?25h[?2026l[?2026h[?25l[A[1Gpulling manifest [K
pulling 667b0c1932bc:  24% ▕████              ▏ 1.2 GB/4.9 GB  119 MB/s     31s[K[?25h[?2026l[?2026h[?25l[A[1Gpulling manifest [K
pulling 667b0c1932bc:  24% ▕████              ▏ 1.2 GB/4.9 GB  119 MB/s     31s[K[?25h[?2026l[?2026h[?25l[A[1Gpulling manifest [K
pulling 667b0c1932bc:  24% ▕████              ▏ 1.2 GB/4.9 GB  119 MB/s     31s[K[?25h[?2026l[?2026h[?25l[A[1Gpulling manifest [K
pulling 667b0c1932bc:  25% ▕████              ▏ 1.2 GB/4.9 GB  119 MB/s     31s[K[?25h[?2026l[?2026h[?25l[A[1Gpulling manifest [K
pulling 667b0c1932bc:  25% ▕████              ▏ 1.2 GB/4.9 GB  119 MB/s     30s[K[?25h[?2026l[?2026h[?25l[A[1Gpulling manifest [K
pulling 667b0c1932bc:  25% ▕████              ▏ 1.2 GB/4.9 GB  119 MB/s     30s[K[?25h[?2026l[?2026h[?25l[A[1Gpulling manifest [K
pulling 667b0c1932bc:  25% ▕████              ▏ 1.3 GB/4.9 GB  119 MB/s     30s[K[?25h[?2026l[?2026h[?25l[A[1Gpulling manifest [K
pulling 667b0c1932bc:  26% ▕████              ▏ 1.3 GB/4.9 GB  119 MB/s     30s[K[?25h[?2026l[?2026h[?25l[A[1Gpulling manifest [K
pulling 667b0c1932bc:  26% ▕████              ▏ 1.3 GB/4.9 GB  119 MB/s     30s[K[?25h[?2026l[?2026h[?25l[A[1Gpulling manifest [K
pulling 667b0c1932bc:  26% ▕████              ▏ 1.3 GB/4.9 GB  119 MB/s     30s[K[?25h[?2026l[?2026h[?25l[A[1Gpulling manifest [K
pulling 667b0c1932bc:  27% ▕████              ▏ 1.3 GB/4.9 GB  118 MB/s     30s[K[?25h[?2026l[?2026h[?25l[A[1Gpulling manifest [K
pulling 667b0c1932bc:  27% ▕████              ▏ 1.3 GB/4.9 GB  118 MB/s     30s[K[?25h[?2026l[?2026h[?25l[A[1Gpulling manifest [K
pulling 667b0c1932bc:  27% ▕████              ▏ 1.3 GB/4.9 GB  118 MB/s     30s[K[?25h[?2026l[?2026h[?25l[A[1Gpulling manifest [K
pulling 667b0c1932bc:  27% ▕████              ▏ 1.3 GB/4.9 GB  118 MB/s     30s[K[?25h[?2026l[?2026h[?25l[A[1Gpulling manifest [K
pulling 667b0c1932bc:  27% ▕████              ▏ 1.3 GB/4.9 GB  118 MB/s     30s[K[?25h[?2026l[?2026h[?25l[A[1Gpulling manifest [K
pulling 667b0c1932bc:  28% ▕████              ▏ 1.4 GB/4.9 GB  118 MB/s     30s[K[?25h[?2026l[?2026h[?25l[A[1Gpulling manifest [K
pulling 667b0c1932bc:  28% ▕█████             ▏ 1.4 GB/4.9 GB  118 MB/s     29s[K[?25h[?2026l[?2026h[?25l[A[1Gpulling manifest [K
pulling 667b0c1932bc:  28% ▕█████             ▏ 1.4 GB/4.9 GB  118 MB/s     29s[K[?25h[?2026l[?2026h[?25l[A[1Gpulling manifest [K
pulling 667b0c1932bc:  28% ▕█████             ▏ 1.4 GB/4.9 GB  118 MB/s     29s[K[?25h[?2026l[?2026h[?25l[A[1Gpulling manifest [K
pulling 667b0c1932bc:  29% ▕█████             ▏ 1.4 GB/4.9 GB  118 MB/s     29s[K[?25h[?2026l[?2026h[?25l[A[1Gpulling manifest [K
pulling 667b0c1932bc:  29% ▕█████             ▏ 1.4 GB/4.9 GB  118 MB/s     29s[K[?25h[?2026l[?2026h[?25l[A[1Gpulling manifest [K
pulling 667b0c1932bc:  29% ▕█████             ▏ 1.4 GB/4.9 GB  118 MB/s     29s[K[?25h[?2026l[?2026h[?25l[A[1Gpulling manifest [K
pulling 667b0c1932bc:  30% ▕█████             ▏ 1.5 GB/4.9 GB  118 MB/s     29s[K[?25h[?2026l[?2026h[?25l[A[1Gpulling manifest [K
pulling 667b0c1932bc:  30% ▕█████             ▏ 1.5 GB/4.9 GB  118 MB/s     29s[K[?25h[?2026l[?2026h[?25l[A[1Gpulling manifest [K
pulling 667b0c1932bc:  30% ▕█████             ▏ 1.5 GB/4.9 GB  118 MB/s     28s[K[?25h[?2026l[?2026h[?25l[A[1Gpulling manifest [K
pulling 667b0c1932bc:  30% ▕█████             ▏ 1.5 GB/4.9 GB  118 MB/s     28s[K[?25h[?2026l[?2026h[?25l[A[1Gpulling manifest [K
pulling 667b0c1932bc:  31% ▕█████             ▏ 1.5 GB/4.9 GB  118 MB/s     28s[K[?25h[?2026l[?2026h[?25l[A[1Gpulling manifest [K
pulling 667b0c1932bc:  31% ▕█████             ▏ 1.5 GB/4.9 GB  118 MB/s     28s[K[?25h[?2026l[?2026h[?25l[A[1Gpulling manifest [K
pulling 667b0c1932bc:  31% ▕█████             ▏ 1.5 GB/4.9 GB  118 MB/s     28s[K[?25h[?2026l[?2026h[?25l[A[1Gpulling manifest [K
pulling 667b0c1932bc:  31% ▕█████             ▏ 1.5 GB/4.9 GB  118 MB/s     28s[K[?25h[?2026l[?2026h[?25l[A[1Gpulling manifest [K
pulling 667b0c1932bc:  31% ▕█████             ▏ 1.5 GB/4.9 GB  120 MB/s     27s[K[?25h[?2026l[?2026h[?25l[A[1Gpulling manifest [K
pulling 667b0c1932bc:  32% ▕█████             ▏ 1.6 GB/4.9 GB  120 MB/s     27s[K[?25h[?2026l[?2026h[?25l[A[1Gpulling manifest [K
pulling 667b0c1932bc:  32% ▕█████             ▏ 1.6 GB/4.9 GB  120 MB/s     27s[K[?25h[?2026l[?2026h[?25l[A[1Gpulling manifest [K
pulling 667b0c1932bc:  32% ▕█████             ▏ 1.6 GB/4.9 GB  120 MB/s     27s[K[?25h[?2026l[?2026h[?25l[A[1Gpulling manifest [K
pulling 667b0c1932bc:  32% ▕█████             ▏ 1.6 GB/4.9 GB  120 MB/s     27s[K[?25h[?2026l[?2026h[?25l[A[1Gpulling manifest [K
pulling 667b0c1932bc:  32% ▕█████             ▏ 1.6 GB/4.9 GB  120 MB/s     27s[K[?25h[?2026l[?2026h[?25l[A[1Gpulling manifest [K
pulling 667b0c1932bc:  32% ▕█████             ▏ 1.6 GB/4.9 GB  120 MB/s     27s[K[?25h[?2026l[?2026h[?25l[A[1Gpulling manifest [K
pulling 667b0c1932bc:  33% ▕█████             ▏ 1.6 GB/4.9 GB  120 MB/s     27s[K[?25h[?2026l[?2026h[?25l[A[1Gpulling manifest [K
pulling 667b0c1932bc:  33% ▕█████             ▏ 1.6 GB/4.9 GB  120 MB/s     27s[K[?25h[?2026l[?2026h[?25l[A[1Gpulling manifest [K
pulling 667b0c1932bc:  33% ▕█████             ▏ 1.6 GB/4.9 GB  120 MB/s     27s[K[?25h[?2026l[?2026h[?25l[A[1Gpulling manifest [K
pulling 667b0c1932bc:  33% ▕██████            ▏ 1.6 GB/4.9 GB  118 MB/s     27s[K[?25h[?2026l[?2026h[?25l[A[1Gpulling manifest [K
pulling 667b0c1932bc:  34% ▕██████            ▏ 1.7 GB/4.9 GB  118 MB/s     27s[K[?25h[?2026l[?2026h[?25l[A[1Gpulling manifest [K
pulling 667b0c1932bc:  34% ▕██████            ▏ 1.7 GB/4.9 GB  118 MB/s     27s[K[?25h[?2026l[?2026h[?25l[A[1Gpulling manifest [K
pulling 667b0c1932bc:  34% ▕██████            ▏ 1.7 GB/4.9 GB  118 MB/s     27s[K[?25h[?2026l[?2026h[?25l[A[1Gpulling manifest [K
pulling 667b0c1932bc:  34% ▕██████            ▏ 1.7 GB/4.9 GB  118 MB/s     27s[K[?25h[?2026l[?2026h[?25l[A[1Gpulling manifest [K
pulling 667b0c1932bc:  34% ▕██████            ▏ 1.7 GB/4.9 GB  118 MB/s     27s[K[?25h[?2026l[?2026h[?25l[A[1Gpulling manifest [K
pulling 667b0c1932bc:  35% ▕██████            ▏ 1.7 GB/4.9 GB  118 MB/s     27s[K[?25h[?2026l[?2026h[?25l[A[1Gpulling manifest [K
pulling 667b0c1932bc:  35% ▕██████            ▏ 1.7 GB/4.9 GB  118 MB/s     27s[K[?25h[?2026l[?2026h[?25l[A[1Gpulling manifest [K
pulling 667b0c1932bc:  35% ▕██████            ▏ 1.7 GB/4.9 GB  118 MB/s     26s[K[?25h[?2026l[?2026h[?25l[A[1Gpulling manifest [K
pulling 667b0c1932bc:  35% ▕██████            ▏ 1.7 GB/4.9 GB  118 MB/s     26s[K[?25h[?2026l[?2026h[?25l[A[1Gpulling manifest [K
pulling 667b0c1932bc:  35% ▕██████            ▏ 1.7 GB/4.9 GB  118 MB/s     26s[K[?25h[?2026l[?2026h[?25l[A[1Gpulling manifest [K
pulling 667b0c1932bc:  36% ▕██████            ▏ 1.8 GB/4.9 GB  114 MB/s     27s[K[?25h[?2026l[?2026h[?25l[A[1Gpulling manifest [K
pulling 667b0c1932bc:  36% ▕██████            ▏ 1.8 GB/4.9 GB  114 MB/s     27s[K[?25h[?2026l[?2026h[?25l[A[1Gpulling manifest [K
pulling 667b0c1932bc:  36% ▕██████            ▏ 1.8 GB/4.9 GB  114 MB/s     27s[K[?25h[?2026l[?2026h[?25l[A[1Gpulling manifest [K
pulling 667b0c1932bc:  37% ▕██████            ▏ 1.8 GB/4.9 GB  114 MB/s     27s[K[?25h[?2026l[?2026h[?25l[A[1Gpulling manifest [K
pulling 667b0c1932bc:  37% ▕██████            ▏ 1.8 GB/4.9 GB  114 MB/s     27s[K[?25h[?2026l[?2026h[?25l[A[1Gpulling manifest [K
pulling 667b0c1932bc:  37% ▕██████            ▏ 1.8 GB/4.9 GB  114 MB/s     26s[K[?25h[?2026l[?2026h[?25l[A[1Gpulling manifest [K
pulling 667b0c1932bc:  37% ▕██████            ▏ 1.8 GB/4.9 GB  114 MB/s     26s[K[?25h[?2026l[?2026h[?25l[A[1Gpulling manifest [K
pulling 667b0c1932bc:  38% ▕██████            ▏ 1.9 GB/4.9 GB  114 MB/s     26s[K[?25h[?2026l[?2026h[?25l[A[1Gpulling manifest [K
pulling 667b0c1932bc:  38% ▕██████            ▏ 1.9 GB/4.9 GB  114 MB/s     26s[K[?25h[?2026l[?2026h[?25l[A[1Gpulling manifest [K
pulling 667b0c1932bc:  38% ▕██████            ▏ 1.9 GB/4.9 GB  114 MB/s     26s[K[?25h[?2026l[?2026h[?25l[A[1Gpulling manifest [K
pulling 667b0c1932bc:  39% ▕██████            ▏ 1.9 GB/4.9 GB  118 MB/s     25s[K[?25h[?2026l[?2026h[?25l[A[1Gpulling manifest [K
pulling 667b0c1932bc:  39% ▕██████            ▏ 1.9 GB/4.9 GB  118 MB/s     25s[K[?25h[?2026l[?2026h[?25l[A[1Gpulling manifest [K
pulling 667b0c1932bc:  39% ▕███████           ▏ 1.9 GB/4.9 GB  118 MB/s     25s[K[?25h[?2026l[?2026h[?25l[A[1Gpulling manifest [K
pulling 667b0c1932bc:  39% ▕███████           ▏ 1.9 GB/4.9 GB  118 MB/s     25s[K[?25h[?2026l[?2026h[?25l[A[1Gpulling manifest [K
pulling 667b0c1932bc:  39% ▕███████           ▏ 1.9 GB/4.9 GB  118 MB/s     25s[K[?25h[?2026l[?2026h[?25l[A[1Gpulling manifest [K
pulling 667b0c1932bc:  40% ▕███████           ▏ 2.0 GB/4.9 GB  118 MB/s     25s[K[?25h[?2026l[?2026h[?25l[A[1Gpulling manifest [K
pulling 667b0c1932bc:  40% ▕███████           ▏ 2.0 GB/4.9 GB  118 MB/s     24s[K[?25h[?2026l[?2026h[?25l[A[1Gpulling manifest [K
pulling 667b0c1932bc:  40% ▕███████           ▏ 2.0 GB/4.9 GB  118 MB/s     24s[K[?25h[?2026l[?2026h[?25l[A[1Gpulling manifest [K
pulling 667b0c1932bc:  40% ▕███████           ▏ 2.0 GB/4.9 GB  118 MB/s     24s[K[?25h[?2026l[?2026h[?25l[A[1Gpulling manifest [K
pulling 667b0c1932bc:  41% ▕███████           ▏ 2.0 GB/4.9 GB  118 MB/s     24s[K[?25h[?2026l[?2026h[?25l[A[1Gpulling manifest [K
pulling 667b0c1932bc:  41% ▕███████           ▏ 2.0 GB/4.9 GB  118 MB/s     24s[K[?25h[?2026l[?2026h[?25l[A[1Gpulling manifest [K
pulling 667b0c1932bc:  41% ▕███████           ▏ 2.0 GB/4.9 GB  118 MB/s     24s[K[?25h[?2026l[?2026h[?25l[A[1Gpulling manifest [K
pulling 667b0c1932bc:  42% ▕███████           ▏ 2.1 GB/4.9 GB  118 MB/s     24s[K[?25h[?2026l[?2026h[?25l[A[1Gpulling manifest [K
pulling 667b0c1932bc:  42% ▕███████           ▏ 2.1 GB/4.9 GB  118 MB/s     24s[K[?25h[?2026l[?2026h[?25l[A[1Gpulling manifest [K
pulling 667b0c1932bc:  42% ▕███████           ▏ 2.1 GB/4.9 GB  118 MB/s     23s[K[?25h[?2026l[?2026h[?25l[A[1Gpulling manifest [K
pulling 667b0c1932bc:  43% ▕███████           ▏ 2.1 GB/4.9 GB  118 MB/s     23s[K[?25h[?2026l[?2026h[?25l[A[1Gpulling manifest [K
pulling 667b0c1932bc:  43% ▕███████           ▏ 2.1 GB/4.9 GB  118 MB/s     23s[K[?25h[?2026l[?2026h[?25l[A[1Gpulling manifest [K
pulling 667b0c1932bc:  43% ▕███████           ▏ 2.1 GB/4.9 GB  118 MB/s     23s[K[?25h[?2026l[?2026h[?25l[A[1Gpulling manifest [K
pulling 667b0c1932bc:  43% ▕███████           ▏ 2.1 GB/4.9 GB  118 MB/s     23s[K[?25h[?2026l[?2026h[?25l[A[1Gpulling manifest [K
pulling 667b0c1932bc:  44% ▕███████           ▏ 2.1 GB/4.9 GB  118 MB/s     23s[K[?25h[?2026l[?2026h[?25l[A[1Gpulling manifest [K
pulling 667b0c1932bc:  44% ▕███████           ▏ 2.1 GB/4.9 GB  119 MB/s     23s[K[?25h[?2026l[?2026h[?25l[A[1Gpulling manifest [K
pulling 667b0c1932bc:  44% ▕███████           ▏ 2.1 GB/4.9 GB  119 MB/s     23s[K[?25h[?2026l[?2026h[?25l[A[1Gpulling manifest [K
pulling 667b0c1932bc:  44% ▕███████           ▏ 2.2 GB/4.9 GB  119 MB/s     22s[K[?25h[?2026l[?2026h[?25l[A[1Gpulling manifest [K
pulling 667b0c1932bc:  44% ▕███████           ▏ 2.2 GB/4.9 GB  119 MB/s     22s[K[?25h[?2026l[?2026h[?25l[A[1Gpulling manifest [K
pulling 667b0c1932bc:  45% ▕████████          ▏ 2.2 GB/4.9 GB  119 MB/s     22s[K[?25h[?2026l[?2026h[?25l[A[1Gpulling manifest [K
pulling 667b0c1932bc:  45% ▕████████          ▏ 2.2 GB/4.9 GB  119 MB/s     22s[K[?25h[?2026l[?2026h[?25l[A[1Gpulling manifest [K
pulling 667b0c1932bc:  45% ▕████████          ▏ 2.2 GB/4.9 GB  119 MB/s     22s[K[?25h[?2026l[?2026h[?25l[A[1Gpulling manifest [K
pulling 667b0c1932bc:  46% ▕████████          ▏ 2.2 GB/4.9 GB  119 MB/s     22s[K[?25h[?2026l[?2026h[?25l[A[1Gpulling manifest [K
pulling 667b0c1932bc:  46% ▕████████          ▏ 2.3 GB/4.9 GB  119 MB/s     22s[K[?25h[?2026l[?2026h[?25l[A[1Gpulling manifest [K
pulling 667b0c1932bc:  46% ▕████████          ▏ 2.3 GB/4.9 GB  119 MB/s     22s[K[?25h[?2026l[?2026h[?25l[A[1Gpulling manifest [K
pulling 667b0c1932bc:  47% ▕████████          ▏ 2.3 GB/4.9 GB  123 MB/s     21s[K[?25h[?2026l[?2026h[?25l[A[1Gpulling manifest [K
pulling 667b0c1932bc:  47% ▕████████          ▏ 2.3 GB/4.9 GB  123 MB/s     21s[K[?25h[?2026l[?2026h[?25l[A[1Gpulling manifest [K
pulling 667b0c1932bc:  47% ▕████████          ▏ 2.3 GB/4.9 GB  123 MB/s     21s[K[?25h[?2026l[?2026h[?25l[A[1Gpulling manifest [K
pulling 667b0c1932bc:  47% ▕████████          ▏ 2.3 GB/4.9 GB  123 MB/s     20s[K[?25h[?2026l[?2026h[?25l[A[1Gpulling manifest [K
pulling 667b0c1932bc:  48% ▕████████          ▏ 2.3 GB/4.9 GB  123 MB/s     20s[K[?25h[?2026l[?2026h[?25l[A[1Gpulling manifest [K
pulling 667b0c1932bc:  48% ▕████████          ▏ 2.4 GB/4.9 GB  123 MB/s     20s[K[?25h[?2026l[?2026h[?25l[A[1Gpulling manifest [K
pulling 667b0c1932bc:  48% ▕████████          ▏ 2.4 GB/4.9 GB  123 MB/s     20s[K[?25h[?2026l[?2026h[?25l[A[1Gpulling manifest [K
pulling 667b0c1932bc:  48% ▕████████          ▏ 2.4 GB/4.9 GB  123 MB/s     20s[K[?25h[?2026l[?2026h[?25l[A[1Gpulling manifest [K
pulling 667b0c1932bc:  49% ▕████████          ▏ 2.4 GB/4.9 GB  123 MB/s     20s[K[?25h[?2026l[?2026h[?25l[A[1Gpulling manifest [K
pulling 667b0c1932bc:  49% ▕████████          ▏ 2.4 GB/4.9 GB  123 MB/s     20s[K[?25h[?2026l[?2026h[?25l[A[1Gpulling manifest [K
pulling 667b0c1932bc:  49% ▕████████          ▏ 2.4 GB/4.9 GB  123 MB/s     20s[K[?25h[?2026l[?2026h[?25l[A[1Gpulling manifest [K
pulling 667b0c1932bc:  50% ▕████████          ▏ 2.4 GB/4.9 GB  126 MB/s     19s[K[?25h[?2026l[?2026h[?25l[A[1Gpulling manifest [K
pulling 667b0c1932bc:  50% ▕█████████         ▏ 2.5 GB/4.9 GB  126 MB/s     19s[K[?25h[?2026l[?2026h[?25l[A[1Gpulling manifest [K
pulling 667b0c1932bc:  50% ▕█████████         ▏ 2.5 GB/4.9 GB  126 MB/s     19s[K[?25h[?2026l[?2026h[?25l[A[1Gpulling manifest [K
pulling 667b0c1932bc:  51% ▕█████████         ▏ 2.5 GB/4.9 GB  126 MB/s     19s[K[?25h[?2026l[?2026h[?25l[A[1Gpulling manifest [K
pulling 667b0c1932bc:  51% ▕█████████         ▏ 2.5 GB/4.9 GB  126 MB/s     19s[K[?25h[?2026l[?2026h[?25l[A[1Gpulling manifest [K
pulling 667b0c1932bc:  51% ▕█████████         ▏ 2.5 GB/4.9 GB  126 MB/s     19s[K[?25h[?2026l[?2026h[?25l[A[1Gpulling manifest [K
pulling 667b0c1932bc:  51% ▕█████████         ▏ 2.5 GB/4.9 GB  126 MB/s     18s[K[?25h[?2026l[?2026h[?25l[A[1Gpulling manifest [K
pulling 667b0c1932bc:  52% ▕█████████         ▏ 2.5 GB/4.9 GB  126 MB/s     18s[K[?25h[?2026l[?2026h[?25l[A[1Gpulling manifest [K
pulling 667b0c1932bc:  52% ▕█████████         ▏ 2.6 GB/4.9 GB  126 MB/s     18s[K[?25h[?2026l[?2026h[?25l[A[1Gpulling manifest [K
pulling 667b0c1932bc:  52% ▕█████████         ▏ 2.6 GB/4.9 GB  126 MB/s     18s[K[?25h[?2026l[?2026h[?25l[A[1Gpulling manifest [K
pulling 667b0c1932bc:  53% ▕█████████         ▏ 2.6 GB/4.9 GB  128 MB/s     18s[K[?25h[?2026l[?2026h[?25l[A[1Gpulling manifest [K
pulling 667b0c1932bc:  53% ▕█████████         ▏ 2.6 GB/4.9 GB  128 MB/s     18s[K[?25h[?2026l[?2026h[?25l[A[1Gpulling manifest [K
pulling 667b0c1932bc:  53% ▕█████████         ▏ 2.6 GB/4.9 GB  128 MB/s     17s[K[?25h[?2026l[?2026h[?25l[A[1Gpulling manifest [K
pulling 667b0c1932bc:  53% ▕█████████         ▏ 2.6 GB/4.9 GB  128 MB/s     17s[K[?25h[?2026l[?2026h[?25l[A[1Gpulling manifest [K
pulling 667b0c1932bc:  54% ▕█████████         ▏ 2.6 GB/4.9 GB  128 MB/s     17s[K[?25h[?2026l[?2026h[?25l[A[1Gpulling manifest [K
pulling 667b0c1932bc:  54% ▕█████████         ▏ 2.7 GB/4.9 GB  128 MB/s     17s[K[?25h[?2026l[?2026h[?25l[A[1Gpulling manifest [K
pulling 667b0c1932bc:  54% ▕█████████         ▏ 2.7 GB/4.9 GB  128 MB/s     17s[K[?25h[?2026l[?2026h[?25l[A[1Gpulling manifest [K
pulling 667b0c1932bc:  54% ▕█████████         ▏ 2.7 GB/4.9 GB  128 MB/s     17s[K[?25h[?2026l[?2026h[?25l[A[1Gpulling manifest [K
pulling 667b0c1932bc:  55% ▕█████████         ▏ 2.7 GB/4.9 GB  128 MB/s     17s[K[?25h[?2026l[?2026h[?25l[A[1Gpulling manifest [K
pulling 667b0c1932bc:  55% ▕█████████         ▏ 2.7 GB/4.9 GB  128 MB/s     17s[K[?25h[?2026l[?2026h[?25l[A[1Gpulling manifest [K
pulling 667b0c1932bc:  55% ▕█████████         ▏ 2.7 GB/4.9 GB  131 MB/s     16s[K[?25h[?2026l[?2026h[?25l[A[1Gpulling manifest [K
pulling 667b0c1932bc:  56% ▕██████████        ▏ 2.7 GB/4.9 GB  131 MB/s     16s[K[?25h[?2026l[?2026h[?25l[A[1Gpulling manifest [K
pulling 667b0c1932bc:  56% ▕██████████        ▏ 2.8 GB/4.9 GB  131 MB/s     16s[K[?25h[?2026l[?2026h[?25l[A[1Gpulling manifest [K
pulling 667b0c1932bc:  56% ▕██████████        ▏ 2.8 GB/4.9 GB  131 MB/s     16s[K[?25h[?2026l[?2026h[?25l[A[1Gpulling manifest [K
pulling 667b0c1932bc:  57% ▕██████████        ▏ 2.8 GB/4.9 GB  131 MB/s     16s[K[?25h[?2026l[?2026h[?25l[A[1Gpulling manifest [K
pulling 667b0c1932bc:  57% ▕██████████        ▏ 2.8 GB/4.9 GB  131 MB/s     16s[K[?25h[?2026l[?2026h[?25l[A[1Gpulling manifest [K
pulling 667b0c1932bc:  57% ▕██████████        ▏ 2.8 GB/4.9 GB  131 MB/s     15s[K[?25h[?2026l[?2026h[?25l[A[1Gpulling manifest [K
pulling 667b0c1932bc:  58% ▕██████████        ▏ 2.8 GB/4.9 GB  131 MB/s     15s[K[?25h[?2026l[?2026h[?25l[A[1Gpulling manifest [K
pulling 667b0c1932bc:  58% ▕██████████        ▏ 2.9 GB/4.9 GB  131 MB/s     15s[K[?25h[?2026l[?2026h[?25l[A[1Gpulling manifest [K
pulling 667b0c1932bc:  58% ▕██████████        ▏ 2.9 GB/4.9 GB  131 MB/s     15s[K[?25h[?2026l[?2026h[?25l[A[1Gpulling manifest [K
pulling 667b0c1932bc:  59% ▕██████████        ▏ 2.9 GB/4.9 GB  138 MB/s     14s[K[?25h[?2026l[?2026h[?25l[A[1Gpulling manifest [K
pulling 667b0c1932bc:  59% ▕██████████        ▏ 2.9 GB/4.9 GB  138 MB/s     14s[K[?25h[?2026l[?2026h[?25l[A[1Gpulling manifest [K
pulling 667b0c1932bc:  59% ▕██████████        ▏ 2.9 GB/4.9 GB  138 MB/s     14s[K[?25h[?2026l[?2026h[?25l[A[1Gpulling manifest [K
pulling 667b0c1932bc:  60% ▕██████████        ▏ 2.9 GB/4.9 GB  138 MB/s     14s[K[?25h[?2026l[?2026h[?25l[A[1Gpulling manifest [K
pulling 667b0c1932bc:  60% ▕██████████        ▏ 3.0 GB/4.9 GB  138 MB/s     14s[K[?25h[?2026l[?2026h[?25l[A[1Gpulling manifest [K
pulling 667b0c1932bc:  60% ▕██████████        ▏ 3.0 GB/4.9 GB  138 MB/s     14s[K[?25h[?2026l[?2026h[?25l[A[1Gpulling manifest [K
pulling 667b0c1932bc:  61% ▕██████████        ▏ 3.0 GB/4.9 GB  138 MB/s     14s[K[?25h[?2026l[?2026h[?25l[A[1Gpulling manifest [K
pulling 667b0c1932bc:  61% ▕██████████        ▏ 3.0 GB/4.9 GB  138 MB/s     13s[K[?25h[?2026l[?2026h[?25l[A[1Gpulling manifest [K
pulling 667b0c1932bc:  61% ▕██████████        ▏ 3.0 GB/4.9 GB  138 MB/s     13s[K[?25h[?2026l[?2026h[?25l[A[1Gpulling manifest [K
pulling 667b0c1932bc:  61% ▕███████████       ▏ 3.0 GB/4.9 GB  138 MB/s     13s[K[?25h[?2026l[?2026h[?25l[A[1Gpulling manifest [K
pulling 667b0c1932bc:  62% ▕███████████       ▏ 3.0 GB/4.9 GB  143 MB/s     13s[K[?25h[?2026l[?2026h[?25l[A[1Gpulling manifest [K
pulling 667b0c1932bc:  62% ▕███████████       ▏ 3.1 GB/4.9 GB  143 MB/s     12s[K[?25h[?2026l[?2026h[?25l[A[1Gpulling manifest [K
pulling 667b0c1932bc:  62% ▕███████████       ▏ 3.1 GB/4.9 GB  143 MB/s     12s[K[?25h[?2026l[?2026h[?25l[A[1Gpulling manifest [K
pulling 667b0c1932bc:  63% ▕███████████       ▏ 3.1 GB/4.9 GB  143 MB/s     12s[K[?25h[?2026l[?2026h[?25l[A[1Gpulling manifest [K
pulling 667b0c1932bc:  63% ▕███████████       ▏ 3.1 GB/4.9 GB  143 MB/s     12s[K[?25h[?2026l[?2026h[?25l[A[1Gpulling manifest [K
pulling 667b0c1932bc:  63% ▕███████████       ▏ 3.1 GB/4.9 GB  143 MB/s     12s[K[?25h[?2026l[?2026h[?25l[A[1Gpulling manifest [K
pulling 667b0c1932bc:  64% ▕███████████       ▏ 3.1 GB/4.9 GB  143 MB/s     12s[K[?25h[?2026l[?2026h[?25l[A[1Gpulling manifest [K
pulling 667b0c1932bc:  64% ▕███████████       ▏ 3.1 GB/4.9 GB  143 MB/s     12s[K[?25h[?2026l[?2026h[?25l[A[1Gpulling manifest [K
pulling 667b0c1932bc:  64% ▕███████████       ▏ 3.2 GB/4.9 GB  143 MB/s     12s[K[?25h[?2026l[?2026h[?25l[A[1Gpulling manifest [K
pulling 667b0c1932bc:  65% ▕███████████       ▏ 3.2 GB/4.9 GB  143 MB/s     12s[K[?25h[?2026l[?2026h[?25l[A[1Gpulling manifest [K
pulling 667b0c1932bc:  65% ▕███████████       ▏ 3.2 GB/4.9 GB  143 MB/s     12s[K[?25h[?2026l[?2026h[?25l[A[1Gpulling manifest [K
pulling 667b0c1932bc:  65% ▕███████████       ▏ 3.2 GB/4.9 GB  146 MB/s     11s[K[?25h[?2026l[?2026h[?25l[A[1Gpulling manifest [K
pulling 667b0c1932bc:  66% ▕███████████       ▏ 3.2 GB/4.9 GB  146 MB/s     11s[K[?25h[?2026l[?2026h[?25l[A[1Gpulling manifest [K
pulling 667b0c1932bc:  66% ▕███████████       ▏ 3.2 GB/4.9 GB  146 MB/s     11s[K[?25h[?2026l[?2026h[?25l[A[1Gpulling manifest [K
pulling 667b0c1932bc:  66% ▕███████████       ▏ 3.3 GB/4.9 GB  146 MB/s     11s[K[?25h[?2026l[?2026h[?25l[A[1Gpulling manifest [K
pulling 667b0c1932bc:  67% ▕███████████       ▏ 3.3 GB/4.9 GB  146 MB/s     11s[K[?25h[?2026l[?2026h[?25l[A[1Gpulling manifest [K
pulling 667b0c1932bc:  67% ▕████████████      ▏ 3.3 GB/4.9 GB  146 MB/s     11s[K[?25h[?2026l[?2026h[?25l[A[1Gpulling manifest [K
pulling 667b0c1932bc:  67% ▕████████████      ▏ 3.3 GB/4.9 GB  146 MB/s     11s[K[?25h[?2026l[?2026h[?25l[A[1Gpulling manifest [K
pulling 667b0c1932bc:  67% ▕████████████      ▏ 3.3 GB/4.9 GB  146 MB/s     10s[K[?25h[?2026l[?2026h[?25l[A[1Gpulling manifest [K
pulling 667b0c1932bc:  68% ▕████████████      ▏ 3.3 GB/4.9 GB  146 MB/s     10s[K[?25h[?2026l[?2026h[?25l[A[1Gpulling manifest [K
pulling 667b0c1932bc:  68% ▕████████████      ▏ 3.3 GB/4.9 GB  146 MB/s     10s[K[?25h[?2026l[?2026h[?25l[A[1Gpulling manifest [K
pulling 667b0c1932bc:  68% ▕████████████      ▏ 3.4 GB/4.9 GB  148 MB/s     10s[K[?25h[?2026l[?2026h[?25l[A[1Gpulling manifest [K
pulling 667b0c1932bc:  69% ▕████████████      ▏ 3.4 GB/4.9 GB  148 MB/s     10s[K[?25h[?2026l[?2026h[?25l[A[1Gpulling manifest [K
pulling 667b0c1932bc:  69% ▕████████████      ▏ 3.4 GB/4.9 GB  148 MB/s     10s[K[?25h[?2026l[?2026h[?25l[A[1Gpulling manifest [K
pulling 667b0c1932bc:  69% ▕████████████      ▏ 3.4 GB/4.9 GB  148 MB/s     10s[K[?25h[?2026l[?2026h[?25l[A[1Gpulling manifest [K
pulling 667b0c1932bc:  69% ▕████████████      ▏ 3.4 GB/4.9 GB  148 MB/s     10s[K[?25h[?2026l[?2026h[?25l[A[1Gpulling manifest [K
pulling 667b0c1932bc:  70% ▕████████████      ▏ 3.4 GB/4.9 GB  148 MB/s      9s[K[?25h[?2026l[?2026h[?25l[A[1Gpulling manifest [K
pulling 667b0c1932bc:  70% ▕████████████      ▏ 3.5 GB/4.9 GB  148 MB/s      9s[K[?25h[?2026l[?2026h[?25l[A[1Gpulling manifest [K
pulling 667b0c1932bc:  71% ▕████████████      ▏ 3.5 GB/4.9 GB  148 MB/s      9s[K[?25h[?2026l[?2026h[?25l[A[1Gpulling manifest [K
pulling 667b0c1932bc:  71% ▕████████████      ▏ 3.5 GB/4.9 GB  148 MB/s      9s[K[?25h[?2026l[?2026h[?25l[A[1Gpulling manifest [K
pulling 667b0c1932bc:  71% ▕████████████      ▏ 3.5 GB/4.9 GB  148 MB/s      9s[K[?25h[?2026l[?2026h[?25l[A[1Gpulling manifest [K
pulling 667b0c1932bc:  71% ▕████████████      ▏ 3.5 GB/4.9 GB  151 MB/s      9s[K[?25h[?2026l[?2026h[?25l[A[1Gpulling manifest [K
pulling 667b0c1932bc:  72% ▕████████████      ▏ 3.5 GB/4.9 GB  151 MB/s      9s[K[?25h[?2026l[?2026h[?25l[A[1Gpulling manifest [K
pulling 667b0c1932bc:  72% ▕█████████████     ▏ 3.6 GB/4.9 GB  151 MB/s      9s[K[?25h[?2026l[?2026h[?25l[A[1Gpulling manifest [K
pulling 667b0c1932bc:  72% ▕█████████████     ▏ 3.6 GB/4.9 GB  151 MB/s      8s[K[?25h[?2026l[?2026h[?25l[A[1Gpulling manifest [K
pulling 667b0c1932bc:  73% ▕█████████████     ▏ 3.6 GB/4.9 GB  151 MB/s      8s[K[?25h[?2026l[?2026h[?25l[A[1Gpulling manifest [K
pulling 667b0c1932bc:  73% ▕█████████████     ▏ 3.6 GB/4.9 GB  151 MB/s      8s[K[?25h[?2026l[?2026h[?25l[A[1Gpulling manifest [K
pulling 667b0c1932bc:  73% ▕█████████████     ▏ 3.6 GB/4.9 GB  151 MB/s      8s[K[?25h[?2026l[?2026h[?25l[A[1Gpulling manifest [K
pulling 667b0c1932bc:  74% ▕█████████████     ▏ 3.6 GB/4.9 GB  151 MB/s      8s[K[?25h[?2026l[?2026h[?25l[A[1Gpulling manifest [K
pulling 667b0c1932bc:  74% ▕█████████████     ▏ 3.6 GB/4.9 GB  151 MB/s      8s[K[?25h[?2026l[?2026h[?25l[A[1Gpulling manifest [K
pulling 667b0c1932bc:  74% ▕█████████████     ▏ 3.6 GB/4.9 GB  151 MB/s      8s[K[?25h[?2026l[?2026h[?25l[A[1Gpulling manifest [K
pulling 667b0c1932bc:  74% ▕█████████████     ▏ 3.7 GB/4.9 GB  151 MB/s      8s[K[?25h[?2026l[?2026h[?25l[A[1Gpulling manifest [K
pulling 667b0c1932bc:  75% ▕█████████████     ▏ 3.7 GB/4.9 GB  151 MB/s      8s[K[?25h[?2026l[?2026h[?25l[A[1Gpulling manifest [K
pulling 667b0c1932bc:  75% ▕█████████████     ▏ 3.7 GB/4.9 GB  151 MB/s      8s[K[?25h[?2026l[?2026h[?25l[A[1Gpulling manifest [K
pulling 667b0c1932bc:  75% ▕█████████████     ▏ 3.7 GB/4.9 GB  151 MB/s      8s[K[?25h[?2026l[?2026h[?25l[A[1Gpulling manifest [K
pulling 667b0c1932bc:  76% ▕█████████████     ▏ 3.7 GB/4.9 GB  151 MB/s      7s[K[?25h[?2026l[?2026h[?25l[A[1Gpulling manifest [K
pulling 667b0c1932bc:  76% ▕█████████████     ▏ 3.7 GB/4.9 GB  151 MB/s      7s[K[?25h[?2026l[?2026h[?25l[A[1Gpulling manifest [K
pulling 667b0c1932bc:  76% ▕█████████████     ▏ 3.8 GB/4.9 GB  151 MB/s      7s[K[?25h[?2026l[?2026h[?25l[A[1Gpulling manifest [K
pulling 667b0c1932bc:  77% ▕█████████████     ▏ 3.8 GB/4.9 GB  151 MB/s      7s[K[?25h[?2026l[?2026h[?25l[A[1Gpulling manifest [K
pulling 667b0c1932bc:  77% ▕█████████████     ▏ 3.8 GB/4.9 GB  151 MB/s      7s[K[?25h[?2026l[?2026h[?25l[A[1Gpulling manifest [K
pulling 667b0c1932bc:  77% ▕█████████████     ▏ 3.8 GB/4.9 GB  151 MB/s      7s[K[?25h[?2026l[?2026h[?25l[A[1Gpulling manifest [K
pulling 667b0c1932bc:  78% ▕█████████████     ▏ 3.8 GB/4.9 GB  153 MB/s      7s[K[?25h[?2026l[?2026h[?25l[A[1Gpulling manifest [K
pulling 667b0c1932bc:  78% ▕██████████████    ▏ 3.8 GB/4.9 GB  153 MB/s      7s[K[?25h[?2026l[?2026h[?25l[A[1Gpulling manifest [K
pulling 667b0c1932bc:  78% ▕██████████████    ▏ 3.8 GB/4.9 GB  153 MB/s      6s[K[?25h[?2026l[?2026h[?25l[A[1Gpulling manifest [K
pulling 667b0c1932bc:  79% ▕██████████████    ▏ 3.9 GB/4.9 GB  153 MB/s      6s[K[?25h[?2026l[?2026h[?25l[A[1Gpulling manifest [K
pulling 667b0c1932bc:  79% ▕██████████████    ▏ 3.9 GB/4.9 GB  153 MB/s      6s[K[?25h[?2026l[?2026h[?25l[A[1Gpulling manifest [K
pulling 667b0c1932bc:  79% ▕██████████████    ▏ 3.9 GB/4.9 GB  153 MB/s      6s[K[?25h[?2026l[?2026h[?25l[A[1Gpulling manifest [K
pulling 667b0c1932bc:  79% ▕██████████████    ▏ 3.9 GB/4.9 GB  153 MB/s      6s[K[?25h[?2026l[?2026h[?25l[A[1Gpulling manifest [K
pulling 667b0c1932bc:  80% ▕██████████████    ▏ 3.9 GB/4.9 GB  153 MB/s      6s[K[?25h[?2026l[?2026h[?25l[A[1Gpulling manifest [K
pulling 667b0c1932bc:  80% ▕██████████████    ▏ 3.9 GB/4.9 GB  153 MB/s      6s[K[?25h[?2026l[?2026h[?25l[A[1Gpulling manifest [K
pulling 667b0c1932bc:  80% ▕██████████████    ▏ 4.0 GB/4.9 GB  153 MB/s      6s[K[?25h[?2026l[?2026h[?25l[A[1Gpulling manifest [K
pulling 667b0c1932bc:  81% ▕██████████████    ▏ 4.0 GB/4.9 GB  153 MB/s      6s[K[?25h[?2026l[?2026h[?25l[A[1Gpulling manifest [K
pulling 667b0c1932bc:  81% ▕██████████████    ▏ 4.0 GB/4.9 GB  155 MB/s      6s[K[?25h[?2026l[?2026h[?25l[A[1Gpulling manifest [K
pulling 667b0c1932bc:  81% ▕██████████████    ▏ 4.0 GB/4.9 GB  155 MB/s      5s[K[?25h[?2026l[?2026h[?25l[A[1Gpulling manifest [K
pulling 667b0c1932bc:  82% ▕██████████████    ▏ 4.0 GB/4.9 GB  155 MB/s      5s[K[?25h[?2026l[?2026h[?25l[A[1Gpulling manifest [K
pulling 667b0c1932bc:  82% ▕██████████████    ▏ 4.0 GB/4.9 GB  155 MB/s      5s[K[?25h[?2026l[?2026h[?25l[A[1Gpulling manifest [K
pulling 667b0c1932bc:  82% ▕██████████████    ▏ 4.1 GB/4.9 GB  155 MB/s      5s[K[?25h[?2026l[?2026h[?25l[A[1Gpulling manifest [K
pulling 667b0c1932bc:  83% ▕██████████████    ▏ 4.1 GB/4.9 GB  155 MB/s      5s[K[?25h[?2026l[?2026h[?25l[A[1Gpulling manifest [K
pulling 667b0c1932bc:  83% ▕██████████████    ▏ 4.1 GB/4.9 GB  155 MB/s      5s[K[?25h[?2026l[?2026h[?25l[A[1Gpulling manifest [K
pulling 667b0c1932bc:  83% ▕███████████████   ▏ 4.1 GB/4.9 GB  155 MB/s      5s[K[?25h[?2026l[?2026h[?25l[A[1Gpulling manifest [K
pulling 667b0c1932bc:  84% ▕███████████████   ▏ 4.1 GB/4.9 GB  155 MB/s      5s[K[?25h[?2026l[?2026h[?25l[A[1Gpulling manifest [K
pulling 667b0c1932bc:  84% ▕███████████████   ▏ 4.1 GB/4.9 GB  155 MB/s      5s[K[?25h[?2026l[?2026h[?25l[A[1Gpulling manifest [K
pulling 667b0c1932bc:  84% ▕███████████████   ▏ 4.1 GB/4.9 GB  156 MB/s      4s[K[?25h[?2026l[?2026h[?25l[A[1Gpulling manifest [K
pulling 667b0c1932bc:  85% ▕███████████████   ▏ 4.2 GB/4.9 GB  156 MB/s      4s[K[?25h[?2026l[?2026h[?25l[A[1Gpulling manifest [K
pulling 667b0c1932bc:  85% ▕███████████████   ▏ 4.2 GB/4.9 GB  156 MB/s      4s[K[?25h[?2026l[?2026h[?25l[A[1Gpulling manifest [K
pulling 667b0c1932bc:  85% ▕███████████████   ▏ 4.2 GB/4.9 GB  156 MB/s      4s[K[?25h[?2026l[?2026h[?25l[A[1Gpulling manifest [K
pulling 667b0c1932bc:  85% ▕███████████████   ▏ 4.2 GB/4.9 GB  156 MB/s      4s[K[?25h[?2026l[?2026h[?25l[A[1Gpulling manifest [K
pulling 667b0c1932bc:  86% ▕███████████████   ▏ 4.2 GB/4.9 GB  156 MB/s      4s[K[?25h[?2026l[?2026h[?25l[A[1Gpulling manifest [K
pulling 667b0c1932bc:  86% ▕███████████████   ▏ 4.2 GB/4.9 GB  156 MB/s      4s[K[?25h[?2026l[?2026h[?25l[A[1Gpulling manifest [K
pulling 667b0c1932bc:  86% ▕███████████████   ▏ 4.2 GB/4.9 GB  156 MB/s      4s[K[?25h[?2026l[?2026h[?25l[A[1Gpulling manifest [K
pulling 667b0c1932bc:  86% ▕███████████████   ▏ 4.2 GB/4.9 GB  156 MB/s      4s[K[?25h[?2026l[?2026h[?25l[A[1Gpulling manifest [K
pulling 667b0c1932bc:  86% ▕███████████████   ▏ 4.3 GB/4.9 GB  156 MB/s      4s[K[?25h[?2026l[?2026h[?25l[A[1Gpulling manifest [K
pulling 667b0c1932bc:  87% ▕███████████████   ▏ 4.3 GB/4.9 GB  152 MB/s      4s[K[?25h[?2026l[?2026h[?25l[A[1Gpulling manifest [K
pulling 667b0c1932bc:  87% ▕███████████████   ▏ 4.3 GB/4.9 GB  152 MB/s      4s[K[?25h[?2026l[?2026h[?25l[A[1Gpulling manifest [K
pulling 667b0c1932bc:  87% ▕███████████████   ▏ 4.3 GB/4.9 GB  152 MB/s      4s[K[?25h[?2026l[?2026h[?25l[A[1Gpulling manifest [K
pulling 667b0c1932bc:  87% ▕███████████████   ▏ 4.3 GB/4.9 GB  152 MB/s      4s[K[?25h[?2026l[?2026h[?25l[A[1Gpulling manifest [K
pulling 667b0c1932bc:  88% ▕███████████████   ▏ 4.3 GB/4.9 GB  152 MB/s      3s[K[?25h[?2026l[?2026h[?25l[A[1Gpulling manifest [K
pulling 667b0c1932bc:  88% ▕███████████████   ▏ 4.3 GB/4.9 GB  152 MB/s      3s[K[?25h[?2026l[?2026h[?25l[A[1Gpulling manifest [K
pulling 667b0c1932bc:  88% ▕███████████████   ▏ 4.3 GB/4.9 GB  152 MB/s      3s[K[?25h[?2026l[?2026h[?25l[A[1Gpulling manifest [K
pulling 667b0c1932bc:  88% ▕███████████████   ▏ 4.4 GB/4.9 GB  152 MB/s      3s[K[?25h[?2026l[?2026h[?25l[A[1Gpulling manifest [K
pulling 667b0c1932bc:  89% ▕███████████████   ▏ 4.4 GB/4.9 GB  152 MB/s      3s[K[?25h[?2026l[?2026h[?25l[A[1Gpulling manifest [K
pulling 667b0c1932bc:  89% ▕████████████████  ▏ 4.4 GB/4.9 GB  152 MB/s      3s[K[?25h[?2026l[?2026h[?25l[A[1Gpulling manifest [K
pulling 667b0c1932bc:  89% ▕████████████████  ▏ 4.4 GB/4.9 GB  151 MB/s      3s[K[?25h[?2026l[?2026h[?25l[A[1Gpulling manifest [K
pulling 667b0c1932bc:  90% ▕████████████████  ▏ 4.4 GB/4.9 GB  151 MB/s      3s[K[?25h[?2026l[?2026h[?25l[A[1Gpulling manifest [K
pulling 667b0c1932bc:  90% ▕████████████████  ▏ 4.4 GB/4.9 GB  151 MB/s      3s[K[?25h[?2026l[?2026h[?25l[A[1Gpulling manifest [K
pulling 667b0c1932bc:  90% ▕████████████████  ▏ 4.4 GB/4.9 GB  151 MB/s      3s[K[?25h[?2026l[?2026h[?25l[A[1Gpulling manifest [K
pulling 667b0c1932bc:  91% ▕████████████████  ▏ 4.5 GB/4.9 GB  151 MB/s      3s[K[?25h[?2026l[?2026h[?25l[A[1Gpulling manifest [K
pulling 667b0c1932bc:  91% ▕████████████████  ▏ 4.5 GB/4.9 GB  151 MB/s      2s[K[?25h[?2026l[?2026h[?25l[A[1Gpulling manifest [K
pulling 667b0c1932bc:  91% ▕████████████████  ▏ 4.5 GB/4.9 GB  151 MB/s      2s[K[?25h[?2026l[?2026h[?25l[A[1Gpulling manifest [K
pulling 667b0c1932bc:  92% ▕████████████████  ▏ 4.5 GB/4.9 GB  151 MB/s      2s[K[?25h[?2026l[?2026h[?25l[A[1Gpulling manifest [K
pulling 667b0c1932bc:  92% ▕████████████████  ▏ 4.5 GB/4.9 GB  151 MB/s      2s[K[?25h[?2026l[?2026h[?25l[A[1Gpulling manifest [K
pulling 667b0c1932bc:  92% ▕████████████████  ▏ 4.5 GB/4.9 GB  151 MB/s      2s[K[?25h[?2026l[?2026h[?25l[A[1Gpulling manifest [K
pulling 667b0c1932bc:  93% ▕████████████████  ▏ 4.6 GB/4.9 GB  151 MB/s      2s[K[?25h[?2026l[?2026h[?25l[A[1Gpulling manifest [K
pulling 667b0c1932bc:  93% ▕████████████████  ▏ 4.6 GB/4.9 GB  151 MB/s      2s[K[?25h[?2026l[?2026h[?25l[A[1Gpulling manifest [K
pulling 667b0c1932bc:  93% ▕████████████████  ▏ 4.6 GB/4.9 GB  151 MB/s      2s[K[?25h[?2026l[?2026h[?25l[A[1Gpulling manifest [K
pulling 667b0c1932bc:  94% ▕████████████████  ▏ 4.6 GB/4.9 GB  151 MB/s      2s[K[?25h[?2026l[?2026h[?25l[A[1Gpulling manifest [K
pulling 667b0c1932bc:  94% ▕████████████████  ▏ 4.6 GB/4.9 GB  151 MB/s      1s[K[?25h[?2026l[?2026h[?25l[A[1Gpulling manifest [K
pulling 667b0c1932bc:  94% ▕████████████████  ▏ 4.6 GB/4.9 GB  151 MB/s      1s[K[?25h[?2026l[?2026h[?25l[A[1Gpulling manifest [K
pulling 667b0c1932bc:  95% ▕█████████████████ ▏ 4.7 GB/4.9 GB  151 MB/s      1s[K[?25h[?2026l[?2026h[?25l[A[1Gpulling manifest [K
pulling 667b0c1932bc:  95% ▕█████████████████ ▏ 4.7 GB/4.9 GB  151 MB/s      1s[K[?25h[?2026l[?2026h[?25l[A[1Gpulling manifest [K
pulling 667b0c1932bc:  95% ▕█████████████████ ▏ 4.7 GB/4.9 GB  151 MB/s      1s[K[?25h[?2026l[?2026h[?25l[A[1Gpulling manifest [K
pulling 667b0c1932bc:  96% ▕█████████████████ ▏ 4.7 GB/4.9 GB  151 MB/s      1s[K[?25h[?2026l[?2026h[?25l[A[1Gpulling manifest [K
pulling 667b0c1932bc:  96% ▕█████████████████ ▏ 4.7 GB/4.9 GB  151 MB/s      1s[K[?25h[?2026l[?2026h[?25l[A[1Gpulling manifest [K
pulling 667b0c1932bc:  96% ▕█████████████████ ▏ 4.7 GB/4.9 GB  151 MB/s      1s[K[?25h[?2026l[?2026h[?25l[A[1Gpulling manifest [K
pulling 667b0c1932bc:  97% ▕█████████████████ ▏ 4.8 GB/4.9 GB  151 MB/s      1s[K[?25h[?2026l[?2026h[?25l[A[1Gpulling manifest [K
pulling 667b0c1932bc:  97% ▕█████████████████ ▏ 4.8 GB/4.9 GB  151 MB/s      1s[K[?25h[?2026l[?2026h[?25l[A[1Gpulling manifest [K
pulling 667b0c1932bc:  97% ▕█████████████████ ▏ 4.8 GB/4.9 GB  151 MB/s      0s[K[?25h[?2026l[?2026h[?25l[A[1Gpulling manifest [K
pulling 667b0c1932bc:  97% ▕█████████████████ ▏ 4.8 GB/4.9 GB  151 MB/s      0s[K[?25h[?2026l[?2026h[?25l[A[1Gpulling manifest [K
pulling 667b0c1932bc:  98% ▕█████████████████ ▏ 4.8 GB/4.9 GB  151 MB/s      0s[K[?25h[?2026l[?2026h[?25l[A[1Gpulling manifest [K
pulling 667b0c1932bc:  98% ▕█████████████████ ▏ 4.8 GB/4.9 GB  151 MB/s      0s[K[?25h[?2026l[?2026h[?25l[A[1Gpulling manifest [K
pulling 667b0c1932bc:  98% ▕█████████████████ ▏ 4.8 GB/4.9 GB  151 MB/s      0s[K[?25h[?2026l[?2026h[?25l[A[1Gpulling manifest [K
pulling 667b0c1932bc:  99% ▕█████████████████ ▏ 4.9 GB/4.9 GB  151 MB/s      0s[K[?25h[?2026l[?2026h[?25l[A[1Gpulling manifest [K
pulling 667b0c1932bc:  99% ▕█████████████████ ▏ 4.9 GB/4.9 GB  151 MB/s      0s[K[?25h[?2026l[?2026h[?25l[A[1Gpulling manifest [K
pulling 667b0c1932bc:  99% ▕█████████████████ ▏ 4.9 GB/4.9 GB  151 MB/s      0s[K[?25h[?2026l[?2026h[?25l[A[1Gpulling manifest [K
pulling 667b0c1932bc:  99% ▕█████████████████ ▏ 4.9 GB/4.9 GB  151 MB/s      0s[K[?25h[?2026l[?2026h[?25l[A[1Gpulling manifest [K
pulling 667b0c1932bc: 100% ▕█████████████████ ▏ 4.9 GB/4.9 GB  151 MB/s      0s[K[?25h[?2026l[?2026h[?25l[A[1Gpulling manifest [K
pulling 667b0c1932bc: 100% ▕█████████████████ ▏ 4.9 GB/4.9 GB  151 MB/s      0s[K[?25h[?2026l[?2026h[?25l[A[1Gpulling manifest [K
pulling 667b0c1932bc: 100% ▕█████████████████ ▏ 4.9 GB/4.9 GB  151 MB/s      0s[K[?25h[?2026l[?2026h[?25l[A[1Gpulling manifest [K
pulling 667b0c1932bc: 100% ▕██████████████████▏ 4.9 GB                         [K[?25h[?2026l[?2026h[?25l[A[1Gpulling manifest [K
pulling 667b0c1932bc: 100% ▕██████████████████▏ 4.9 GB                         [K[?25h[?2026l[?2026h[?25l[A[1Gpulling manifest [K
pulling 667b0c1932bc: 100% ▕██████████████████▏ 4.9 GB                         [K[?25h[?2026l[?2026h[?25l[A[1Gpulling manifest [K
pulling 667b0c1932bc: 100% ▕██████████████████▏ 4.9 GB                         [K[?25h[?2026l[?2026h[?25l[A[1Gpulling manifest [K
pulling 667b0c1932bc: 100% ▕██████████████████▏ 4.9 GB                         [K[?25h[?2026l[?2026h[?25l[A[1Gpulling manifest [K
pulling 667b0c1932bc: 100% ▕██████████████████▏ 4.9 GB                         [K[?25h[?2026l[?2026h[?25l[A[1Gpulling manifest [K
pulling 667b0c1932bc: 100% ▕██████████████████▏ 4.9 GB                         [K[?25h[?2026l[?2026h[?25l[A[1Gpulling manifest [K
pulling 667b0c1932bc: 100% ▕██████████████████▏ 4.9 GB                         [K[?25h[?2026l[?2026h[?25l[A[1Gpulling manifest [K
pulling 667b0c1932bc: 100% ▕██████████████████▏ 4.9 GB                         [K[?25h[?2026l[?2026h[?25l[A[1Gpulling manifest [K
pulling 667b0c1932bc: 100% ▕██████████████████▏ 4.9 GB                         [K[?25h[?2026l[?2026h[?25l[A[1Gpulling manifest [K
pulling 667b0c1932bc: 100% ▕██████████████████▏ 4.9 GB                         [K[?25h[?2026l[?2026h[?25l[A[1Gpulling manifest [K
pulling 667b0c1932bc: 100% ▕██████████████████▏ 4.9 GB                         [K[?25h[?2026l[?2026h[?25l[A[1Gpulling manifest [K
pulling 667b0c1932bc: 100% ▕██████████████████▏ 4.9 GB                         [K[?25h[?2026l[?2026h[?25l[A[1Gpulling manifest [K
pulling 667b0c1932bc: 100% ▕██████████████████▏ 4.9 GB                         [K[?25h[?2026l[?2026h[?25l[A[1Gpulling manifest [K
pulling 667b0c1932bc: 100% ▕██████████████████▏ 4.9 GB                         [K[?25h[?2026l[?2026h[?25l[A[1Gpulling manifest [K
pulling 667b0c1932bc: 100% ▕██████████████████▏ 4.9 GB                         [K
pulling 948af2743fc7: 100% ▕██████████████████▏ 1.5 KB                         [K[?25h[?2026l[?2026h[?25l[A[A[1Gpulling manifest [K
pulling 667b0c1932bc: 100% ▕██████████████████▏ 4.9 GB                         [K
pulling 948af2743fc7: 100% ▕██████████████████▏ 1.5 KB                         [K[?25h[?2026l[?2026h[?25l[A[A[1Gpulling manifest [K
pulling 667b0c1932bc: 100% ▕██████████████████▏ 4.9 GB                         [K
pulling 948af2743fc7: 100% ▕██████████████████▏ 1.5 KB                         [K[?25h[?2026l[?2026h[?25l[A[A[1Gpulling manifest [K
pulling 667b0c1932bc: 100% ▕██████████████████▏ 4.9 GB                         [K
pulling 948af2743fc7: 100% ▕██████████████████▏ 1.5 KB                         [K[?25h[?2026l[?2026h[?25l[A[A[1Gpulling manifest [K
pulling 667b0c1932bc: 100% ▕██████████████████▏ 4.9 GB                         [K
pulling 948af2743fc7: 100% ▕██████████████████▏ 1.5 KB                         [K[?25h[?2026l[?2026h[?25l[A[A[1Gpulling manifest [K
pulling 667b0c1932bc: 100% ▕██████████████████▏ 4.9 GB                         [K
pulling 948af2743fc7: 100% ▕██████████████████▏ 1.5 KB                         [K[?25h[?2026l[?2026h[?25l[A[A[1Gpulling manifest [K
pulling 667b0c1932bc: 100% ▕██████████████████▏ 4.9 GB                         [K
pulling 948af2743fc7: 100% ▕██████████████████▏ 1.5 KB                         [K[?25h[?2026l[?2026h[?25l[A[A[1Gpulling manifest [K
pulling 667b0c1932bc: 100% ▕██████████████████▏ 4.9 GB                         [K
pulling 948af2743fc7: 100% ▕██████████████████▏ 1.5 KB                         [K[?25h[?2026l[?2026h[?25l[A[A[1Gpulling manifest [K
pulling 667b0c1932bc: 100% ▕██████████████████▏ 4.9 GB                         [K
pulling 948af2743fc7: 100% ▕██████████████████▏ 1.5 KB                         [K[?25h[?2026l[?2026h[?25l[A[A[1Gpulling manifest [K
pulling 667b0c1932bc: 100% ▕██████████████████▏ 4.9 GB                         [K
pulling 948af2743fc7: 100% ▕██████████████████▏ 1.5 KB                         [K[?25h[?2026l[?2026h[?25l[A[A[1Gpulling manifest [K
pulling 667b0c1932bc: 100% ▕██████████████████▏ 4.9 GB                         [K
pulling 948af2743fc7: 100% ▕██████████████████▏ 1.5 KB                         [K[?25h[?2026l[?2026h[?25l[A[A[1Gpulling manifest [K
pulling 667b0c1932bc: 100% ▕██████████████████▏ 4.9 GB                         [K
pulling 948af2743fc7: 100% ▕██████████████████▏ 1.5 KB                         [K[?25h[?2026l[?2026h[?25l[A[A[1Gpulling manifest [K
pulling 667b0c1932bc: 100% ▕██████████████████▏ 4.9 GB                         [K
pulling 948af2743fc7: 100% ▕██████████████████▏ 1.5 KB                         [K
pulling 0ba8f0e314b4: 100% ▕██████████████████▏  12 KB                         [K[?25h[?2026l[?2026h[?25l[A[A[A[1Gpulling manifest [K
pulling 667b0c1932bc: 100% ▕██████████████████▏ 4.9 GB                         [K
pulling 948af2743fc7: 100% ▕██████████████████▏ 1.5 KB                         [K
pulling 0ba8f0e314b4: 100% ▕██████████████████▏  12 KB                         [K[?25h[?2026l[?2026h[?25l[A[A[A[1Gpulling manifest [K
pulling 667b0c1932bc: 100% ▕██████████████████▏ 4.9 GB                         [K
pulling 948af2743fc7: 100% ▕██████████████████▏ 1.5 KB                         [K
pulling 0ba8f0e314b4: 100% ▕██████████████████▏  12 KB                         [K[?25h[?2026l[?2026h[?25l[A[A[A[1Gpulling manifest [K
pulling 667b0c1932bc: 100% ▕██████████████████▏ 4.9 GB                         [K
pulling 948af2743fc7: 100% ▕██████████████████▏ 1.5 KB                         [K
pulling 0ba8f0e314b4: 100% ▕██████████████████▏  12 KB                         [K[?25h[?2026l[?2026h[?25l[A[A[A[1Gpulling manifest [K
pulling 667b0c1932bc: 100% ▕██████████████████▏ 4.9 GB                         [K
pulling 948af2743fc7: 100% ▕██████████████████▏ 1.5 KB                         [K
pulling 0ba8f0e314b4: 100% ▕██████████████████▏  12 KB                         [K[?25h[?2026l[?2026h[?25l[A[A[A[1Gpulling manifest [K
pulling 667b0c1932bc: 100% ▕██████████████████▏ 4.9 GB                         [K
pulling 948af2743fc7: 100% ▕██████████████████▏ 1.5 KB                         [K
pulling 0ba8f0e314b4: 100% ▕██████████████████▏  12 KB                         [K[?25h[?2026l[?2026h[?25l[A[A[A[1Gpulling manifest [K
pulling 667b0c1932bc: 100% ▕██████████████████▏ 4.9 GB                         [K
pulling 948af2743fc7: 100% ▕██████████████████▏ 1.5 KB                         [K
pulling 0ba8f0e314b4: 100% ▕██████████████████▏  12 KB                         [K[?25h[?2026l[?2026h[?25l[A[A[A[1Gpulling manifest [K
pulling 667b0c1932bc: 100% ▕██████████████████▏ 4.9 GB                         [K
pulling 948af2743fc7: 100% ▕██████████████████▏ 1.5 KB                         [K
pulling 0ba8f0e314b4: 100% ▕██████████████████▏  12 KB                         [K[?25h[?2026l[?2026h[?25l[A[A[A[1Gpulling manifest [K
pulling 667b0c1932bc: 100% ▕██████████████████▏ 4.9 GB                         [K
pulling 948af2743fc7: 100% ▕██████████████████▏ 1.5 KB                         [K
pulling 0ba8f0e314b4: 100% ▕██████████████████▏  12 KB                         [K[?25h[?2026l[?2026h[?25l[A[A[A[1Gpulling manifest [K
pulling 667b0c1932bc: 100% ▕██████████████████▏ 4.9 GB                         [K
pulling 948af2743fc7: 100% ▕██████████████████▏ 1.5 KB                         [K
pulling 0ba8f0e314b4: 100% ▕██████████████████▏  12 KB                         [K[?25h[?2026l[?2026h[?25l[A[A[A[1Gpulling manifest [K
pulling 667b0c1932bc: 100% ▕██████████████████▏ 4.9 GB                         [K
pulling 948af2743fc7: 100% ▕██████████████████▏ 1.5 KB                         [K
pulling 0ba8f0e314b4: 100% ▕██████████████████▏  12 KB                         [K[?25h[?2026l[?2026h[?25l[A[A[A[1Gpulling manifest [K
pulling 667b0c1932bc: 100% ▕██████████████████▏ 4.9 GB                         [K
pulling 948af2743fc7: 100% ▕██████████████████▏ 1.5 KB                         [K
pulling 0ba8f0e314b4: 100% ▕██████████████████▏  12 KB                         [K[?25h[?2026l[?2026h[?25l[A[A[A[1Gpulling manifest [K
pulling 667b0c1932bc: 100% ▕██████████████████▏ 4.9 GB                         [K
pulling 948af2743fc7: 100% ▕██████████████████▏ 1.5 KB                         [K
pulling 0ba8f0e314b4: 100% ▕██████████████████▏  12 KB                         [K[?25h[?2026l[?2026h[?25l[A[A[A[1Gpulling manifest [K
pulling 667b0c1932bc: 100% ▕██████████████████▏ 4.9 GB                         [K
pulling 948af2743fc7: 100% ▕██████████████████▏ 1.5 KB                         [K
pulling 0ba8f0e314b4: 100% ▕██████████████████▏  12 KB                         [K
pulling 56bb8bd477a5: 100% ▕██████████████████▏   96 B                         [K[?25h[?2026l[?2026h[?25l[A[A[A[A[1Gpulling manifest [K
pulling 667b0c1932bc: 100% ▕██████████████████▏ 4.9 GB                         [K
pulling 948af2743fc7: 100% ▕██████████████████▏ 1.5 KB                         [K
pulling 0ba8f0e314b4: 100% ▕██████████████████▏  12 KB                         [K
pulling 56bb8bd477a5: 100% ▕██████████████████▏   96 B                         [K[?25h[?2026l[?2026h[?25l[A[A[A[A[1Gpulling manifest [K
pulling 667b0c1932bc: 100% ▕██████████████████▏ 4.9 GB                         [K
pulling 948af2743fc7: 100% ▕██████████████████▏ 1.5 KB                         [K
pulling 0ba8f0e314b4: 100% ▕██████████████████▏  12 KB                         [K
pulling 56bb8bd477a5: 100% ▕██████████████████▏   96 B                         [K[?25h[?2026l[?2026h[?25l[A[A[A[A[1Gpulling manifest [K
pulling 667b0c1932bc: 100% ▕██████████████████▏ 4.9 GB                         [K
pulling 948af2743fc7: 100% ▕██████████████████▏ 1.5 KB                         [K
pulling 0ba8f0e314b4: 100% ▕██████████████████▏  12 KB                         [K
pulling 56bb8bd477a5: 100% ▕██████████████████▏   96 B                         [K[?25h[?2026l[?2026h[?25l[A[A[A[A[1Gpulling manifest [K
pulling 667b0c1932bc: 100% ▕██████████████████▏ 4.9 GB                         [K
pulling 948af2743fc7: 100% ▕██████████████████▏ 1.5 KB                         [K
pulling 0ba8f0e314b4: 100% ▕██████████████████▏  12 KB                         [K
pulling 56bb8bd477a5: 100% ▕██████████████████▏   96 B                         [K[?25h[?2026l[?2026h[?25l[A[A[A[A[1Gpulling manifest [K
pulling 667b0c1932bc: 100% ▕██████████████████▏ 4.9 GB                         [K
pulling 948af2743fc7: 100% ▕██████████████████▏ 1.5 KB                         [K
pulling 0ba8f0e314b4: 100% ▕██████████████████▏  12 KB                         [K
pulling 56bb8bd477a5: 100% ▕██████████████████▏   96 B                         [K[?25h[?2026l[?2026h[?25l[A[A[A[A[1Gpulling manifest [K
pulling 667b0c1932bc: 100% ▕██████████████████▏ 4.9 GB                         [K
pulling 948af2743fc7: 100% ▕██████████████████▏ 1.5 KB                         [K
pulling 0ba8f0e314b4: 100% ▕██████████████████▏  12 KB                         [K
pulling 56bb8bd477a5: 100% ▕██████████████████▏   96 B                         [K[?25h[?2026l[?2026h[?25l[A[A[A[A[1Gpulling manifest [K
pulling 667b0c1932bc: 100% ▕██████████████████▏ 4.9 GB                         [K
pulling 948af2743fc7: 100% ▕██████████████████▏ 1.5 KB                         [K
pulling 0ba8f0e314b4: 100% ▕██████████████████▏  12 KB                         [K
pulling 56bb8bd477a5: 100% ▕██████████████████▏   96 B                         [K[?25h[?2026l[?2026h[?25l[A[A[A[A[1Gpulling manifest [K
pulling 667b0c1932bc: 100% ▕██████████████████▏ 4.9 GB                         [K
pulling 948af2743fc7: 100% ▕██████████████████▏ 1.5 KB                         [K
pulling 0ba8f0e314b4: 100% ▕██████████████████▏  12 KB                         [K
pulling 56bb8bd477a5: 100% ▕██████████████████▏   96 B                         [K[?25h[?2026l[?2026h[?25l[A[A[A[A[1Gpulling manifest [K
pulling 667b0c1932bc: 100% ▕██████████████████▏ 4.9 GB                         [K
pulling 948af2743fc7: 100% ▕██████████████████▏ 1.5 KB                         [K
pulling 0ba8f0e314b4: 100% ▕██████████████████▏  12 KB                         [K
pulling 56bb8bd477a5: 100% ▕██████████████████▏   96 B                         [K[?25h[?2026l[?2026h[?25l[A[A[A[A[1Gpulling manifest [K
pulling 667b0c1932bc: 100% ▕██████████████████▏ 4.9 GB                         [K
pulling 948af2743fc7: 100% ▕██████████████████▏ 1.5 KB                         [K
pulling 0ba8f0e314b4: 100% ▕██████████████████▏  12 KB                         [K
pulling 56bb8bd477a5: 100% ▕██████████████████▏   96 B                         [K[?25h[?2026l[?2026h[?25l[A[A[A[A[1Gpulling manifest [K
pulling 667b0c1932bc: 100% ▕██████████████████▏ 4.9 GB                         [K
pulling 948af2743fc7: 100% ▕██████████████████▏ 1.5 KB                         [K
pulling 0ba8f0e314b4: 100% ▕██████████████████▏  12 KB                         [K
pulling 56bb8bd477a5: 100% ▕██████████████████▏   96 B                         [K[?25h[?2026l[?2026h[?25l[A[A[A[A[1Gpulling manifest [K
pulling 667b0c1932bc: 100% ▕██████████████████▏ 4.9 GB                         [K
pulling 948af2743fc7: 100% ▕██████████████████▏ 1.5 KB                         [K
pulling 0ba8f0e314b4: 100% ▕██████████████████▏  12 KB                         [K
pulling 56bb8bd477a5: 100% ▕██████████████████▏   96 B                         [K[?25h[?2026l[?2026h[?25l[A[A[A[A[1Gpulling manifest [K
pulling 667b0c1932bc: 100% ▕██████████████████▏ 4.9 GB                         [K
pulling 948af2743fc7: 100% ▕██████████████████▏ 1.5 KB                         [K
pulling 0ba8f0e314b4: 100% ▕██████████████████▏  12 KB                         [K
pulling 56bb8bd477a5: 100% ▕██████████████████▏   96 B                         [K[?25h[?2026l[?2026h[?25l[A[A[A[A[1Gpulling manifest [K
pulling 667b0c1932bc: 100% ▕██████████████████▏ 4.9 GB                         [K
pulling 948af2743fc7: 100% ▕██████████████████▏ 1.5 KB                         [K
pulling 0ba8f0e314b4: 100% ▕██████████████████▏  12 KB                         [K
pulling 56bb8bd477a5: 100% ▕██████████████████▏   96 B                         [K
pulling 455f34728c9b: 100% ▕██████████████████▏  487 B                         [K[?25h[?2026l[?2026h[?25l[A[A[A[A[A[1Gpulling manifest [K
pulling 667b0c1932bc: 100% ▕██████████████████▏ 4.9 GB                         [K
pulling 948af2743fc7: 100% ▕██████████████████▏ 1.5 KB                         [K
pulling 0ba8f0e314b4: 100% ▕██████████████████▏  12 KB                         [K
pulling 56bb8bd477a5: 100% ▕██████████████████▏   96 B                         [K
pulling 455f34728c9b: 100% ▕██████████████████▏  487 B                         [K[?25h[?2026l[?2026h[?25l[A[A[A[A[A[1Gpulling manifest [K
pulling 667b0c1932bc: 100% ▕██████████████████▏ 4.9 GB                         [K
pulling 948af2743fc7: 100% ▕██████████████████▏ 1.5 KB                         [K
pulling 0ba8f0e314b4: 100% ▕██████████████████▏  12 KB                         [K
pulling 56bb8bd477a5: 100% ▕██████████████████▏   96 B                         [K
pulling 455f34728c9b: 100% ▕██████████████████▏  487 B                         [K[?25h[?2026l[?2026h[?25l[A[A[A[A[A[1Gpulling manifest [K
pulling 667b0c1932bc: 100% ▕██████████████████▏ 4.9 GB                         [K
pulling 948af2743fc7: 100% ▕██████████████████▏ 1.5 KB                         [K
pulling 0ba8f0e314b4: 100% ▕██████████████████▏  12 KB                         [K
pulling 56bb8bd477a5: 100% ▕██████████████████▏   96 B                         [K
pulling 455f34728c9b: 100% ▕██████████████████▏  487 B                         [K[?25h[?2026l[?2026h[?25l[A[A[A[A[A[1Gpulling manifest [K
pulling 667b0c1932bc: 100% ▕██████████████████▏ 4.9 GB                         [K
pulling 948af2743fc7: 100% ▕██████████████████▏ 1.5 KB                         [K
pulling 0ba8f0e314b4: 100% ▕██████████████████▏  12 KB                         [K
pulling 56bb8bd477a5: 100% ▕██████████████████▏   96 B                         [K
pulling 455f34728c9b: 100% ▕██████████████████▏  487 B                         [K[?25h[?2026l[?2026h[?25l[A[A[A[A[A[1Gpulling manifest [K
pulling 667b0c1932bc: 100% ▕██████████████████▏ 4.9 GB                         [K
pulling 948af2743fc7: 100% ▕██████████████████▏ 1.5 KB                         [K
pulling 0ba8f0e314b4: 100% ▕██████████████████▏  12 KB                         [K
pulling 56bb8bd477a5: 100% ▕██████████████████▏   96 B                         [K
pulling 455f34728c9b: 100% ▕██████████████████▏  487 B                         [K[?25h[?2026l[?2026h[?25l[A[A[A[A[A[1Gpulling manifest [K
pulling 667b0c1932bc: 100% ▕██████████████████▏ 4.9 GB                         [K
pulling 948af2743fc7: 100% ▕██████████████████▏ 1.5 KB                         [K
pulling 0ba8f0e314b4: 100% ▕██████████████████▏  12 KB                         [K
pulling 56bb8bd477a5: 100% ▕██████████████████▏   96 B                         [K
pulling 455f34728c9b: 100% ▕██████████████████▏  487 B                         [K[?25h[?2026l[?2026h[?25l[A[A[A[A[A[1Gpulling manifest [K
pulling 667b0c1932bc: 100% ▕██████████████████▏ 4.9 GB                         [K
pulling 948af2743fc7: 100% ▕██████████████████▏ 1.5 KB                         [K
pulling 0ba8f0e314b4: 100% ▕██████████████████▏  12 KB                         [K
pulling 56bb8bd477a5: 100% ▕██████████████████▏   96 B                         [K
pulling 455f34728c9b: 100% ▕██████████████████▏  487 B                         [K[?25h[?2026l[?2026h[?25l[A[A[A[A[A[1Gpulling manifest [K
pulling 667b0c1932bc: 100% ▕██████████████████▏ 4.9 GB                         [K
pulling 948af2743fc7: 100% ▕██████████████████▏ 1.5 KB                         [K
pulling 0ba8f0e314b4: 100% ▕██████████████████▏  12 KB                         [K
pulling 56bb8bd477a5: 100% ▕██████████████████▏   96 B                         [K
pulling 455f34728c9b: 100% ▕██████████████████▏  487 B                         [K
verifying sha256 digest ⠋ [K[?25h[?2026l[?2026h[?25l[A[A[A[A[A[A[1Gpulling manifest [K
pulling 667b0c1932bc: 100% ▕██████████████████▏ 4.9 GB                         [K
pulling 948af2743fc7: 100% ▕██████████████████▏ 1.5 KB                         [K
pulling 0ba8f0e314b4: 100% ▕██████████████████▏  12 KB                         [K
pulling 56bb8bd477a5: 100% ▕██████████████████▏   96 B                         [K
pulling 455f34728c9b: 100% ▕██████████████████▏  487 B                         [K
verifying sha256 digest ⠙ [K[?25h[?2026l[?2026h[?25l[A[A[A[A[A[A[1Gpulling manifest [K
pulling 667b0c1932bc: 100% ▕██████████████████▏ 4.9 GB                         [K
pulling 948af2743fc7: 100% ▕██████████████████▏ 1.5 KB                         [K
pulling 0ba8f0e314b4: 100% ▕██████████████████▏  12 KB                         [K
pulling 56bb8bd477a5: 100% ▕██████████████████▏   96 B                         [K
pulling 455f34728c9b: 100% ▕██████████████████▏  487 B                         [K
verifying sha256 digest ⠹ [K[?25h[?2026l[?2026h[?25l[A[A[A[A[A[A[1Gpulling manifest [K
pulling 667b0c1932bc: 100% ▕██████████████████▏ 4.9 GB                         [K
pulling 948af2743fc7: 100% ▕██████████████████▏ 1.5 KB                         [K
pulling 0ba8f0e314b4: 100% ▕██████████████████▏  12 KB                         [K
pulling 56bb8bd477a5: 100% ▕██████████████████▏   96 B                         [K
pulling 455f34728c9b: 100% ▕██████████████████▏  487 B                         [K
verifying sha256 digest ⠸ [K[?25h[?2026l[?2026h[?25l[A[A[A[A[A[A[1Gpulling manifest [K
pulling 667b0c1932bc: 100% ▕██████████████████▏ 4.9 GB                         [K
pulling 948af2743fc7: 100% ▕██████████████████▏ 1.5 KB                         [K
pulling 0ba8f0e314b4: 100% ▕██████████████████▏  12 KB                         [K
pulling 56bb8bd477a5: 100% ▕██████████████████▏   96 B                         [K
pulling 455f34728c9b: 100% ▕██████████████████▏  487 B                         [K
verifying sha256 digest ⠼ [K[?25h[?2026l[?2026h[?25l[A[A[A[A[A[A[1Gpulling manifest [K
pulling 667b0c1932bc: 100% ▕██████████████████▏ 4.9 GB                         [K
pulling 948af2743fc7: 100% ▕██████████████████▏ 1.5 KB                         [K
pulling 0ba8f0e314b4: 100% ▕██████████████████▏  12 KB                         [K
pulling 56bb8bd477a5: 100% ▕██████████████████▏   96 B                         [K
pulling 455f34728c9b: 100% ▕██████████████████▏  487 B                         [K
verifying sha256 digest ⠴ [K[?25h[?2026l[?2026h[?25l[A[A[A[A[A[A[1Gpulling manifest [K
pulling 667b0c1932bc: 100% ▕██████████████████▏ 4.9 GB                         [K
pulling 948af2743fc7: 100% ▕██████████████████▏ 1.5 KB                         [K
pulling 0ba8f0e314b4: 100% ▕██████████████████▏  12 KB                         [K
pulling 56bb8bd477a5: 100% ▕██████████████████▏   96 B                         [K
pulling 455f34728c9b: 100% ▕██████████████████▏  487 B                         [K
verifying sha256 digest ⠦ [K[?25h[?2026l[?2026h[?25l[A[A[A[A[A[A[1Gpulling manifest [K
pulling 667b0c1932bc: 100% ▕██████████████████▏ 4.9 GB                         [K
pulling 948af2743fc7: 100% ▕██████████████████▏ 1.5 KB                         [K
pulling 0ba8f0e314b4: 100% ▕██████████████████▏  12 KB                         [K
pulling 56bb8bd477a5: 100% ▕██████████████████▏   96 B                         [K
pulling 455f34728c9b: 100% ▕██████████████████▏  487 B                         [K
verifying sha256 digest ⠧ [K[?25h[?2026l[?2026h[?25l[A[A[A[A[A[A[1Gpulling manifest [K
pulling 667b0c1932bc: 100% ▕██████████████████▏ 4.9 GB                         [K
pulling 948af2743fc7: 100% ▕██████████████████▏ 1.5 KB                         [K
pulling 0ba8f0e314b4: 100% ▕██████████████████▏  12 KB                         [K
pulling 56bb8bd477a5: 100% ▕██████████████████▏   96 B                         [K
pulling 455f34728c9b: 100% ▕██████████████████▏  487 B                         [K
verifying sha256 digest ⠇ [K[?25h[?2026l[?2026h[?25l[A[A[A[A[A[A[1Gpulling manifest [K
pulling 667b0c1932bc: 100% ▕██████████████████▏ 4.9 GB                         [K
pulling 948af2743fc7: 100% ▕██████████████████▏ 1.5 KB                         [K
pulling 0ba8f0e314b4: 100% ▕██████████████████▏  12 KB                         [K
pulling 56bb8bd477a5: 100% ▕██████████████████▏   96 B                         [K
pulling 455f34728c9b: 100% ▕██████████████████▏  487 B                         [K
verifying sha256 digest ⠏ [K[?25h[?2026l[?2026h[?25l[A[A[A[A[A[A[1Gpulling manifest [K
pulling 667b0c1932bc: 100% ▕██████████████████▏ 4.9 GB                         [K
pulling 948af2743fc7: 100% ▕██████████████████▏ 1.5 KB                         [K
pulling 0ba8f0e314b4: 100% ▕██████████████████▏  12 KB                         [K
pulling 56bb8bd477a5: 100% ▕██████████████████▏   96 B                         [K
pulling 455f34728c9b: 100% ▕██████████████████▏  487 B                         [K
verifying sha256 digest ⠋ [K[?25h[?2026l[?2026h[?25l[A[A[A[A[A[A[1Gpulling manifest [K
pulling 667b0c1932bc: 100% ▕██████████████████▏ 4.9 GB                         [K
pulling 948af2743fc7: 100% ▕██████████████████▏ 1.5 KB                         [K
pulling 0ba8f0e314b4: 100% ▕██████████████████▏  12 KB                         [K
pulling 56bb8bd477a5: 100% ▕██████████████████▏   96 B                         [K
pulling 455f34728c9b: 100% ▕██████████████████▏  487 B                         [K
verifying sha256 digest ⠙ [K[?25h[?2026l[?2026h[?25l[A[A[A[A[A[A[1Gpulling manifest [K
pulling 667b0c1932bc: 100% ▕██████████████████▏ 4.9 GB                         [K
pulling 948af2743fc7: 100% ▕██████████████████▏ 1.5 KB                         [K
pulling 0ba8f0e314b4: 100% ▕██████████████████▏  12 KB                         [K
pulling 56bb8bd477a5: 100% ▕██████████████████▏   96 B                         [K
pulling 455f34728c9b: 100% ▕██████████████████▏  487 B                         [K
verifying sha256 digest ⠹ [K[?25h[?2026l[?2026h[?25l[A[A[A[A[A[A[1Gpulling manifest [K
pulling 667b0c1932bc: 100% ▕██████████████████▏ 4.9 GB                         [K
pulling 948af2743fc7: 100% ▕██████████████████▏ 1.5 KB                         [K
pulling 0ba8f0e314b4: 100% ▕██████████████████▏  12 KB                         [K
pulling 56bb8bd477a5: 100% ▕██████████████████▏   96 B                         [K
pulling 455f34728c9b: 100% ▕██████████████████▏  487 B                         [K
verifying sha256 digest ⠸ [K[?25h[?2026l[?2026h[?25l[A[A[A[A[A[A[1Gpulling manifest [K
pulling 667b0c1932bc: 100% ▕██████████████████▏ 4.9 GB                         [K
pulling 948af2743fc7: 100% ▕██████████████████▏ 1.5 KB                         [K
pulling 0ba8f0e314b4: 100% ▕██████████████████▏  12 KB                         [K
pulling 56bb8bd477a5: 100% ▕██████████████████▏   96 B                         [K
pulling 455f34728c9b: 100% ▕██████████████████▏  487 B                         [K
verifying sha256 digest ⠼ [K[?25h[?2026l[?2026h[?25l[A[A[A[A[A[A[1Gpulling manifest [K
pulling 667b0c1932bc: 100% ▕██████████████████▏ 4.9 GB                         [K
pulling 948af2743fc7: 100% ▕██████████████████▏ 1.5 KB                         [K
pulling 0ba8f0e314b4: 100% ▕██████████████████▏  12 KB                         [K
pulling 56bb8bd477a5: 100% ▕██████████████████▏   96 B                         [K
pulling 455f34728c9b: 100% ▕██████████████████▏  487 B                         [K
verifying sha256 digest ⠴ [K[?25h[?2026l[?2026h[?25l[A[A[A[A[A[A[1Gpulling manifest [K
pulling 667b0c1932bc: 100% ▕██████████████████▏ 4.9 GB                         [K
pulling 948af2743fc7: 100% ▕██████████████████▏ 1.5 KB                         [K
pulling 0ba8f0e314b4: 100% ▕██████████████████▏  12 KB                         [K
pulling 56bb8bd477a5: 100% ▕██████████████████▏   96 B                         [K
pulling 455f34728c9b: 100% ▕██████████████████▏  487 B                         [K
verifying sha256 digest ⠦ [K[?25h[?2026l[?2026h[?25l[A[A[A[A[A[A[1Gpulling manifest [K
pulling 667b0c1932bc: 100% ▕██████████████████▏ 4.9 GB                         [K
pulling 948af2743fc7: 100% ▕██████████████████▏ 1.5 KB                         [K
pulling 0ba8f0e314b4: 100% ▕██████████████████▏  12 KB                         [K
pulling 56bb8bd477a5: 100% ▕██████████████████▏   96 B                         [K
pulling 455f34728c9b: 100% ▕██████████████████▏  487 B                         [K
verifying sha256 digest ⠧ [K[?25h[?2026l[?2026h[?25l[A[A[A[A[A[A[1Gpulling manifest [K
pulling 667b0c1932bc: 100% ▕██████████████████▏ 4.9 GB                         [K
pulling 948af2743fc7: 100% ▕██████████████████▏ 1.5 KB                         [K
pulling 0ba8f0e314b4: 100% ▕██████████████████▏  12 KB                         [K
pulling 56bb8bd477a5: 100% ▕██████████████████▏   96 B                         [K
pulling 455f34728c9b: 100% ▕██████████████████▏  487 B                         [K
verifying sha256 digest ⠇ [K[?25h[?2026l[?2026h[?25l[A[A[A[A[A[A[1Gpulling manifest [K
pulling 667b0c1932bc: 100% ▕██████████████████▏ 4.9 GB                         [K
pulling 948af2743fc7: 100% ▕██████████████████▏ 1.5 KB                         [K
pulling 0ba8f0e314b4: 100% ▕██████████████████▏  12 KB                         [K
pulling 56bb8bd477a5: 100% ▕██████████████████▏   96 B                         [K
pulling 455f34728c9b: 100% ▕██████████████████▏  487 B                         [K
verifying sha256 digest ⠏ [K[?25h[?2026l[?2026h[?25l[A[A[A[A[A[A[1Gpulling manifest [K
pulling 667b0c1932bc: 100% ▕██████████████████▏ 4.9 GB                         [K
pulling 948af2743fc7: 100% ▕██████████████████▏ 1.5 KB                         [K
pulling 0ba8f0e314b4: 100% ▕██████████████████▏  12 KB                         [K
pulling 56bb8bd477a5: 100% ▕██████████████████▏   96 B                         [K
pulling 455f34728c9b: 100% ▕██████████████████▏  487 B                         [K
verifying sha256 digest ⠋ [K[?25h[?2026l[?2026h[?25l[A[A[A[A[A[A[1Gpulling manifest [K
pulling 667b0c1932bc: 100% ▕██████████████████▏ 4.9 GB                         [K
pulling 948af2743fc7: 100% ▕██████████████████▏ 1.5 KB                         [K
pulling 0ba8f0e314b4: 100% ▕██████████████████▏  12 KB                         [K
pulling 56bb8bd477a5: 100% ▕██████████████████▏   96 B                         [K
pulling 455f34728c9b: 100% ▕██████████████████▏  487 B                         [K
verifying sha256 digest [K
writing manifest [K
success [K[?25h[?2026l
OK llama3.1:8b
=== ALL PULLS DONE @ 17:16:38 ===
NAME           ID              SIZE      MODIFIED               
llama3.1:8b    46e0c10c039e    4.9 GB    Less than a second ago    
gemma3:12b     f4031aab637d    8.1 GB    46 seconds ago            
phi4:latest    ac896e5b8b34    9.1 GB    About a minute ago        
